תאריך,יום,בעלים,ערוץ,טור,לקוח / משימה,דלי,מהלך,ארכיטיפ,אזור,יום מסלול,מוצר מוביל,SKU,חלופות,מוטיב,חומר שיווקי,הזדמנות/שנה,מחזור 12ח׳,חור מוזה,תקרת שחזור,וואטסאפ,פתיחה,הסגירה,למה היום,תוצאה (זכה / לא עכשיו / לא ענה / סירב),תאריך תוצאה
2026-09-01,שלישי,תום,משימת מערכת,משימת מערכת,להזמין ייצור FRESH ו-DETOX — שניהם מלאי 0,—,—,,,,,,,,,,,,,,,,"79 חשבונות ו-₪490,702 הזדמנות תלויים בהם. החוסם התפעולי מספר 1",,
2026-09-01,שלישי,תום,משימת מערכת,משימת מערכת,לאשר את מפת המעבר ממוזה — M1/M2/M3,—,—,,,,,,,,,,,,,,,,"₪143,891 תקרת שחזור, לא ₪192,147",,
2026-09-02,רביעי,אבי,משימת מערכת,משימת מערכת,לקרוא את הספר: 15 פגישות משותפות + 22 שיחות,—,—,,,,,,,,,,,,,,,,הכל בדשבורד,,
2026-09-02,רביעי,תום,משימת מערכת,משימת מערכת,להכריע: GTCC-NM-SAN-3.85L — שלנו או של נונומימי?,—,—,,,,,,,,,,,,,,,,3 שורות הזדמנות תלויות בזה,,
2026-09-03,חמישי,אלכס,משימת מערכת,משימת מערכת,לקרוא את 15 החשבונות לפגישות המשותפות,—,—,,,,,,,,,,,,,,,,"₪1,450,872 מחזור · ₪356,537 הזדמנות",,
2026-09-03,חמישי,תום,משימת מערכת,משימת מערכת,לשלוח לאלכס ואבי את הדשבורד,—,—,,,,,,,,,,,,,,,,§6.F,,
2026-09-06,ראשון,תום,משימת מערכת,משימת מערכת,כרטיסי הגשה FRESH/CALM — לאשר את המתכונים,—,—,,,,,,,,,,,,,,,,הקולטרל של M1 ו-M2. בלעדיו אין מה לשלוח,,
2026-09-06,ראשון,תום,משימת מערכת,משימת מערכת,לוח התוצאות השבועי — q4_scoreboard.py,—,—,,,,,,,,,,,,,,,,נקרא עם תמונת התזרים של ראשון,,
2026-09-07,שני,אבי,שיחה — אבי,שיחה 1,בוטיק סנטרל,T2,החלפת מוזה,תה בלבד,מרכז,ראשון/שני/חמישי,CALM 1 ל׳ ₪65,GT-CHA-LOW-1L,FRESH 1 ל׳ ₪65 ⚠מלאי0 · סנגריה ורודה 1 ל׳ ₪45,"M1 אותו בקבוק, תפריט ערב · M3 סנגריה ורודה",כרטיסי הגשה FRESH/CALM · מפת המעבר ממוזה · דף סנגריה ורודה,71,21918,71,57,"היי בוטיק סנטרל, מוזה ירדה אצלנו מהקו — גם הקוקטיילים וגם המיקסרים. אתם הייתם על ₪71 בשנה. הדבר הכי פשוט: התרכיז שכבר אצלכם עובד גם כבסיס קוקטייל בערב — 50 מ״ל, ואתם מוסיפים את האלכוהול. לשלוח כרטיס הגשה? כן/לא","עד עכשיו הזמנתם מוזה — ₪71 בשנה. הוצאנו את הקו, ואני לא רוצה שתישארו בלי משקה ערב. אבל אתם כבר קונים את התרכיז שלנו — ואותו בקבוק בדיוק הוא בסיס הקוקטייל.","אני שולח כרטיס הגשה, ומוסיף עוד תרכיז למשלוח הקרוב כדי שיהיה מספיק לשני חלקי התפריט. אפס מוצר חדש, אפס מדף חדש.",,,
2026-09-07,שני,אלכס+אבי,פגישה — אלכס + אבי,פגישה משותפת,נונומימי,T1,החלפת מוזה,מעורב,מרכז,ראשון/שני/חמישי,סנגריה נונומימי ₪38,GTCC-NON-SAN-1L,,M3 סנגריה ורודה,כרטיסי הגשה FRESH/CALM · מפת המעבר ממוזה · דף סנגריה ורודה,72279,505061,27705,12902,"היי נונומימי, מוזה ירדה אצלנו מהקו — אנחנו כבר לא מוכרים אותה. אתם הייתם על ₪27,705 בשנה. להכניס את הסנגריה שלכם במקום, במשלוח הקרוב? כן/לא","עד עכשיו הזמנתם מוזה — ₪27,705 ב-12 החודשים האחרונים. הוצאנו את הקו מהחברה, ואני לא רוצה שתישארו בלי משקה על התפריט.","אני מוסיף את הסנגריה שלכם למשלוח הקרוב, במקום מוזה. אותה עגלה, אותו מקרר, בלי שינוי אחר בהזמנה.",מוזה — חלל פעיל בתפריט,,
2026-09-07,שני,תום,וואטסאפ — תום,וואטסאפ 1,"הרואה בקפה בע""מ",T3,החלפת מוזה,מעורב,צפון,שלישי,CALM 1 ל׳ ₪65,GT-CHA-LOW-1L,FRESH 1 ל׳ ₪65 ⚠מלאי0 · סנגריה ורודה 1 ל׳ ₪45,M2 מיקסר במקום קוקטייל · M3 סנגריה ורודה,כרטיסי הגשה FRESH/CALM · מפת המעבר ממוזה · דף סנגריה ורודה,19500,14578,13200,10515,"היי הרואה בקפה בע""מ, מוזה ירדה אצלנו מהקו — גם הקוקטיילים וגם המיקסרים. אתם הייתם על ₪13,200 בשנה. במקום: תרכיז GT כבסיס קוקטייל — ₪65 לליטר, 20 מנות, אתם מוסיפים את האלכוהול שלכם. יוצא food cost נמוך יותר ממה שהיה לכם עם מוזה. לשלוח כרטיס הגשה? כן/לא","עד עכשיו הזמנתם מוזה — ₪13,200 בשנה. הוצאנו את הקו. במקום קוקטייל מוכן אני מציע לכם את הבסיס: תרכיז GT, 50 מ״ל למנה, והבר מוסיף את האלכוהול שלו.","אני מוסיף תרכיז למשלוח הקרוב ושולח כרטיס הגשה. ליטר ב-₪65 נותן 20 מנות — עלות מזיגה ₪10 מול ₪13 שהיו לכם, ואותו בקבוק משרת גם את תפריט התה וגם אפס-אלכוהול.",מוזה — חלל פעיל בתפריט,,
2026-09-07,שני,תום,וואטסאפ — תום,וואטסאפ 1,"מתחם האוכל אפרת בע""מ",T3,החלפת מוזה,תה בלבד,דרום,רביעי,CALM 1 ל׳ ₪65,GT-CHA-LOW-1L,FRESH 1 ל׳ ₪65 ⚠מלאי0 · סנגריה ורודה 1 ל׳ ₪45,"M1 אותו בקבוק, תפריט ערב · M3 סנגריה ורודה",כרטיסי הגשה FRESH/CALM · מפת המעבר ממוזה · דף סנגריה ורודה,5783,5516,4886,3892,"היי מתחם האוכל אפרת בע""מ, מוזה ירדה אצלנו מהקו — גם הקוקטיילים וגם המיקסרים. אתם הייתם על ₪4,886 בשנה. הדבר הכי פשוט: התרכיז שכבר אצלכם עובד גם כבסיס קוקטייל בערב — 50 מ״ל, ואתם מוסיפים את האלכוהול. לשלוח כרטיס הגשה? כן/לא","עד עכשיו הזמנתם מוזה — ₪4,886 בשנה. הוצאנו את הקו, ואני לא רוצה שתישארו בלי משקה ערב. אבל אתם כבר קונים את התרכיז שלנו — ואותו בקבוק בדיוק הוא בסיס הקוקטייל.","אני שולח כרטיס הגשה, ומוסיף עוד תרכיז למשלוח הקרוב כדי שיהיה מספיק לשני חלקי התפריט. אפס מוצר חדש, אפס מדף חדש.",מוזה — חלל פעיל בתפריט,,
2026-09-07,שני,תום,וואטסאפ — תום,וואטסאפ 1,"סינמה טייק וואן בע""מ (קפה טופול)",T3,החלפת מוזה,מעורב,מרכז,ראשון/שני/חמישי,CALM 1 ל׳ ₪65,GT-CHA-LOW-1L,FRESH 1 ל׳ ₪65 ⚠מלאי0 · סנגריה ורודה 1 ל׳ ₪45,M2 מיקסר במקום קוקטייל · M3 סנגריה ורודה,כרטיסי הגשה FRESH/CALM · מפת המעבר ממוזה · דף סנגריה ורודה,4722,6117,3366,2681,"היי סינמה טייק וואן בע""מ (קפה טופול), מוזה ירדה אצלנו מהקו — גם הקוקטיילים וגם המיקסרים. אתם הייתם על ₪3,366 בשנה. במקום: תרכיז GT כבסיס קוקטייל — ₪65 לליטר, 20 מנות, אתם מוסיפים את האלכוהול שלכם. יוצא food cost נמוך יותר ממה שהיה לכם עם מוזה. לשלוח כרטיס הגשה? כן/לא","עד עכשיו הזמנתם מוזה — ₪3,366 בשנה. הוצאנו את הקו. במקום קוקטייל מוכן אני מציע לכם את הבסיס: תרכיז GT, 50 מ״ל למנה, והבר מוסיף את האלכוהול שלו.","אני מוסיף תרכיז למשלוח הקרוב ושולח כרטיס הגשה. ליטר ב-₪65 נותן 20 מנות — עלות מזיגה ₪10 מול ₪13 שהיו לכם, ואותו בקבוק משרת גם את תפריט התה וגם אפס-אלכוהול.",מוזה — חלל פעיל בתפריט,,
2026-09-07,שני,תום,וואטסאפ — תום,וואטסאפ 1,"קפה ללה (שירי ביסטרו בע""מ)",T3,החלפת מוזה,ספיישלטי,צפון,שלישי,CALM 1 ל׳ ₪65,GT-CHA-LOW-1L,FRESH 1 ל׳ ₪65 ⚠מלאי0 · סנגריה ורודה 1 ל׳ ₪45,"M1 אותו בקבוק, תפריט ערב · M3 סנגריה ורודה",כרטיסי הגשה FRESH/CALM · מפת המעבר ממוזה · דף סנגריה ורודה,4207,8714,2380,1896,"היי קפה ללה (שירי ביסטרו בע""מ), מוזה ירדה אצלנו מהקו — גם הקוקטיילים וגם המיקסרים. אתם הייתם על ₪2,380 בשנה. הדבר הכי פשוט: התרכיז שכבר אצלכם עובד גם כבסיס קוקטייל בערב — 50 מ״ל, ואתם מוסיפים את האלכוהול. לשלוח כרטיס הגשה? כן/לא","עד עכשיו הזמנתם מוזה — ₪2,380 בשנה. הוצאנו את הקו, ואני לא רוצה שתישארו בלי משקה ערב. אבל אתם כבר קונים את התרכיז שלנו — ואותו בקבוק בדיוק הוא בסיס הקוקטייל.","אני שולח כרטיס הגשה, ומוסיף עוד תרכיז למשלוח הקרוב כדי שיהיה מספיק לשני חלקי התפריט. אפס מוצר חדש, אפס מדף חדש.",מוזה — חלל פעיל בתפריט,,
2026-09-07,שני,תום,וואטסאפ — תום,וואטסאפ 1,הרואה 39,T3,החלפת מוזה,ספיישלטי,מרכז,ראשון/שני/חמישי,CALM 1 ל׳ ₪65,GT-CHA-LOW-1L,FRESH 1 ל׳ ₪65 ⚠מלאי0 · סנגריה ורודה 1 ל׳ ₪45,"M1 אותו בקבוק, תפריט ערב · M3 סנגריה ורודה",כרטיסי הגשה FRESH/CALM · מפת המעבר ממוזה · דף סנגריה ורודה,3925,2045,3925,3127,"היי הרואה 39, מוזה ירדה אצלנו מהקו — גם הקוקטיילים וגם המיקסרים. אתם הייתם על ₪3,925 בשנה. הדבר הכי פשוט: התרכיז שכבר אצלכם עובד גם כבסיס קוקטייל בערב — 50 מ״ל, ואתם מוסיפים את האלכוהול. לשלוח כרטיס הגשה? כן/לא","עד עכשיו הזמנתם מוזה — ₪3,925 בשנה. הוצאנו את הקו, ואני לא רוצה שתישארו בלי משקה ערב. אבל אתם כבר קונים את התרכיז שלנו — ואותו בקבוק בדיוק הוא בסיס הקוקטייל.","אני שולח כרטיס הגשה, ומוסיף עוד תרכיז למשלוח הקרוב כדי שיהיה מספיק לשני חלקי התפריט. אפס מוצר חדש, אפס מדף חדש.",מוזה — חלל פעיל בתפריט,,
2026-09-07,שני,תום,וואטסאפ — תום,וואטסאפ 1,איטאלי,T3,החלפת מוזה,מעורב,מרכז,ראשון/שני/חמישי,CALM 1 ל׳ ₪65,GT-CHA-LOW-1L,FRESH 1 ל׳ ₪65 ⚠מלאי0 · סנגריה ורודה 1 ל׳ ₪45,M2 מיקסר במקום קוקטייל · M3 סנגריה ורודה,כרטיסי הגשה FRESH/CALM · מפת המעבר ממוזה · דף סנגריה ורודה,3208,159,3208,2555,"היי איטאלי, מוזה ירדה אצלנו מהקו — גם הקוקטיילים וגם המיקסרים. אתם הייתם על ₪3,208 בשנה. במקום: תרכיז GT כבסיס קוקטייל — ₪65 לליטר, 20 מנות, אתם מוסיפים את האלכוהול שלכם. יוצא food cost נמוך יותר ממה שהיה לכם עם מוזה. לשלוח כרטיס הגשה? כן/לא","עד עכשיו הזמנתם מוזה — ₪3,208 בשנה. הוצאנו את הקו. במקום קוקטייל מוכן אני מציע לכם את הבסיס: תרכיז GT, 50 מ״ל למנה, והבר מוסיף את האלכוהול שלו.","אני מוסיף תרכיז למשלוח הקרוב ושולח כרטיס הגשה. ליטר ב-₪65 נותן 20 מנות — עלות מזיגה ₪10 מול ₪13 שהיו לכם, ואותו בקבוק משרת גם את תפריט התה וגם אפס-אלכוהול.",מוזה — חלל פעיל בתפריט,,
2026-09-07,שני,תום,וואטסאפ — תום,וואטסאפ 1,"גפאן בית שמש (ואי.אמ.די מסעדות בע""מ)",T3,החלפת מוזה,תה בלבד,דרום,רביעי,CALM 1 ל׳ ₪65,GT-CHA-LOW-1L,FRESH 1 ל׳ ₪65 ⚠מלאי0 · סנגריה ורודה 1 ל׳ ₪45,"M1 אותו בקבוק, תפריט ערב · M3 סנגריה ורודה",כרטיסי הגשה FRESH/CALM · מפת המעבר ממוזה · דף סנגריה ורודה,2824,453,2824,2250,"היי גפאן בית שמש (ואי.אמ.די מסעדות בע""מ), מוזה ירדה אצלנו מהקו — גם הקוקטיילים וגם המיקסרים. אתם הייתם על ₪2,824 בשנה. הדבר הכי פשוט: התרכיז שכבר אצלכם עובד גם כבסיס קוקטייל בערב — 50 מ״ל, ואתם מוסיפים את האלכוהול. לשלוח כרטיס הגשה? כן/לא","עד עכשיו הזמנתם מוזה — ₪2,824 בשנה. הוצאנו את הקו, ואני לא רוצה שתישארו בלי משקה ערב. אבל אתם כבר קונים את התרכיז שלנו — ואותו בקבוק בדיוק הוא בסיס הקוקטייל.","אני שולח כרטיס הגשה, ומוסיף עוד תרכיז למשלוח הקרוב כדי שיהיה מספיק לשני חלקי התפריט. אפס מוצר חדש, אפס מדף חדש.",מוזה — חלל פעיל בתפריט,,
2026-09-07,שני,תום,וואטסאפ — תום,וואטסאפ 1,"ליבי פטיסרי בע""מ (קונדיטוריית ליבי)",T3,החלפת מוזה,תה בלבד,צפון,שלישי,CALM 1 ל׳ ₪65,GT-CHA-LOW-1L,FRESH 1 ל׳ ₪65 ⚠מלאי0 · סנגריה ורודה 1 ל׳ ₪45,"M1 אותו בקבוק, תפריט ערב · M3 סנגריה ורודה",כרטיסי הגשה FRESH/CALM · מפת המעבר ממוזה · דף סנגריה ורודה,2547,6293,1958,1560,"היי ליבי פטיסרי בע""מ (קונדיטוריית ליבי), מוזה ירדה אצלנו מהקו — גם הקוקטיילים וגם המיקסרים. אתם הייתם על ₪1,958 בשנה. הדבר הכי פשוט: התרכיז שכבר אצלכם עובד גם כבסיס קוקטייל בערב — 50 מ״ל, ואתם מוסיפים את האלכוהול. לשלוח כרטיס הגשה? כן/לא","עד עכשיו הזמנתם מוזה — ₪1,958 בשנה. הוצאנו את הקו, ואני לא רוצה שתישארו בלי משקה ערב. אבל אתם כבר קונים את התרכיז שלנו — ואותו בקבוק בדיוק הוא בסיס הקוקטייל.","אני שולח כרטיס הגשה, ומוסיף עוד תרכיז למשלוח הקרוב כדי שיהיה מספיק לשני חלקי התפריט. אפס מוצר חדש, אפס מדף חדש.",מוזה — חלל פעיל בתפריט,,
2026-09-07,שני,תום,וואטסאפ — תום,וואטסאפ 1,קפה גינה,T3,החלפת מוזה,ספיישלטי,מרכז,ראשון/שני/חמישי,CALM 1 ל׳ ₪65,GT-CHA-LOW-1L,FRESH 1 ל׳ ₪65 ⚠מלאי0 · סנגריה ורודה 1 ל׳ ₪45,"M1 אותו בקבוק, תפריט ערב · M3 סנגריה ורודה",כרטיסי הגשה FRESH/CALM · מפת המעבר ממוזה · דף סנגריה ורודה,1665,9409,576,459,"היי קפה גינה, מוזה ירדה אצלנו מהקו — גם הקוקטיילים וגם המיקסרים. אתם הייתם על ₪576 בשנה. הדבר הכי פשוט: התרכיז שכבר אצלכם עובד גם כבסיס קוקטייל בערב — 50 מ״ל, ואתם מוסיפים את האלכוהול. לשלוח כרטיס הגשה? כן/לא","עד עכשיו הזמנתם מוזה — ₪576 בשנה. הוצאנו את הקו, ואני לא רוצה שתישארו בלי משקה ערב. אבל אתם כבר קונים את התרכיז שלנו — ואותו בקבוק בדיוק הוא בסיס הקוקטייל.","אני שולח כרטיס הגשה, ומוסיף עוד תרכיז למשלוח הקרוב כדי שיהיה מספיק לשני חלקי התפריט. אפס מוצר חדש, אפס מדף חדש.",מוזה — חלל פעיל בתפריט,,
2026-09-07,שני,תום,וואטסאפ — תום,וואטסאפ 1,אתנחתא אכזיב,T3,החלפת מוזה,ספיישלטי,צפון,שלישי,CALM 1 ל׳ ₪65,GT-CHA-LOW-1L,FRESH 1 ל׳ ₪65 ⚠מלאי0 · סנגריה ורודה 1 ל׳ ₪45,"M1 אותו בקבוק, תפריט ערב · M3 סנגריה ורודה",כרטיסי הגשה FRESH/CALM · מפת המעבר ממוזה · דף סנגריה ורודה,1459,4899,1459,1162,"היי אתנחתא אכזיב, מוזה ירדה אצלנו מהקו — גם הקוקטיילים וגם המיקסרים. אתם הייתם על ₪1,459 בשנה. הדבר הכי פשוט: התרכיז שכבר אצלכם עובד גם כבסיס קוקטייל בערב — 50 מ״ל, ואתם מוסיפים את האלכוהול. לשלוח כרטיס הגשה? כן/לא","עד עכשיו הזמנתם מוזה — ₪1,459 בשנה. הוצאנו את הקו, ואני לא רוצה שתישארו בלי משקה ערב. אבל אתם כבר קונים את התרכיז שלנו — ואותו בקבוק בדיוק הוא בסיס הקוקטייל.","אני שולח כרטיס הגשה, ומוסיף עוד תרכיז למשלוח הקרוב כדי שיהיה מספיק לשני חלקי התפריט. אפס מוצר חדש, אפס מדף חדש.",מוזה — חלל פעיל בתפריט,,
2026-09-07,שני,תום,משימת מערכת,משימת מערכת,דף סנגריה ורודה — לאשר,—,—,,,,,,,,,,,,,,,,הקולטרל של M3,,
2026-09-08,שלישי,אבי,משימת מערכת,משימת מערכת,לכידת טלפונים — מנה 1 (10 חשבונות),—,—,,,,,,,,,,,,,,,,"מ-Green Invoice, מסירות LionWheel ורשומות ההזמנה. 0 מתוך 153 בשופיפיי",,
2026-09-08,שלישי,תום,וואטסאפ — תום,וואטסאפ 1,ג'חנון בכפר (פופ אפ בייקרי),T3,החלפת מוזה,מעורב,מרכז,ראשון/שני/חמישי,CALM 1 ל׳ ₪65,GT-CHA-LOW-1L,FRESH 1 ל׳ ₪65 ⚠מלאי0 · סנגריה ורודה 1 ל׳ ₪45,M2 מיקסר במקום קוקטייל · M3 סנגריה ורודה,כרטיסי הגשה FRESH/CALM · מפת המעבר ממוזה · דף סנגריה ורודה,880,,880,701,"היי ג'חנון בכפר (פופ אפ בייקרי), מוזה ירדה אצלנו מהקו — גם הקוקטיילים וגם המיקסרים. אתם הייתם על ₪880 בשנה. במקום: תרכיז GT כבסיס קוקטייל — ₪65 לליטר, 20 מנות, אתם מוסיפים את האלכוהול שלכם. יוצא food cost נמוך יותר ממה שהיה לכם עם מוזה. לשלוח כרטיס הגשה? כן/לא","עד עכשיו הזמנתם מוזה — ₪880 בשנה. הוצאנו את הקו. במקום קוקטייל מוכן אני מציע לכם את הבסיס: תרכיז GT, 50 מ״ל למנה, והבר מוסיף את האלכוהול שלו.","אני מוסיף תרכיז למשלוח הקרוב ושולח כרטיס הגשה. ליטר ב-₪65 נותן 20 מנות — עלות מזיגה ₪10 מול ₪13 שהיו לכם, ואותו בקבוק משרת גם את תפריט התה וגם אפס-אלכוהול.",מוזה — חלל פעיל בתפריט,,
2026-09-08,שלישי,תום,וואטסאפ — תום,וואטסאפ 1,גפן דלי (ע״מ גפן מעדניות),T3,החלפת מוזה,ספיישלטי,מרכז,ראשון/שני/חמישי,CALM 1 ל׳ ₪65,GT-CHA-LOW-1L,FRESH 1 ל׳ ₪65 ⚠מלאי0 · סנגריה ורודה 1 ל׳ ₪45,"M1 אותו בקבוק, תפריט ערב · M3 סנגריה ורודה",כרטיסי הגשה FRESH/CALM · מפת המעבר ממוזה · דף סנגריה ורודה,864,5779,864,688,"היי גפן דלי (ע״מ גפן מעדניות), מוזה ירדה אצלנו מהקו — גם הקוקטיילים וגם המיקסרים. אתם הייתם על ₪864 בשנה. הדבר הכי פשוט: התרכיז שכבר אצלכם עובד גם כבסיס קוקטייל בערב — 50 מ״ל, ואתם מוסיפים את האלכוהול. לשלוח כרטיס הגשה? כן/לא","עד עכשיו הזמנתם מוזה — ₪864 בשנה. הוצאנו את הקו, ואני לא רוצה שתישארו בלי משקה ערב. אבל אתם כבר קונים את התרכיז שלנו — ואותו בקבוק בדיוק הוא בסיס הקוקטייל.","אני שולח כרטיס הגשה, ומוסיף עוד תרכיז למשלוח הקרוב כדי שיהיה מספיק לשני חלקי התפריט. אפס מוצר חדש, אפס מדף חדש.",מוזה — חלל פעיל בתפריט,,
2026-09-08,שלישי,תום,משימת מערכת,משימת מערכת,דף ציוד אבקות + תבנית רשתות — לאשר,—,—,,,,,,,,,,,,,,,,נבנו 31/08,,
2026-09-09,רביעי,אבי,משימת מערכת,משימת מערכת,לכידת טלפונים — מנה 2 (10 חשבונות),—,—,,,,,,,,,,,,,,,,"מ-Green Invoice, מסירות LionWheel ורשומות ההזמנה. 0 מתוך 153 בשופיפיי",,
2026-09-09,רביעי,אלכס,משימת מערכת,משימת מערכת,13:00 עם תום — 10 דקות על היעדים,—,—,,,,,,,,,,,,,,,,בפגישה שכבר קיימת,,
2026-09-09,רביעי,תום,משימת מערכת,משימת מערכת,בלוקים ביומן לשלושתנו,—,—,,,,,,,,,,,,,,,,D8,,
2026-09-10,חמישי,אבי,פגישה — אלכס + אבי,מעקב 1 — אבי,נונומימי,T1,החלפת מוזה,מעורב,מרכז,ראשון/שני/חמישי,סנגריה נונומימי ₪38,GTCC-NON-SAN-1L,,M3 סנגריה ורודה,כרטיסי הגשה FRESH/CALM · מפת המעבר ממוזה · דף סנגריה ורודה,72279,505061,27705,12902,,,"אני מוסיף את הסנגריה שלכם למשלוח הקרוב, במקום מוזה. אותה עגלה, אותו מקרר, בלי שינוי אחר בהזמנה.",,,
2026-09-10,חמישי,אבי,שיחה — אבי,שיחה 2 — תוכן אחר,בוטיק סנטרל,T2,החלפת מוזה,תה בלבד,מרכז,ראשון/שני/חמישי,CALM 1 ל׳ ₪65,GT-CHA-LOW-1L,FRESH 1 ל׳ ₪65 ⚠מלאי0 · סנגריה ורודה 1 ל׳ ₪45,"M1 אותו בקבוק, תפריט ערב · M3 סנגריה ורודה",כרטיסי הגשה FRESH/CALM · מפת המעבר ממוזה · דף סנגריה ורודה,71,21918,71,57,,,,,,
2026-09-10,חמישי,תום,משימת מערכת,משימת מערכת,שער סוף שלב A — ירוק? אחרת B לא יוצא,—,—,,,,,,,,,,,,,,,,,,
2026-09-14,שני,אלכס+אבי,פגישה — אלכס + אבי,פגישה משותפת,גאפן גאפן,T1,החלפת מוזה,בר,דרום,רביעי,CALM 1 ל׳ ₪65,GT-CHA-LOW-1L,FRESH 1 ל׳ ₪65 ⚠מלאי0 · סנגריה ורודה 1 ל׳ ₪45,M2 מיקסר במקום קוקטייל · M3 סנגריה ורודה,כרטיסי הגשה FRESH/CALM · מפת המעבר ממוזה · דף סנגריה ורודה,57774,30419,43739,34841,"היי גאפן גאפן, מוזה ירדה אצלנו מהקו — גם הקוקטיילים וגם המיקסרים. אתם הייתם על ₪43,739 בשנה. במקום: תרכיז GT כבסיס קוקטייל — ₪65 לליטר, 20 מנות, אתם מוסיפים את האלכוהול שלכם. יוצא food cost נמוך יותר ממה שהיה לכם עם מוזה. לשלוח כרטיס הגשה? כן/לא","עד עכשיו הזמנתם מוזה — ₪43,739 בשנה. הוצאנו את הקו. במקום קוקטייל מוכן אני מציע לכם את הבסיס: תרכיז GT, 50 מ״ל למנה, והבר מוסיף את האלכוהול שלו.","אני מוסיף תרכיז למשלוח הקרוב ושולח כרטיס הגשה. ליטר ב-₪65 נותן 20 מנות — עלות מזיגה ₪10 מול ₪13 שהיו לכם, ואותו בקבוק משרת גם את תפריט התה וגם אפס-אלכוהול.",מוזה — חלל פעיל בתפריט,,
2026-09-14,שני,תום,וואטסאפ — תום,וואטסאפ 2 — תוכן אחר,"הרואה בקפה בע""מ",T3,החלפת מוזה,מעורב,צפון,שלישי,CALM 1 ל׳ ₪65,GT-CHA-LOW-1L,FRESH 1 ל׳ ₪65 ⚠מלאי0 · סנגריה ורודה 1 ל׳ ₪45,M2 מיקסר במקום קוקטייל · M3 סנגריה ורודה,כרטיסי הגשה FRESH/CALM · מפת המעבר ממוזה · דף סנגריה ורודה,19500,14578,13200,10515,,,,,,
2026-09-14,שני,תום,וואטסאפ — תום,וואטסאפ 2 — תוכן אחר,"מתחם האוכל אפרת בע""מ",T3,החלפת מוזה,תה בלבד,דרום,רביעי,CALM 1 ל׳ ₪65,GT-CHA-LOW-1L,FRESH 1 ל׳ ₪65 ⚠מלאי0 · סנגריה ורודה 1 ל׳ ₪45,"M1 אותו בקבוק, תפריט ערב · M3 סנגריה ורודה",כרטיסי הגשה FRESH/CALM · מפת המעבר ממוזה · דף סנגריה ורודה,5783,5516,4886,3892,,,,,,
2026-09-14,שני,תום,וואטסאפ — תום,וואטסאפ 2 — תוכן אחר,"סינמה טייק וואן בע""מ (קפה טופול)",T3,החלפת מוזה,מעורב,מרכז,ראשון/שני/חמישי,CALM 1 ל׳ ₪65,GT-CHA-LOW-1L,FRESH 1 ל׳ ₪65 ⚠מלאי0 · סנגריה ורודה 1 ל׳ ₪45,M2 מיקסר במקום קוקטייל · M3 סנגריה ורודה,כרטיסי הגשה FRESH/CALM · מפת המעבר ממוזה · דף סנגריה ורודה,4722,6117,3366,2681,,,,,,
2026-09-14,שני,תום,וואטסאפ — תום,וואטסאפ 2 — תוכן אחר,"קפה ללה (שירי ביסטרו בע""מ)",T3,החלפת מוזה,ספיישלטי,צפון,שלישי,CALM 1 ל׳ ₪65,GT-CHA-LOW-1L,FRESH 1 ל׳ ₪65 ⚠מלאי0 · סנגריה ורודה 1 ל׳ ₪45,"M1 אותו בקבוק, תפריט ערב · M3 סנגריה ורודה",כרטיסי הגשה FRESH/CALM · מפת המעבר ממוזה · דף סנגריה ורודה,4207,8714,2380,1896,,,,,,
2026-09-14,שני,תום,וואטסאפ — תום,וואטסאפ 2 — תוכן אחר,הרואה 39,T3,החלפת מוזה,ספיישלטי,מרכז,ראשון/שני/חמישי,CALM 1 ל׳ ₪65,GT-CHA-LOW-1L,FRESH 1 ל׳ ₪65 ⚠מלאי0 · סנגריה ורודה 1 ל׳ ₪45,"M1 אותו בקבוק, תפריט ערב · M3 סנגריה ורודה",כרטיסי הגשה FRESH/CALM · מפת המעבר ממוזה · דף סנגריה ורודה,3925,2045,3925,3127,,,,,,
2026-09-14,שני,תום,וואטסאפ — תום,וואטסאפ 2 — תוכן אחר,איטאלי,T3,החלפת מוזה,מעורב,מרכז,ראשון/שני/חמישי,CALM 1 ל׳ ₪65,GT-CHA-LOW-1L,FRESH 1 ל׳ ₪65 ⚠מלאי0 · סנגריה ורודה 1 ל׳ ₪45,M2 מיקסר במקום קוקטייל · M3 סנגריה ורודה,כרטיסי הגשה FRESH/CALM · מפת המעבר ממוזה · דף סנגריה ורודה,3208,159,3208,2555,,,,,,
2026-09-14,שני,תום,וואטסאפ — תום,וואטסאפ 2 — תוכן אחר,"גפאן בית שמש (ואי.אמ.די מסעדות בע""מ)",T3,החלפת מוזה,תה בלבד,דרום,רביעי,CALM 1 ל׳ ₪65,GT-CHA-LOW-1L,FRESH 1 ל׳ ₪65 ⚠מלאי0 · סנגריה ורודה 1 ל׳ ₪45,"M1 אותו בקבוק, תפריט ערב · M3 סנגריה ורודה",כרטיסי הגשה FRESH/CALM · מפת המעבר ממוזה · דף סנגריה ורודה,2824,453,2824,2250,,,,,,
2026-09-14,שני,תום,וואטסאפ — תום,וואטסאפ 2 — תוכן אחר,"ליבי פטיסרי בע""מ (קונדיטוריית ליבי)",T3,החלפת מוזה,תה בלבד,צפון,שלישי,CALM 1 ל׳ ₪65,GT-CHA-LOW-1L,FRESH 1 ל׳ ₪65 ⚠מלאי0 · סנגריה ורודה 1 ל׳ ₪45,"M1 אותו בקבוק, תפריט ערב · M3 סנגריה ורודה",כרטיסי הגשה FRESH/CALM · מפת המעבר ממוזה · דף סנגריה ורודה,2547,6293,1958,1560,,,,,,
2026-09-14,שני,תום,וואטסאפ — תום,וואטסאפ 2 — תוכן אחר,קפה גינה,T3,החלפת מוזה,ספיישלטי,מרכז,ראשון/שני/חמישי,CALM 1 ל׳ ₪65,GT-CHA-LOW-1L,FRESH 1 ל׳ ₪65 ⚠מלאי0 · סנגריה ורודה 1 ל׳ ₪45,"M1 אותו בקבוק, תפריט ערב · M3 סנגריה ורודה",כרטיסי הגשה FRESH/CALM · מפת המעבר ממוזה · דף סנגריה ורודה,1665,9409,576,459,,,,,,
2026-09-14,שני,תום,וואטסאפ — תום,וואטסאפ 2 — תוכן אחר,אתנחתא אכזיב,T3,החלפת מוזה,ספיישלטי,צפון,שלישי,CALM 1 ל׳ ₪65,GT-CHA-LOW-1L,FRESH 1 ל׳ ₪65 ⚠מלאי0 · סנגריה ורודה 1 ל׳ ₪45,"M1 אותו בקבוק, תפריט ערב · M3 סנגריה ורודה",כרטיסי הגשה FRESH/CALM · מפת המעבר ממוזה · דף סנגריה ורודה,1459,4899,1459,1162,,,,,,
2026-09-15,שלישי,אבי,משימת מערכת,משימת מערכת,לכידת טלפונים — מנה 3 (10 חשבונות),—,—,,,,,,,,,,,,,,,,"מ-Green Invoice, מסירות LionWheel ורשומות ההזמנה. 0 מתוך 153 בשופיפיי",,
2026-09-15,שלישי,תום,וואטסאפ — תום,וואטסאפ 2 — תוכן אחר,ג'חנון בכפר (פופ אפ בייקרי),T3,החלפת מוזה,מעורב,מרכז,ראשון/שני/חמישי,CALM 1 ל׳ ₪65,GT-CHA-LOW-1L,FRESH 1 ל׳ ₪65 ⚠מלאי0 · סנגריה ורודה 1 ל׳ ₪45,M2 מיקסר במקום קוקטייל · M3 סנגריה ורודה,כרטיסי הגשה FRESH/CALM · מפת המעבר ממוזה · דף סנגריה ורודה,880,,880,701,,,,,,
2026-09-15,שלישי,תום,וואטסאפ — תום,וואטסאפ 2 — תוכן אחר,גפן דלי (ע״מ גפן מעדניות),T3,החלפת מוזה,ספיישלטי,מרכז,ראשון/שני/חמישי,CALM 1 ל׳ ₪65,GT-CHA-LOW-1L,FRESH 1 ל׳ ₪65 ⚠מלאי0 · סנגריה ורודה 1 ל׳ ₪45,"M1 אותו בקבוק, תפריט ערב · M3 סנגריה ורודה",כרטיסי הגשה FRESH/CALM · מפת המעבר ממוזה · דף סנגריה ורודה,864,5779,864,688,,,,,,
2026-09-15,שלישי,תום,וואטסאפ — תום,וואטסאפ 1,"אסייתית באשדוד בע""מ Sazanca",T3,רוחב,תה בלבד,דרום,רביעי,DETOX 1 ל׳ ₪65 ⚠מלאי0,GT-LUI-LOW-1L,FRESH 1 ל׳ ₪65 ⚠מלאי0 · NAMASTEA 1 ל׳ ₪65,,תפריט קטגוריה · כרטיס מתכון · דף ציוד לאבקות,13101,15258,,,"היי אסייתית באשדוד Sazanca, עברתי על ההזמנות שלכם. דיטוקס אף פעם לא נכנסה אליכם, ו-78.8% מבתי עסק שמוכרים בעיקר תה קר קונים דיטוקס. שווה ₪4,833 בשנה. להוסיף DETOX 1000ml למשלוח הקרוב? כן/לא","אתם מזמינים מאיתנו ריווייב, מאצ'ה — ודיטוקס אף פעם לא נכנסה להזמנה. 78.8% מבתי עסק שמוכרים בעיקר תה קר קונים דיטוקס.","אני קופץ אליכם לרבע שעה ומראה לבריסטה את חליטת תות לואיזה על DETOX 1000ml — ₪4.80 עלות רכיבים לכוס, ₪31 בתפריט, 82% רווח. אם זה עובד, אני מוסיף את זה למשלוח הקרוב.",מלאי לחגים — אל תיגמר לכם,,
2026-09-15,שלישי,תום,וואטסאפ — תום,וואטסאפ 1,"א.ר.נ. מסעדות קריית אונו בע""מ (קיסו - Kisu)",T3,רוחב,תה בלבד,מרכז,ראשון/שני/חמישי,DETOX 1 ל׳ ₪65 ⚠מלאי0,GT-LUI-LOW-1L,FRESH 1 ל׳ ₪65 ⚠מלאי0 · NAMASTEA 1 ל׳ ₪65,,תפריט קטגוריה · כרטיס מתכון · דף ציוד לאבקות,8799,10248,,,"היי א.ר.נ. מסעדות קריית אונו, עברתי על ההזמנות שלכם. דיטוקס אף פעם לא נכנסה אליכם, ו-78.8% מבתי עסק שמוכרים בעיקר תה קר קונים דיטוקס. שווה ₪3,246 בשנה. להוסיף DETOX 1000ml למשלוח הקרוב? כן/לא",אתם מזמינים מאיתנו ריווייב — ודיטוקס אף פעם לא נכנסה להזמנה. 78.8% מבתי עסק שמוכרים בעיקר תה קר קונים דיטוקס.,"אני קופץ אליכם לרבע שעה ומראה לבריסטה את חליטת תות לואיזה על DETOX 1000ml — ₪4.80 עלות רכיבים לכוס, ₪31 בתפריט, 82% רווח. אם זה עובד, אני מוסיף את זה למשלוח הקרוב.",מלאי לחגים — אל תיגמר לכם,,
2026-09-15,שלישי,תום,וואטסאפ — תום,וואטסאפ 1,קפה אנסטסיה בע״מ,T3,רוחב,ספיישלטי,מרכז,ראשון/שני/חמישי,DETOX 1 ל׳ ₪65 ⚠מלאי0,GT-LUI-LOW-1L,NAMASTEA 1 ל׳ ₪65 · FRESH 1 ל׳ ₪65 ⚠מלאי0,,תפריט קטגוריה · כרטיס מתכון · דף ציוד לאבקות,7788,24370,,,"היי קפה אנסטסיה, עברתי על ההזמנות שלכם. דיטוקס אף פעם לא נכנסה אליכם, ו-75.3% מבתי קפה שמוכרים מאצ'ה וסמוזי קונים דיטוקס. שווה ₪2,778 בשנה. להוסיף DETOX 1000ml למשלוח הקרוב? כן/לא","אתם מזמינים מאיתנו מאצ'ה, מחית פרי ODK, אובה — ודיטוקס אף פעם לא נכנסה להזמנה. 75.3% מבתי קפה שמוכרים מאצ'ה וסמוזי קונים דיטוקס.","אני קופץ אליכם לרבע שעה ומראה לבריסטה את חליטת תות לואיזה על DETOX 1000ml — ₪4.80 עלות רכיבים לכוס, ₪31 בתפריט, 82% רווח. אם זה עובד, אני מוסיף את זה למשלוח הקרוב.",מלאי לחגים — אל תיגמר לכם,,
2026-09-15,שלישי,תום,וואטסאפ — תום,וואטסאפ 1,סברה קפה בע״מ,T3,רוחב,מעורב,מרכז,ראשון/שני/חמישי,מאצ׳ה 500g ₪590,GT-SHI-CER-500,סנגריה ורודה 1 ל׳ ₪45 · GT-JAS-LOW-0.5L,,תפריט קטגוריה · כרטיס מתכון · דף ציוד לאבקות,6573,13267,,,"היי סברה קפה, עברתי על ההזמנות שלכם. מאצ'ה אף פעם לא נכנסה אליכם, ו-79.2% מבתי עסק עם תפריט מעורב קונים מאצ'ה. שווה ₪2,942 בשנה. להוסיף Shizuoka Ceremonial Matcha Bag 500g למשלוח הקרוב? כן/לא","אתם מזמינים מאיתנו דיטוקס, אובה, פרש — ומאצ'ה אף פעם לא נכנסה להזמנה. 79.2% מבתי עסק עם תפריט מעורב קונים מאצ'ה.","אני קופץ אליכם לרבע שעה ומראה לבריסטה את אייס אובה מאצ'ה על Shizuoka Ceremonial Matcha Bag 500g — ₪4.96 עלות רכיבים לכוס, ₪28 בתפריט, 79% רווח. אם זה עובד, אני מוסיף את זה למשלוח הקרוב.",מלאי לחגים — אל תיגמר לכם,,
2026-09-15,שלישי,תום,וואטסאפ — תום,וואטסאפ 1,"טאיו אשיאן פוד א.א.ט בע""מ (ראשון לציון)",T3,עומק,ספיישלטי,דרום,רביעי,GT-SHI-CER-18*22,GT-SHI-CER-18*22,GT-LUI-LOW-0.5L · GT-MAS-CHA-0.5L,,תפריט הקטגוריה של המשפחה,6491,10833,,,"היי טאיו אשיאן פוד א.א.ט, אתם על ₪2,420 מאצ'ה בשנה; בתי עסק כמוכם על ₪5,424. להוסיף יחידה אחת Shizuoka Ceremonial Matcha 22x18g bags למשלוח הקרוב? כן/לא","אתם מזמינים מאצ'ה באופן קבוע — ₪2,420 ב-12 החודשים האחרונים, בקצב של הזמנה כל 80 ימים.",אני מוסיף Shizuoka Ceremonial Matcha 22x18g bags — יחידה אחת למשלוח הקרוב שלכם. שום דבר אחר בהזמנה לא משתנה.,מלאי לחגים — אל תיגמר לכם,,
2026-09-15,שלישי,תום,וואטסאפ — תום,וואטסאפ 1,"ENSō - אסייתית במודיעין בע""מ (אנזו)",T3,רוחב,תה בלבד,דרום,רביעי,DETOX 1 ל׳ ₪65 ⚠מלאי0,GT-LUI-LOW-1L,FRESH 1 ל׳ ₪65 ⚠מלאי0 · NAMASTEA 1 ל׳ ₪65,,תפריט קטגוריה · כרטיס מתכון · דף ציוד לאבקות,6485,8052,,,"היי ENSō - אסייתית במודיעין, עברתי על ההזמנות שלכם. דיטוקס אף פעם לא נכנסה אליכם, ו-78.8% מבתי עסק שמוכרים בעיקר תה קר קונים דיטוקס. שווה ₪2,551 בשנה. להוסיף DETOX 1000ml למשלוח הקרוב? כן/לא",אתם מזמינים מאיתנו ריווייב — ודיטוקס אף פעם לא נכנסה להזמנה. 78.8% מבתי עסק שמוכרים בעיקר תה קר קונים דיטוקס.,"אני קופץ אליכם לרבע שעה ומראה לבריסטה את חליטת תות לואיזה על DETOX 1000ml — ₪4.80 עלות רכיבים לכוס, ₪31 בתפריט, 82% רווח. אם זה עובד, אני מוסיף את זה למשלוח הקרוב.",מלאי לחגים — אל תיגמר לכם,,
2026-09-15,שלישי,תום,וואטסאפ — תום,וואטסאפ 1,"מתחם האוכל אפרת בע""מ",T3,החלפת מוזה,תה בלבד,דרום,רביעי,CALM 1 ל׳ ₪65,GT-CHA-LOW-1L,FRESH 1 ל׳ ₪65 ⚠מלאי0 · סנגריה ורודה 1 ל׳ ₪45,"M1 אותו בקבוק, תפריט ערב · M3 סנגריה ורודה",כרטיסי הגשה FRESH/CALM · מפת המעבר ממוזה · דף סנגריה ורודה,5783,5516,4886,3892,"היי מתחם האוכל אפרת בע""מ, מוזה ירדה אצלנו מהקו — גם הקוקטיילים וגם המיקסרים. אתם הייתם על ₪4,886 בשנה. הדבר הכי פשוט: התרכיז שכבר אצלכם עובד גם כבסיס קוקטייל בערב — 50 מ״ל, ואתם מוסיפים את האלכוהול. לשלוח כרטיס הגשה? כן/לא","עד עכשיו הזמנתם מוזה — ₪4,886 בשנה. הוצאנו את הקו, ואני לא רוצה שתישארו בלי משקה ערב. אבל אתם כבר קונים את התרכיז שלנו — ואותו בקבוק בדיוק הוא בסיס הקוקטייל.","אני שולח כרטיס הגשה, ומוסיף עוד תרכיז למשלוח הקרוב כדי שיהיה מספיק לשני חלקי התפריט. אפס מוצר חדש, אפס מדף חדש.",מלאי לחגים — אל תיגמר לכם,,
2026-09-15,שלישי,תום,וואטסאפ — תום,וואטסאפ 1,"שולה בחצר בע""מ",T3,רוחב,תה בלבד,מרכז,ראשון/שני/חמישי,DETOX 1 ל׳ ₪65 ⚠מלאי0,GT-LUI-LOW-1L,DESERTEA 1 ל׳ ₪65 · FRESH 1 ל׳ ₪65 ⚠מלאי0,,תפריט קטגוריה · כרטיס מתכון · דף ציוד לאבקות,5602,6903,,,"היי שולה בחצר, עברתי על ההזמנות שלכם. דיטוקס אף פעם לא נכנסה אליכם, ו-78.8% מבתי עסק שמוכרים בעיקר תה קר קונים דיטוקס. שווה ₪2,187 בשנה. להוסיף DETOX 1000ml למשלוח הקרוב? כן/לא","אתם מזמינים מאיתנו אנרג'י, דזרטי — ודיטוקס אף פעם לא נכנסה להזמנה. 78.8% מבתי עסק שמוכרים בעיקר תה קר קונים דיטוקס.","אני קופץ אליכם לרבע שעה ומראה לבריסטה את חליטת תות לואיזה על DETOX 1000ml — ₪4.80 עלות רכיבים לכוס, ₪31 בתפריט, 82% רווח. אם זה עובד, אני מוסיף את זה למשלוח הקרוב.",מלאי לחגים — אל תיגמר לכם,,
2026-09-16,רביעי,אבי,משימת מערכת,משימת מערכת,לכידת טלפונים — מנה 4 (10 חשבונות),—,—,,,,,,,,,,,,,,,,"מ-Green Invoice, מסירות LionWheel ורשומות ההזמנה. 0 מתוך 153 בשופיפיי",,
2026-09-16,רביעי,אלכס,משימת מערכת,משימת מערכת,13:00 עם תום — 10 דקות על היעדים,—,—,,,,,,,,,,,,,,,,בפגישה שכבר קיימת,,
2026-09-17,חמישי,תום,וואטסאפ — תום,וואטסאפ 1,דלגונה עבד גלגולי (דלגונה),T3,רוחב,ספיישלטי,מרכז,ראשון/שני/חמישי,DETOX 1 ל׳ ₪65 ⚠מלאי0,GT-LUI-LOW-1L,NAMASTEA 1 ל׳ ₪65 · FRESH 1 ל׳ ₪65 ⚠מלאי0,,תפריט קטגוריה · כרטיס מתכון · דף ציוד לאבקות,5215,16320,,,"היי דלגונה עבד גלגולי, עברתי על ההזמנות שלכם. דיטוקס אף פעם לא נכנסה אליכם, ו-75.3% מבתי קפה שמוכרים מאצ'ה וסמוזי קונים דיטוקס. שווה ₪1,861 בשנה. להוסיף DETOX 1000ml למשלוח הקרוב? כן/לא","אתם מזמינים מאיתנו מאצ'ה, מחית פרי ODK — ודיטוקס אף פעם לא נכנסה להזמנה. 75.3% מבתי קפה שמוכרים מאצ'ה וסמוזי קונים דיטוקס.","אני קופץ אליכם לרבע שעה ומראה לבריסטה את חליטת תות לואיזה על DETOX 1000ml — ₪4.80 עלות רכיבים לכוס, ₪31 בתפריט, 82% רווח. אם זה עובד, אני מוסיף את זה למשלוח הקרוב.",מלאי לחגים — אל תיגמר לכם,,
2026-09-17,חמישי,תום,וואטסאפ — תום,וואטסאפ 1,"סינמה טייק וואן בע""מ (קפה טופול)",T3,החלפת מוזה,מעורב,מרכז,ראשון/שני/חמישי,CALM 1 ל׳ ₪65,GT-CHA-LOW-1L,FRESH 1 ל׳ ₪65 ⚠מלאי0 · סנגריה ורודה 1 ל׳ ₪45,M2 מיקסר במקום קוקטייל · M3 סנגריה ורודה,כרטיסי הגשה FRESH/CALM · מפת המעבר ממוזה · דף סנגריה ורודה,4722,6117,3366,2681,"היי סינמה טייק וואן בע""מ (קפה טופול), מוזה ירדה אצלנו מהקו — גם הקוקטיילים וגם המיקסרים. אתם הייתם על ₪3,366 בשנה. במקום: תרכיז GT כבסיס קוקטייל — ₪65 לליטר, 20 מנות, אתם מוסיפים את האלכוהול שלכם. יוצא food cost נמוך יותר ממה שהיה לכם עם מוזה. לשלוח כרטיס הגשה? כן/לא","עד עכשיו הזמנתם מוזה — ₪3,366 בשנה. הוצאנו את הקו. במקום קוקטייל מוכן אני מציע לכם את הבסיס: תרכיז GT, 50 מ״ל למנה, והבר מוסיף את האלכוהול שלו.","אני מוסיף תרכיז למשלוח הקרוב ושולח כרטיס הגשה. ליטר ב-₪65 נותן 20 מנות — עלות מזיגה ₪10 מול ₪13 שהיו לכם, ואותו בקבוק משרת גם את תפריט התה וגם אפס-אלכוהול.",מלאי לחגים — אל תיגמר לכם,,
2026-09-17,חמישי,תום,וואטסאפ — תום,וואטסאפ 1,ליאוני,T3,רוחב,מעורב,מרכז,ראשון/שני/חמישי,סנגריה ורודה 1 ל׳ ₪45,GTCC-PIN-SAN-1L,GT-INF-DES-0.5L,,תפריט קטגוריה · כרטיס מתכון · דף ציוד לאבקות,4721,24278,,,"היי ליאוני, עברתי על ההזמנות שלכם. סנגריה אף פעם לא נכנסה אליכם, ו-45.3% מבתי עסק עם תפריט מעורב קונים סנגריה. שווה ₪3,783 בשנה. להוסיף GT Pink Sangria Cocktail 1000ml למשלוח הקרוב? כן/לא","אתם מזמינים מאיתנו מאצ'ה, דיטוקס, נמסטיאה (צ'אי מסאלה) — וסנגריה אף פעם לא נכנסה להזמנה. 45.3% מבתי עסק עם תפריט מעורב קונים סנגריה.",אני מוסיף GT Pink Sangria Cocktail 1000ml — 5 יחידות למשלוח הקרוב שלכם. שום דבר אחר בהזמנה לא משתנה.,מלאי לחגים — אל תיגמר לכם,,
2026-09-17,חמישי,תום,וואטסאפ — תום,וואטסאפ 1,(פודיס צמרת בראון) סטודיו - Studio,T3,עומק,תה בלבד,מרכז,ראשון/שני/חמישי,GT-HIB-FRE-1L,GT-HIB-FRE-1L,DETOX 1 ל׳ ₪65 ⚠מלאי0 · NAMASTEA 1 ל׳ ₪65,,תפריט הקטגוריה של המשפחה,4587,5856,,,"היי סטודיו - Studio, אתם על ₪1,830 פרש בשנה; בתי עסק כמוכם על ₪3,300. להוסיף 2 יחידות FRESH Sugar-Free 1000ml למשלוח הקרוב? כן/לא","אתם מזמינים פרש באופן קבוע — ₪1,830 ב-12 החודשים האחרונים, בקצב של הזמנה כל 35 ימים.",אני מוסיף FRESH Sugar-Free 1000ml — 2 יחידות למשלוח הקרוב שלכם. שום דבר אחר בהזמנה לא משתנה.,מלאי לחגים — אל תיגמר לכם,,
2026-09-17,חמישי,תום,וואטסאפ — תום,וואטסאפ 1,"אוטוטו (קפה בגרונימן 8 בע""מ)",T3,עומק,תה בלבד,מרכז,ראשון/שני/חמישי,FRESH 1 ל׳ ₪65 ⚠מלאי0,GT-HIB-LOW-1L,ENERGY 1 ל׳ ₪65,,תפריט הקטגוריה של המשפחה,4510,21250,,,"היי אוטוטו, אתם על ₪780 פרש בשנה; בתי עסק כמוכם על ₪3,300. להוסיף 2 יחידות FRESH 1000ml למשלוח הקרוב? כן/לא","אתם מזמינים פרש באופן קבוע — ₪780 ב-12 החודשים האחרונים, בקצב של הזמנה כל 14 ימים.",אני מוסיף FRESH 1000ml — 2 יחידות למשלוח הקרוב שלכם. שום דבר אחר בהזמנה לא משתנה.,מלאי לחגים — אל תיגמר לכם,,
2026-09-17,חמישי,תום,וואטסאפ — תום,וואטסאפ 1,הרואה 39,T3,החלפת מוזה,ספיישלטי,מרכז,ראשון/שני/חמישי,CALM 1 ל׳ ₪65,GT-CHA-LOW-1L,FRESH 1 ל׳ ₪65 ⚠מלאי0 · סנגריה ורודה 1 ל׳ ₪45,"M1 אותו בקבוק, תפריט ערב · M3 סנגריה ורודה",כרטיסי הגשה FRESH/CALM · מפת המעבר ממוזה · דף סנגריה ורודה,3925,2045,3925,3127,"היי הרואה 39, מוזה ירדה אצלנו מהקו — גם הקוקטיילים וגם המיקסרים. אתם הייתם על ₪3,925 בשנה. הדבר הכי פשוט: התרכיז שכבר אצלכם עובד גם כבסיס קוקטייל בערב — 50 מ״ל, ואתם מוסיפים את האלכוהול. לשלוח כרטיס הגשה? כן/לא","עד עכשיו הזמנתם מוזה — ₪3,925 בשנה. הוצאנו את הקו, ואני לא רוצה שתישארו בלי משקה ערב. אבל אתם כבר קונים את התרכיז שלנו — ואותו בקבוק בדיוק הוא בסיס הקוקטייל.","אני שולח כרטיס הגשה, ומוסיף עוד תרכיז למשלוח הקרוב כדי שיהיה מספיק לשני חלקי התפריט. אפס מוצר חדש, אפס מדף חדש.",מלאי לחגים — אל תיגמר לכם,,
2026-09-17,חמישי,תום,וואטסאפ — תום,וואטסאפ 1,"פריים רמת החייל מסעדנות בע""מ",T3,רוחב,תה בלבד,מרכז,ראשון/שני/חמישי,DETOX 1 ל׳ ₪65 ⚠מלאי0,GT-LUI-LOW-1L,FRESH 1 ל׳ ₪65 ⚠מלאי0 · NAMASTEA 1 ל׳ ₪65,,תפריט קטגוריה · כרטיס מתכון · דף ציוד לאבקות,3740,5856,,,"היי פריים רמת החייל מסעדנות, עברתי על ההזמנות שלכם. דיטוקס אף פעם לא נכנסה אליכם, ו-78.8% מבתי עסק שמוכרים בעיקר תה קר קונים דיטוקס. שווה ₪1,855 בשנה. להוסיף DETOX 1000ml למשלוח הקרוב? כן/לא",אתם מזמינים מאיתנו אנרג'י — ודיטוקס אף פעם לא נכנסה להזמנה. 78.8% מבתי עסק שמוכרים בעיקר תה קר קונים דיטוקס.,"אני קופץ אליכם לרבע שעה ומראה לבריסטה את חליטת תות לואיזה על DETOX 1000ml — ₪4.80 עלות רכיבים לכוס, ₪31 בתפריט, 82% רווח. אם זה עובד, אני מוסיף את זה למשלוח הקרוב.",מלאי לחגים — אל תיגמר לכם,,
2026-09-17,חמישי,תום,וואטסאפ — תום,וואטסאפ 1,בוקאדו ג.ה בע״מ,T3,עומק,תה בלבד,מרכז,ראשון/שני/חמישי,מאצ׳ה 500g ₪590,GT-SHI-CER-500,DETOX 1 ל׳ ₪65 ⚠מלאי0,,תפריט הקטגוריה של המשפחה,3632,7999,,,"היי בוקאדו ג.ה, אתם על ₪490 מאצ'ה בשנה; בתי עסק כמוכם על ₪1,588. להוסיף יחידה אחת Shizuoka Ceremonial Matcha Bag 500g למשלוח הקרוב? כן/לא","אתם מזמינים מאצ'ה באופן קבוע — ₪490 ב-12 החודשים האחרונים, בקצב של הזמנה כל 53 ימים.",אני מוסיף Shizuoka Ceremonial Matcha Bag 500g — יחידה אחת למשלוח הקרוב שלכם. שום דבר אחר בהזמנה לא משתנה.,מלאי לחגים — אל תיגמר לכם,,
2026-09-17,חמישי,תום,וואטסאפ — תום,וואטסאפ 1,נאבי,T3,רוחב,מעורב,מרכז,ראשון/שני/חמישי,סנגריה ורודה 1 ל׳ ₪45,GTCC-PIN-SAN-1L,FRESH 1 ל׳ ₪65 ⚠מלאי0,,תפריט קטגוריה · כרטיס מתכון · דף ציוד לאבקות,3546,15528,,,"היי נאבי, עברתי על ההזמנות שלכם. סנגריה אף פעם לא נכנסה אליכם, ו-45.3% מבתי עסק עם תפריט מעורב קונים סנגריה. שווה ₪2,420 בשנה. להוסיף GT Pink Sangria Cocktail 1000ml למשלוח הקרוב? כן/לא","אתם מזמינים מאיתנו מאצ'ה, אנרג'י, דיטוקס — וסנגריה אף פעם לא נכנסה להזמנה. 45.3% מבתי עסק עם תפריט מעורב קונים סנגריה.",אני מוסיף GT Pink Sangria Cocktail 1000ml — 2 יחידות למשלוח הקרוב שלכם. שום דבר אחר בהזמנה לא משתנה.,מלאי לחגים — אל תיגמר לכם,,
2026-09-17,חמישי,תום,וואטסאפ — תום,וואטסאפ 1,נולי עגלת קפה,T3,רוחב,מעורב,מרכז,ראשון/שני/חמישי,מאצ׳ה 500g ₪590,GT-SHI-CER-500,סנגריה ורודה 1 ל׳ ₪45,,תפריט קטגוריה · כרטיס מתכון · דף ציוד לאבקות,3468,9185,,,"היי נולי עגלת קפה, עברתי על ההזמנות שלכם. מאצ'ה אף פעם לא נכנסה אליכם, ו-79.2% מבתי עסק עם תפריט מעורב קונים מאצ'ה. שווה ₪2,036 בשנה. להוסיף Shizuoka Ceremonial Matcha Bag 500g למשלוח הקרוב? כן/לא","אתם מזמינים מאיתנו מחית פרי ODK, פרש, דיטוקס — ומאצ'ה אף פעם לא נכנסה להזמנה. 79.2% מבתי עסק עם תפריט מעורב קונים מאצ'ה.","אני קופץ אליכם לרבע שעה ומראה לבריסטה את אייס מאצ'ה קלאסי על Shizuoka Ceremonial Matcha Bag 500g — ₪4.26 עלות רכיבים לכוס, ₪26 בתפריט, 81% רווח. אם זה עובד, אני מוסיף את זה למשלוח הקרוב.",מלאי לחגים — אל תיגמר לכם,,
2026-09-22,שלישי,אבי,פגישה — אלכס + אבי,מעקב 1 — אבי,גאפן גאפן,T1,החלפת מוזה,בר,דרום,רביעי,CALM 1 ל׳ ₪65,GT-CHA-LOW-1L,FRESH 1 ל׳ ₪65 ⚠מלאי0 · סנגריה ורודה 1 ל׳ ₪45,M2 מיקסר במקום קוקטייל · M3 סנגריה ורודה,כרטיסי הגשה FRESH/CALM · מפת המעבר ממוזה · דף סנגריה ורודה,57774,30419,43739,34841,,,"אני מוסיף תרכיז למשלוח הקרוב ושולח כרטיס הגשה. ליטר ב-₪65 נותן 20 מנות — עלות מזיגה ₪10 מול ₪13 שהיו לכם, ואותו בקבוק משרת גם את תפריט התה וגם אפס-אלכוהול.",,,
2026-09-22,שלישי,אבי,משימת מערכת,משימת מערכת,לכידת טלפונים — מנה 5 (10 חשבונות),—,—,,,,,,,,,,,,,,,,"מ-Green Invoice, מסירות LionWheel ורשומות ההזמנה. 0 מתוך 153 בשופיפיי",,
2026-09-22,שלישי,אלכס+אבי,פגישה — אלכס + אבי,פגישה משותפת,בבקה,T1,החלפת מוזה,ספיישלטי,מרכז,ראשון/שני/חמישי,CALM 1 ל׳ ₪65,GT-CHA-LOW-1L,FRESH 1 ל׳ ₪65 ⚠מלאי0 · סנגריה ורודה 1 ל׳ ₪45,"M1 אותו בקבוק, תפריט ערב · M3 סנגריה ורודה",כרטיסי הגשה FRESH/CALM · מפת המעבר ממוזה · דף סנגריה ורודה,41963,187881,22920,18257,"היי בבקה, מוזה ירדה אצלנו מהקו — גם הקוקטיילים וגם המיקסרים. אתם הייתם על ₪22,920 בשנה. הדבר הכי פשוט: התרכיז שכבר אצלכם עובד גם כבסיס קוקטייל בערב — 50 מ״ל, ואתם מוסיפים את האלכוהול. לשלוח כרטיס הגשה? כן/לא","עד עכשיו הזמנתם מוזה — ₪22,920 בשנה. הוצאנו את הקו, ואני לא רוצה שתישארו בלי משקה ערב. אבל אתם כבר קונים את התרכיז שלנו — ואותו בקבוק בדיוק הוא בסיס הקוקטייל.","אני שולח כרטיס הגשה, ומוסיף עוד תרכיז למשלוח הקרוב כדי שיהיה מספיק לשני חלקי התפריט. אפס מוצר חדש, אפס מדף חדש.",מוזה — חלל פעיל בתפריט,,
2026-09-22,שלישי,תום,וואטסאפ — תום,וואטסאפ 1,"בית העם קונדיטוריה ויין בע""מ",T3,רוחב,תה בלבד,דרום,רביעי,ENERGY 1 ל׳ ₪65,GT-LEM-LOW-1L,CALM 1 ל׳ ₪65 · REVIVE 1 ל׳ ₪65,,תפריט קטגוריה · כרטיס מתכון · דף ציוד לאבקות,4869,17335,,,"היי בית העם קונדיטוריה ויין, עברתי על ההזמנות שלכם. אנרג'י אף פעם לא נכנסה אליכם, ו-53.9% מבתי עסק שמוכרים בעיקר תה קר קונים אנרג'י. שווה ₪1,623 בשנה. להוסיף ENERGY 1000ml למשלוח הקרוב? כן/לא","אתם מזמינים מאיתנו נמסטיאה (צ'אי מסאלה), פרש, דיטוקס — ואנרג'י אף פעם לא נכנסה להזמנה. 53.9% מבתי עסק שמוכרים בעיקר תה קר קונים אנרג'י.","אני קופץ אליכם לרבע שעה ומראה לבריסטה את חליטת תה ירוק ולמון גראס על ENERGY 1000ml — ₪3.25 עלות רכיבים לכוס, ₪20 בתפריט, 81% רווח. אם זה עובד, אני מוסיף את זה למשלוח הקרוב.",מלאי לחגים — אל תיגמר לכם,,
2026-09-22,שלישי,תום,וואטסאפ — תום,וואטסאפ 1,ת.מ דרום בע''מ (אוליבר עגלת קפה),T3,רוחב,תה בלבד,דרום,רביעי,NAMASTEA 1 ל׳ ₪65,GT-MAS-CHA-1L,ENERGY 1 ל׳ ₪65 · REVIVE 1 ל׳ ₪65,,תפריט קטגוריה · כרטיס מתכון · דף ציוד לאבקות,3302,10016,,,"היי ת.מ דרום בע''מ, עברתי על ההזמנות שלכם. נמסטיאה (צ'אי מסאלה) אף פעם לא נכנסה אליכם, ו-55.8% מבתי עסק שמוכרים בעיקר תה קר קונים נמסטיאה (צ'אי מסאלה). שווה ₪1,221 בשנה. להוסיף NAMASTEA 1000ml למשלוח הקרוב? כן/לא","אתם מזמינים מאיתנו דיטוקס, פרש, קאלם — ונמסטיאה (צ'אי מסאלה) אף פעם לא נכנסה להזמנה. 55.8% מבתי עסק שמוכרים בעיקר תה קר קונים נמסטיאה (צ'אי מסאלה).","אני קופץ אליכם לרבע שעה ומראה לבריסטה את לימונדת צ'אי מסאלה על NAMASTEA 1000ml — ₪3.95 עלות רכיבים לכוס, ₪22 בתפריט, 79% רווח. אם זה עובד, אני מוסיף את זה למשלוח הקרוב.",מלאי לחגים — אל תיגמר לכם,,
2026-09-22,שלישי,תום,וואטסאפ — תום,וואטסאפ 1,"לופן בייקרי בע""מ",T3,עומק,ספיישלטי,צפון,שלישי,NAMASTEA 1 ל׳ ₪65,GT-MAS-CHA-1L,מחית תות ₪60 · FRESH 1 ל׳ ₪65 ⚠מלאי0,,תפריט הקטגוריה של המשפחה,3282,14408,,,"היי לופן בייקרי, אתם על ₪702 נמסטיאה (צ'אי מסאלה) בשנה; בתי עסק כמוכם על ₪1,838. להוסיף 2 יחידות NAMASTEA 1000ml למשלוח הקרוב? כן/לא","אתם מזמינים נמסטיאה (צ'אי מסאלה) באופן קבוע — ₪702 ב-12 החודשים האחרונים, בקצב של הזמנה כל 36 ימים.",אני מוסיף NAMASTEA 1000ml — 2 יחידות למשלוח הקרוב שלכם. שום דבר אחר בהזמנה לא משתנה.,מלאי לחגים — אל תיגמר לכם · מחוץ ליום המסלול,,
2026-09-22,שלישי,תום,וואטסאפ — תום,וואטסאפ 1,"אסייתית במושבה בע""מ (נאי-לון Nay-Lon)",T3,רוחב,תה בלבד,מרכז,ראשון/שני/חמישי,DETOX 1 ל׳ ₪65 ⚠מלאי0,GT-LUI-LOW-1L,FRESH 1 ל׳ ₪65 ⚠מלאי0 · NAMASTEA 1 ל׳ ₪65,,תפריט קטגוריה · כרטיס מתכון · דף ציוד לאבקות,3273,5124,,,"היי אסייתית במושבה, עברתי על ההזמנות שלכם. דיטוקס אף פעם לא נכנסה אליכם, ו-78.8% מבתי עסק שמוכרים בעיקר תה קר קונים דיטוקס. שווה ₪1,623 בשנה. להוסיף DETOX 1000ml למשלוח הקרוב? כן/לא",אתם מזמינים מאיתנו ריווייב — ודיטוקס אף פעם לא נכנסה להזמנה. 78.8% מבתי עסק שמוכרים בעיקר תה קר קונים דיטוקס.,"אני קופץ אליכם לרבע שעה ומראה לבריסטה את חליטת תות לואיזה על DETOX 1000ml — ₪4.80 עלות רכיבים לכוס, ₪31 בתפריט, 82% רווח. אם זה עובד, אני מוסיף את זה למשלוח הקרוב.",מלאי לחגים — אל תיגמר לכם,,
2026-09-22,שלישי,תום,וואטסאפ — תום,וואטסאפ 1,מיכאל הררי (זולא),T3,רוחב,מעורב,מרכז,ראשון/שני/חמישי,DETOX 1 ל׳ ₪65 ⚠מלאי0,GT-LUI-LOW-1L,NAMASTEA 1 ל׳ ₪65 · סנגריה ורודה 1 ל׳ ₪45,,תפריט קטגוריה · כרטיס מתכון · דף ציוד לאבקות,3253,5605,,,"היי מיכאל הררי, עברתי על ההזמנות שלכם. דיטוקס אף פעם לא נכנסה אליכם, ו-84.9% מבתי עסק עם תפריט מעורב קונים דיטוקס. שווה ₪1,294 בשנה. להוסיף DETOX 1000ml למשלוח הקרוב? כן/לא","אתם מזמינים מאיתנו פרש, מאצ'ה, קאלם — ודיטוקס אף פעם לא נכנסה להזמנה. 84.9% מבתי עסק עם תפריט מעורב קונים דיטוקס.","אני קופץ אליכם לרבע שעה ומראה לבריסטה את חליטת תות לואיזה על DETOX 1000ml — ₪4.80 עלות רכיבים לכוס, ₪31 בתפריט, 82% רווח. אם זה עובד, אני מוסיף את זה למשלוח הקרוב.",מלאי לחגים — אל תיגמר לכם,,
2026-09-22,שלישי,תום,וואטסאפ — תום,וואטסאפ 1,איטאלי,T3,החלפת מוזה,מעורב,מרכז,ראשון/שני/חמישי,CALM 1 ל׳ ₪65,GT-CHA-LOW-1L,FRESH 1 ל׳ ₪65 ⚠מלאי0 · סנגריה ורודה 1 ל׳ ₪45,M2 מיקסר במקום קוקטייל · M3 סנגריה ורודה,כרטיסי הגשה FRESH/CALM · מפת המעבר ממוזה · דף סנגריה ורודה,3208,159,3208,2555,"היי איטאלי, מוזה ירדה אצלנו מהקו — גם הקוקטיילים וגם המיקסרים. אתם הייתם על ₪3,208 בשנה. במקום: תרכיז GT כבסיס קוקטייל — ₪65 לליטר, 20 מנות, אתם מוסיפים את האלכוהול שלכם. יוצא food cost נמוך יותר ממה שהיה לכם עם מוזה. לשלוח כרטיס הגשה? כן/לא","עד עכשיו הזמנתם מוזה — ₪3,208 בשנה. הוצאנו את הקו. במקום קוקטייל מוכן אני מציע לכם את הבסיס: תרכיז GT, 50 מ״ל למנה, והבר מוסיף את האלכוהול שלו.","אני מוסיף תרכיז למשלוח הקרוב ושולח כרטיס הגשה. ליטר ב-₪65 נותן 20 מנות — עלות מזיגה ₪10 מול ₪13 שהיו לכם, ואותו בקבוק משרת גם את תפריט התה וגם אפס-אלכוהול.",מלאי לחגים — אל תיגמר לכם,,
2026-09-22,שלישי,תום,וואטסאפ — תום,וואטסאפ 1,"אבן יוגורט בע""מ (פרש מרקט מרקורי העין)",T3,עומק,בר,מרכז,ראשון/שני/חמישי,סנגריה ורודה 1 ל׳ ₪45,GTCC-PIN-SAN-1L,,,תפריט הקטגוריה של המשפחה,3172,5010,,,"היי אבן יוגורט, אתם על ₪1,838 סנגריה בשנה; בתי עסק כמוכם על ₪5,010. להוסיף 6 יחידות GT Pink Sangria Cocktail 1000ml למשלוח הקרוב? כן/לא","אתם מזמינים סנגריה באופן קבוע — ₪1,838 ב-12 החודשים האחרונים, בקצב של הזמנה כל 119 ימים.",אני מוסיף GT Pink Sangria Cocktail 1000ml — 6 יחידות למשלוח הקרוב שלכם. שום דבר אחר בהזמנה לא משתנה.,מלאי לחגים — אל תיגמר לכם,,
2026-09-22,שלישי,תום,וואטסאפ — תום,וואטסאפ 1,"אורי בייקרי השקעות בע""מ (סיטי בולונזרי)",T3,עומק,ספיישלטי,מרכז,ראשון/שני/חמישי,DETOX 1 ל׳ ₪65 ⚠מלאי0,GT-LUI-LOW-1L,מחית תות ₪60 · DESERTEA 1 ל׳ ₪65,,תפריט הקטגוריה של המשפחה,2941,12629,,,"היי אורי בייקרי השקעות, אתם על ₪468 דיטוקס בשנה; בתי עסק כמוכם על ₪1,660. להוסיף 2 יחידות DETOX 1000ml למשלוח הקרוב? כן/לא","אתם מזמינים דיטוקס באופן קבוע — ₪468 ב-12 החודשים האחרונים, בקצב של הזמנה כל 31 ימים.",אני מוסיף DETOX 1000ml — 2 יחידות למשלוח הקרוב שלכם. שום דבר אחר בהזמנה לא משתנה.,מלאי לחגים — אל תיגמר לכם,,
2026-09-22,שלישי,תום,וואטסאפ — תום,וואטסאפ 1,"גפאן בית שמש (ואי.אמ.די מסעדות בע""מ)",T3,החלפת מוזה,תה בלבד,דרום,רביעי,CALM 1 ל׳ ₪65,GT-CHA-LOW-1L,FRESH 1 ל׳ ₪65 ⚠מלאי0 · סנגריה ורודה 1 ל׳ ₪45,"M1 אותו בקבוק, תפריט ערב · M3 סנגריה ורודה",כרטיסי הגשה FRESH/CALM · מפת המעבר ממוזה · דף סנגריה ורודה,2824,453,2824,2250,"היי גפאן בית שמש (ואי.אמ.די מסעדות בע""מ), מוזה ירדה אצלנו מהקו — גם הקוקטיילים וגם המיקסרים. אתם הייתם על ₪2,824 בשנה. הדבר הכי פשוט: התרכיז שכבר אצלכם עובד גם כבסיס קוקטייל בערב — 50 מ״ל, ואתם מוסיפים את האלכוהול. לשלוח כרטיס הגשה? כן/לא","עד עכשיו הזמנתם מוזה — ₪2,824 בשנה. הוצאנו את הקו, ואני לא רוצה שתישארו בלי משקה ערב. אבל אתם כבר קונים את התרכיז שלנו — ואותו בקבוק בדיוק הוא בסיס הקוקטייל.","אני שולח כרטיס הגשה, ומוסיף עוד תרכיז למשלוח הקרוב כדי שיהיה מספיק לשני חלקי התפריט. אפס מוצר חדש, אפס מדף חדש.",מלאי לחגים — אל תיגמר לכם,,
2026-09-22,שלישי,תום,וואטסאפ — תום,וואטסאפ 1,"קפה זוריק בע""מ (כיכר מילאנו)",T3,רוחב,תה בלבד,מרכז,ראשון/שני/חמישי,ENERGY 1 ל׳ ₪65,GT-LEM-LOW-1L,REVIVE 1 ל׳ ₪65 · CONSCIOUSNESS 1 ל׳ ₪65,,תפריט קטגוריה · כרטיס מתכון · דף ציוד לאבקות,2738,13176,,,"היי קפה זוריק, עברתי על ההזמנות שלכם. אנרג'י אף פעם לא נכנסה אליכם, ו-53.9% מבתי עסק שמוכרים בעיקר תה קר קונים אנרג'י. שווה ₪1,234 בשנה. להוסיף ENERGY 1000ml למשלוח הקרוב? כן/לא","אתם מזמינים מאיתנו נמסטיאה (צ'אי מסאלה), דיטוקס, פרש — ואנרג'י אף פעם לא נכנסה להזמנה. 53.9% מבתי עסק שמוכרים בעיקר תה קר קונים אנרג'י.","אני קופץ אליכם לרבע שעה ומראה לבריסטה את חליטת תה ירוק ולמון גראס על ENERGY 1000ml — ₪3.25 עלות רכיבים לכוס, ₪20 בתפריט, 81% רווח. אם זה עובד, אני מוסיף את זה למשלוח הקרוב.",מלאי לחגים — אל תיגמר לכם,,
2026-09-23,רביעי,אבי,משימת מערכת,משימת מערכת,לכידת טלפונים — מנה 6 (10 חשבונות),—,—,,,,,,,,,,,,,,,,"מ-Green Invoice, מסירות LionWheel ורשומות ההזמנה. 0 מתוך 153 בשופיפיי",,
2026-09-23,רביעי,אלכס,משימת מערכת,משימת מערכת,13:00 עם תום — 10 דקות על היעדים,—,—,,,,,,,,,,,,,,,,בפגישה שכבר קיימת,,
2026-09-24,חמישי,אבי,פגישה — אלכס + אבי,מעקב 2 — סגירה,נונומימי,T1,החלפת מוזה,מעורב,מרכז,ראשון/שני/חמישי,סנגריה נונומימי ₪38,GTCC-NON-SAN-1L,,M3 סנגריה ורודה,כרטיסי הגשה FRESH/CALM · מפת המעבר ממוזה · דף סנגריה ורודה,72279,505061,27705,12902,,,"אני מוסיף את הסנגריה שלכם למשלוח הקרוב, במקום מוזה. אותה עגלה, אותו מקרר, בלי שינוי אחר בהזמנה.",,,
2026-09-24,חמישי,אבי,שיחה — אבי,שיחה 3 — סגירה,בוטיק סנטרל,T2,החלפת מוזה,תה בלבד,מרכז,ראשון/שני/חמישי,CALM 1 ל׳ ₪65,GT-CHA-LOW-1L,FRESH 1 ל׳ ₪65 ⚠מלאי0 · סנגריה ורודה 1 ל׳ ₪45,"M1 אותו בקבוק, תפריט ערב · M3 סנגריה ורודה",כרטיסי הגשה FRESH/CALM · מפת המעבר ממוזה · דף סנגריה ורודה,71,21918,71,57,,,"אני שולח כרטיס הגשה, ומוסיף עוד תרכיז למשלוח הקרוב כדי שיהיה מספיק לשני חלקי התפריט. אפס מוצר חדש, אפס מדף חדש.",,,
2026-09-24,חמישי,תום,וואטסאפ — תום,וואטסאפ 2 — תוכן אחר,"א.ר.נ. מסעדות קריית אונו בע""מ (קיסו - Kisu)",T3,רוחב,תה בלבד,מרכז,ראשון/שני/חמישי,DETOX 1 ל׳ ₪65 ⚠מלאי0,GT-LUI-LOW-1L,FRESH 1 ל׳ ₪65 ⚠מלאי0 · NAMASTEA 1 ל׳ ₪65,,תפריט קטגוריה · כרטיס מתכון · דף ציוד לאבקות,8799,10248,,,,,,,,
2026-09-24,חמישי,תום,וואטסאפ — תום,וואטסאפ 2 — תוכן אחר,קפה אנסטסיה בע״מ,T3,רוחב,ספיישלטי,מרכז,ראשון/שני/חמישי,DETOX 1 ל׳ ₪65 ⚠מלאי0,GT-LUI-LOW-1L,NAMASTEA 1 ל׳ ₪65 · FRESH 1 ל׳ ₪65 ⚠מלאי0,,תפריט קטגוריה · כרטיס מתכון · דף ציוד לאבקות,7788,24370,,,,,,,,
2026-09-24,חמישי,תום,וואטסאפ — תום,וואטסאפ 2 — תוכן אחר,סברה קפה בע״מ,T3,רוחב,מעורב,מרכז,ראשון/שני/חמישי,מאצ׳ה 500g ₪590,GT-SHI-CER-500,סנגריה ורודה 1 ל׳ ₪45 · GT-JAS-LOW-0.5L,,תפריט קטגוריה · כרטיס מתכון · דף ציוד לאבקות,6573,13267,,,,,,,,
2026-09-24,חמישי,תום,וואטסאפ — תום,וואטסאפ 2 — תוכן אחר,"שולה בחצר בע""מ",T3,רוחב,תה בלבד,מרכז,ראשון/שני/חמישי,DETOX 1 ל׳ ₪65 ⚠מלאי0,GT-LUI-LOW-1L,DESERTEA 1 ל׳ ₪65 · FRESH 1 ל׳ ₪65 ⚠מלאי0,,תפריט קטגוריה · כרטיס מתכון · דף ציוד לאבקות,5602,6903,,,,,,,,
2026-09-24,חמישי,תום,וואטסאפ — תום,וואטסאפ 1,"זיגו קפה מאפיה מטבח מקומי בע""מ (זיגו)",T3,רוחב,תה בלבד,צפון,שלישי,ENERGY 1 ל׳ ₪65,GT-LEM-LOW-1L,CONSCIOUSNESS 1 ל׳ ₪65,,תפריט קטגוריה · כרטיס מתכון · דף ציוד לאבקות,2726,18563,,,"היי זיגו קפה מאפיה מטבח מקומי, עברתי על ההזמנות שלכם. אנרג'י אף פעם לא נכנסה אליכם, ו-53.9% מבתי עסק שמוכרים בעיקר תה קר קונים אנרג'י. שווה ₪1,738 בשנה. להוסיף ENERGY 1000ml למשלוח הקרוב? כן/לא","אתם מזמינים מאיתנו דיטוקס, מאצ'ה, נמסטיאה (צ'אי מסאלה) — ואנרג'י אף פעם לא נכנסה להזמנה. 53.9% מבתי עסק שמוכרים בעיקר תה קר קונים אנרג'י.","אני קופץ אליכם לרבע שעה ומראה לבריסטה את חליטת תה ירוק ולמון גראס על ENERGY 1000ml — ₪3.25 עלות רכיבים לכוס, ₪20 בתפריט, 81% רווח. אם זה עובד, אני מוסיף את זה למשלוח הקרוב.",מלאי לחגים — אל תיגמר לכם · מחוץ ליום המסלול,,
2026-09-24,חמישי,תום,וואטסאפ — תום,וואטסאפ 1,קפה יוענה 770,T3,עומק,ספיישלטי,מרכז,ראשון/שני/חמישי,מחית מנגו ₪60,GT-ODK-MAN-1,NAMASTEA 1 ל׳ ₪65,,תפריט הקטגוריה של המשפחה,2634,11005,,,"היי קפה יוענה 770, אתם על ₪220 מחית פרי ODK בשנה; בתי עסק כמוכם על ₪1,801. להוסיף 4 יחידות ODK Mango Smoothie 1000ml למשלוח הקרוב? כן/לא","אתם מזמינים מחית פרי ODK באופן קבוע — ₪220 ב-12 החודשים האחרונים, בקצב של הזמנה כל 53 ימים.",אני מוסיף ODK Mango Smoothie 1000ml — 4 יחידות למשלוח הקרוב שלכם. שום דבר אחר בהזמנה לא משתנה.,מלאי לחגים — אל תיגמר לכם,,
2026-09-24,חמישי,תום,וואטסאפ — תום,וואטסאפ 1,"ליבי פטיסרי בע""מ (קונדיטוריית ליבי)",T3,החלפת מוזה,תה בלבד,צפון,שלישי,CALM 1 ל׳ ₪65,GT-CHA-LOW-1L,FRESH 1 ל׳ ₪65 ⚠מלאי0 · סנגריה ורודה 1 ל׳ ₪45,"M1 אותו בקבוק, תפריט ערב · M3 סנגריה ורודה",כרטיסי הגשה FRESH/CALM · מפת המעבר ממוזה · דף סנגריה ורודה,2547,6293,1958,1560,"היי ליבי פטיסרי בע""מ (קונדיטוריית ליבי), מוזה ירדה אצלנו מהקו — גם הקוקטיילים וגם המיקסרים. אתם הייתם על ₪1,958 בשנה. הדבר הכי פשוט: התרכיז שכבר אצלכם עובד גם כבסיס קוקטייל בערב — 50 מ״ל, ואתם מוסיפים את האלכוהול. לשלוח כרטיס הגשה? כן/לא","עד עכשיו הזמנתם מוזה — ₪1,958 בשנה. הוצאנו את הקו, ואני לא רוצה שתישארו בלי משקה ערב. אבל אתם כבר קונים את התרכיז שלנו — ואותו בקבוק בדיוק הוא בסיס הקוקטייל.","אני שולח כרטיס הגשה, ומוסיף עוד תרכיז למשלוח הקרוב כדי שיהיה מספיק לשני חלקי התפריט. אפס מוצר חדש, אפס מדף חדש.",מלאי לחגים — אל תיגמר לכם · מחוץ ליום המסלול,,
2026-09-24,חמישי,תום,וואטסאפ — תום,וואטסאפ 1,"כרמלים בשכונה בע""מ",T3,עומק,בר,צפון,שלישי,סנגריה ורודה 1 ל׳ ₪45,GTCC-PIN-SAN-1L,,,תפריט הקטגוריה של המשפחה,2455,12706,,,"היי כרמלים בשכונה, אתם על ₪5,400 סנגריה בשנה; בתי עסק כמוכם על ₪7,855. להוסיף 5 יחידות GT Pink Sangria Cocktail 1000ml למשלוח הקרוב? כן/לא","אתם מזמינים סנגריה באופן קבוע — ₪5,400 ב-12 החודשים האחרונים, בקצב של הזמנה כל 32 ימים.",אני מוסיף GT Pink Sangria Cocktail 1000ml — 5 יחידות למשלוח הקרוב שלכם. שום דבר אחר בהזמנה לא משתנה.,מלאי לחגים — אל תיגמר לכם · מחוץ ליום המסלול,,
2026-09-24,חמישי,תום,וואטסאפ — תום,וואטסאפ 1,"גרוזדומיצין בע""מ (שישקו קפה הכובשים)",T3,עומק,תה בלבד,מרכז,ראשון/שני/חמישי,FRESH 1 ל׳ ₪65 ⚠מלאי0,GT-HIB-LOW-1L,DETOX 1 ל׳ ₪65 ⚠מלאי0,,תפריט הקטגוריה של המשפחה,2236,4178,,,"היי גרוזדומיצין, אתם על ₪702 פרש בשנה; בתי עסק כמוכם על ₪1,615. להוסיף 3 יחידות FRESH 1000ml למשלוח הקרוב? כן/לא","אתם מזמינים פרש באופן קבוע — ₪702 ב-12 החודשים האחרונים, בקצב של הזמנה כל 67 ימים.",אני מוסיף FRESH 1000ml — 3 יחידות למשלוח הקרוב שלכם. שום דבר אחר בהזמנה לא משתנה.,מלאי לחגים — אל תיגמר לכם,,
2026-09-24,חמישי,תום,וואטסאפ — תום,וואטסאפ 1,נורדאו 2 (נורדאו 2 בית מאפה בע״מ),T3,עומק,ספיישלטי,מרכז,ראשון/שני/חמישי,GT-HIB-LOW-0.5L,GT-HIB-LOW-0.5L,מחית תות ₪60,,תפריט הקטגוריה של המשפחה,2190,12258,,,"היי נורדאו 2, אתם על ₪396 פרש בשנה; בתי עסק כמוכם על ₪1,497. להוסיף 2 יחידות FRESH 500ml למשלוח הקרוב? כן/לא","אתם מזמינים פרש באופן קבוע — ₪396 ב-12 החודשים האחרונים, בקצב של הזמנה כל 18 ימים.",אני מוסיף FRESH 500ml — 2 יחידות למשלוח הקרוב שלכם. שום דבר אחר בהזמנה לא משתנה.,מלאי לחגים — אל תיגמר לכם,,
2026-09-27,ראשון,תום,וואטסאפ — תום,וואטסאפ 1,"הרואה בקפה בע""מ",T3,החלפת מוזה,מעורב,צפון,שלישי,CALM 1 ל׳ ₪65,GT-CHA-LOW-1L,FRESH 1 ל׳ ₪65 ⚠מלאי0 · סנגריה ורודה 1 ל׳ ₪45,M2 מיקסר במקום קוקטייל · M3 סנגריה ורודה,כרטיסי הגשה FRESH/CALM · מפת המעבר ממוזה · דף סנגריה ורודה,19500,14578,13200,10515,"היי הרואה בקפה בע""מ, מוזה ירדה אצלנו מהקו — גם הקוקטיילים וגם המיקסרים. אתם הייתם על ₪13,200 בשנה. במקום: תרכיז GT כבסיס קוקטייל — ₪65 לליטר, 20 מנות, אתם מוסיפים את האלכוהול שלכם. יוצא food cost נמוך יותר ממה שהיה לכם עם מוזה. לשלוח כרטיס הגשה? כן/לא","עד עכשיו הזמנתם מוזה — ₪13,200 בשנה. הוצאנו את הקו. במקום קוקטייל מוכן אני מציע לכם את הבסיס: תרכיז GT, 50 מ״ל למנה, והבר מוסיף את האלכוהול שלו.","אני מוסיף תרכיז למשלוח הקרוב ושולח כרטיס הגשה. ליטר ב-₪65 נותן 20 מנות — עלות מזיגה ₪10 מול ₪13 שהיו לכם, ואותו בקבוק משרת גם את תפריט התה וגם אפס-אלכוהול.",מלאי לחגים — אל תיגמר לכם,,
2026-09-27,ראשון,תום,וואטסאפ — תום,וואטסאפ 2 — תוכן אחר,"אסייתית באשדוד בע""מ Sazanca",T3,רוחב,תה בלבד,דרום,רביעי,DETOX 1 ל׳ ₪65 ⚠מלאי0,GT-LUI-LOW-1L,FRESH 1 ל׳ ₪65 ⚠מלאי0 · NAMASTEA 1 ל׳ ₪65,,תפריט קטגוריה · כרטיס מתכון · דף ציוד לאבקות,13101,15258,,,,,,,,
2026-09-27,ראשון,תום,וואטסאפ — תום,וואטסאפ 1,"ברדא פוראבר בע""מ",T3,עומק,ספיישלטי,צפון,שלישי,סנגריה ורודה 1 ל׳ ₪45,GTCC-PIN-SAN-1L,NAMASTEA 1 ל׳ ₪65 · מחית תות ₪60,,תפריט הקטגוריה של המשפחה,9103,18123,,,"היי ברדא פוראבר, אתם על ₪173 סנגריה בשנה; בתי עסק כמוכם על ₪2,309. להוסיף יחידה אחת GT Pink Sangria Cocktail 1000ml למשלוח הקרוב? כן/לא","אתם מזמינים סנגריה באופן קבוע — ₪173 ב-12 החודשים האחרונים, בקצב של הזמנה כל 42 ימים.",אני מוסיף GT Pink Sangria Cocktail 1000ml — יחידה אחת למשלוח הקרוב שלכם. שום דבר אחר בהזמנה לא משתנה.,מלאי לחגים — אל תיגמר לכם,,
2026-09-27,ראשון,תום,וואטסאפ — תום,וואטסאפ 2 — תוכן אחר,"טאיו אשיאן פוד א.א.ט בע""מ (ראשון לציון)",T3,עומק,ספיישלטי,דרום,רביעי,GT-SHI-CER-18*22,GT-SHI-CER-18*22,GT-LUI-LOW-0.5L · GT-MAS-CHA-0.5L,,תפריט הקטגוריה של המשפחה,6491,10833,,,,,,,,
2026-09-27,ראשון,תום,וואטסאפ — תום,וואטסאפ 2 — תוכן אחר,"ENSō - אסייתית במודיעין בע""מ (אנזו)",T3,רוחב,תה בלבד,דרום,רביעי,DETOX 1 ל׳ ₪65 ⚠מלאי0,GT-LUI-LOW-1L,FRESH 1 ל׳ ₪65 ⚠מלאי0 · NAMASTEA 1 ל׳ ₪65,,תפריט קטגוריה · כרטיס מתכון · דף ציוד לאבקות,6485,8052,,,,,,,,
2026-09-27,ראשון,תום,וואטסאפ — תום,וואטסאפ 2 — תוכן אחר,"מתחם האוכל אפרת בע""מ",T3,החלפת מוזה,תה בלבד,דרום,רביעי,CALM 1 ל׳ ₪65,GT-CHA-LOW-1L,FRESH 1 ל׳ ₪65 ⚠מלאי0 · סנגריה ורודה 1 ל׳ ₪45,"M1 אותו בקבוק, תפריט ערב · M3 סנגריה ורודה",כרטיסי הגשה FRESH/CALM · מפת המעבר ממוזה · דף סנגריה ורודה,5783,5516,4886,3892,,,,,,
2026-09-27,ראשון,תום,וואטסאפ — תום,וואטסאפ 2 — תוכן אחר,דלגונה עבד גלגולי (דלגונה),T3,רוחב,ספיישלטי,מרכז,ראשון/שני/חמישי,DETOX 1 ל׳ ₪65 ⚠מלאי0,GT-LUI-LOW-1L,NAMASTEA 1 ל׳ ₪65 · FRESH 1 ל׳ ₪65 ⚠מלאי0,,תפריט קטגוריה · כרטיס מתכון · דף ציוד לאבקות,5215,16320,,,,,,,,
2026-09-27,ראשון,תום,וואטסאפ — תום,וואטסאפ 2 — תוכן אחר,"סינמה טייק וואן בע""מ (קפה טופול)",T3,החלפת מוזה,מעורב,מרכז,ראשון/שני/חמישי,CALM 1 ל׳ ₪65,GT-CHA-LOW-1L,FRESH 1 ל׳ ₪65 ⚠מלאי0 · סנגריה ורודה 1 ל׳ ₪45,M2 מיקסר במקום קוקטייל · M3 סנגריה ורודה,כרטיסי הגשה FRESH/CALM · מפת המעבר ממוזה · דף סנגריה ורודה,4722,6117,3366,2681,,,,,,
2026-09-27,ראשון,תום,וואטסאפ — תום,וואטסאפ 2 — תוכן אחר,ליאוני,T3,רוחב,מעורב,מרכז,ראשון/שני/חמישי,סנגריה ורודה 1 ל׳ ₪45,GTCC-PIN-SAN-1L,GT-INF-DES-0.5L,,תפריט קטגוריה · כרטיס מתכון · דף ציוד לאבקות,4721,24278,,,,,,,,
2026-09-27,ראשון,תום,וואטסאפ — תום,וואטסאפ 2 — תוכן אחר,(פודיס צמרת בראון) סטודיו - Studio,T3,עומק,תה בלבד,מרכז,ראשון/שני/חמישי,GT-HIB-FRE-1L,GT-HIB-FRE-1L,DETOX 1 ל׳ ₪65 ⚠מלאי0 · NAMASTEA 1 ל׳ ₪65,,תפריט הקטגוריה של המשפחה,4587,5856,,,,,,,,
2026-09-27,ראשון,תום,משימת מערכת,משימת מערכת,לוח התוצאות השבועי — q4_scoreboard.py,—,—,,,,,,,,,,,,,,,,נקרא עם תמונת התזרים של ראשון,,
2026-09-28,שני,תום,וואטסאפ — תום,וואטסאפ 2 — תוכן אחר,"בית העם קונדיטוריה ויין בע""מ",T3,רוחב,תה בלבד,דרום,רביעי,ENERGY 1 ל׳ ₪65,GT-LEM-LOW-1L,CALM 1 ל׳ ₪65 · REVIVE 1 ל׳ ₪65,,תפריט קטגוריה · כרטיס מתכון · דף ציוד לאבקות,4869,17335,,,,,,,,
2026-09-28,שני,תום,וואטסאפ — תום,וואטסאפ 2 — תוכן אחר,"אוטוטו (קפה בגרונימן 8 בע""מ)",T3,עומק,תה בלבד,מרכז,ראשון/שני/חמישי,FRESH 1 ל׳ ₪65 ⚠מלאי0,GT-HIB-LOW-1L,ENERGY 1 ל׳ ₪65,,תפריט הקטגוריה של המשפחה,4510,21250,,,,,,,,
2026-09-28,שני,תום,וואטסאפ — תום,וואטסאפ 1,"קפה ללה (שירי ביסטרו בע""מ)",T3,החלפת מוזה,ספיישלטי,צפון,שלישי,CALM 1 ל׳ ₪65,GT-CHA-LOW-1L,FRESH 1 ל׳ ₪65 ⚠מלאי0 · סנגריה ורודה 1 ל׳ ₪45,"M1 אותו בקבוק, תפריט ערב · M3 סנגריה ורודה",כרטיסי הגשה FRESH/CALM · מפת המעבר ממוזה · דף סנגריה ורודה,4207,8714,2380,1896,"היי קפה ללה (שירי ביסטרו בע""מ), מוזה ירדה אצלנו מהקו — גם הקוקטיילים וגם המיקסרים. אתם הייתם על ₪2,380 בשנה. הדבר הכי פשוט: התרכיז שכבר אצלכם עובד גם כבסיס קוקטייל בערב — 50 מ״ל, ואתם מוסיפים את האלכוהול. לשלוח כרטיס הגשה? כן/לא","עד עכשיו הזמנתם מוזה — ₪2,380 בשנה. הוצאנו את הקו, ואני לא רוצה שתישארו בלי משקה ערב. אבל אתם כבר קונים את התרכיז שלנו — ואותו בקבוק בדיוק הוא בסיס הקוקטייל.","אני שולח כרטיס הגשה, ומוסיף עוד תרכיז למשלוח הקרוב כדי שיהיה מספיק לשני חלקי התפריט. אפס מוצר חדש, אפס מדף חדש.",מלאי לחגים — אל תיגמר לכם,,
2026-09-28,שני,תום,וואטסאפ — תום,וואטסאפ 1,בריסטה (וגדי טריף),T3,רוחב,ספיישלטי,צפון,שלישי,מחית תות ₪60,GT-ODK-STR-1,UBE 1ק״ג ₪340 · DETOX 1 ל׳ ₪65 ⚠מלאי0,,תפריט קטגוריה · כרטיס מתכון · דף ציוד לאבקות,4205,9835,,,"היי בריסטה, עברתי על ההזמנות שלכם. מחית פרי ODK אף פעם לא נכנסה אליכם, ו-53.2% מבתי קפה שמוכרים מאצ'ה וסמוזי קונים מחית פרי ODK. שווה ₪873 בשנה. להוסיף ODK Strawberry Smoothie 1000ml למשלוח הקרוב? כן/לא","אתם מזמינים מאיתנו מאצ'ה, אובה — ומחית פרי ODK אף פעם לא נכנסה להזמנה. 53.2% מבתי קפה שמוכרים מאצ'ה וסמוזי קונים מחית פרי ODK.","אני קופץ אליכם לרבע שעה ומראה לבריסטה את אייס מאצ'ה תות על ODK Strawberry Smoothie 1000ml — ₪6.46 עלות רכיבים לכוס, ₪39 בתפריט, 80% רווח. אם זה עובד, אני מוסיף את זה למשלוח הקרוב.",מלאי לחגים — אל תיגמר לכם,,
2026-09-28,שני,תום,וואטסאפ — תום,וואטסאפ 2 — תוכן אחר,הרואה 39,T3,החלפת מוזה,ספיישלטי,מרכז,ראשון/שני/חמישי,CALM 1 ל׳ ₪65,GT-CHA-LOW-1L,FRESH 1 ל׳ ₪65 ⚠מלאי0 · סנגריה ורודה 1 ל׳ ₪45,"M1 אותו בקבוק, תפריט ערב · M3 סנגריה ורודה",כרטיסי הגשה FRESH/CALM · מפת המעבר ממוזה · דף סנגריה ורודה,3925,2045,3925,3127,,,,,,
2026-09-28,שני,תום,וואטסאפ — תום,וואטסאפ 2 — תוכן אחר,"פריים רמת החייל מסעדנות בע""מ",T3,רוחב,תה בלבד,מרכז,ראשון/שני/חמישי,DETOX 1 ל׳ ₪65 ⚠מלאי0,GT-LUI-LOW-1L,FRESH 1 ל׳ ₪65 ⚠מלאי0 · NAMASTEA 1 ל׳ ₪65,,תפריט קטגוריה · כרטיס מתכון · דף ציוד לאבקות,3740,5856,,,,,,,,
2026-09-28,שני,תום,וואטסאפ — תום,וואטסאפ 2 — תוכן אחר,בוקאדו ג.ה בע״מ,T3,עומק,תה בלבד,מרכז,ראשון/שני/חמישי,מאצ׳ה 500g ₪590,GT-SHI-CER-500,DETOX 1 ל׳ ₪65 ⚠מלאי0,,תפריט הקטגוריה של המשפחה,3632,7999,,,,,,,,
2026-09-28,שני,תום,וואטסאפ — תום,וואטסאפ 2 — תוכן אחר,נאבי,T3,רוחב,מעורב,מרכז,ראשון/שני/חמישי,סנגריה ורודה 1 ל׳ ₪45,GTCC-PIN-SAN-1L,FRESH 1 ל׳ ₪65 ⚠מלאי0,,תפריט קטגוריה · כרטיס מתכון · דף ציוד לאבקות,3546,15528,,,,,,,,
2026-09-28,שני,תום,וואטסאפ — תום,וואטסאפ 2 — תוכן אחר,נולי עגלת קפה,T3,רוחב,מעורב,מרכז,ראשון/שני/חמישי,מאצ׳ה 500g ₪590,GT-SHI-CER-500,סנגריה ורודה 1 ל׳ ₪45,,תפריט קטגוריה · כרטיס מתכון · דף ציוד לאבקות,3468,9185,,,,,,,,
2026-09-28,שני,תום,וואטסאפ — תום,וואטסאפ 2 — תוכן אחר,ת.מ דרום בע''מ (אוליבר עגלת קפה),T3,רוחב,תה בלבד,דרום,רביעי,NAMASTEA 1 ל׳ ₪65,GT-MAS-CHA-1L,ENERGY 1 ל׳ ₪65 · REVIVE 1 ל׳ ₪65,,תפריט קטגוריה · כרטיס מתכון · דף ציוד לאבקות,3302,10016,,,,,,,,
2026-09-29,שלישי,אבי,משימת מערכת,משימת מערכת,לכידת טלפונים — מנה 7 (10 חשבונות),—,—,,,,,,,,,,,,,,,,"מ-Green Invoice, מסירות LionWheel ורשומות ההזמנה. 0 מתוך 153 בשופיפיי",,
2026-09-29,שלישי,תום,וואטסאפ — תום,וואטסאפ 2 — תוכן אחר,"אסייתית במושבה בע""מ (נאי-לון Nay-Lon)",T3,רוחב,תה בלבד,מרכז,ראשון/שני/חמישי,DETOX 1 ל׳ ₪65 ⚠מלאי0,GT-LUI-LOW-1L,FRESH 1 ל׳ ₪65 ⚠מלאי0 · NAMASTEA 1 ל׳ ₪65,,תפריט קטגוריה · כרטיס מתכון · דף ציוד לאבקות,3273,5124,,,,,,,,
2026-09-29,שלישי,תום,וואטסאפ — תום,וואטסאפ 2 — תוכן אחר,מיכאל הררי (זולא),T3,רוחב,מעורב,מרכז,ראשון/שני/חמישי,DETOX 1 ל׳ ₪65 ⚠מלאי0,GT-LUI-LOW-1L,NAMASTEA 1 ל׳ ₪65 · סנגריה ורודה 1 ל׳ ₪45,,תפריט קטגוריה · כרטיס מתכון · דף ציוד לאבקות,3253,5605,,,,,,,,
2026-09-29,שלישי,תום,וואטסאפ — תום,וואטסאפ 2 — תוכן אחר,איטאלי,T3,החלפת מוזה,מעורב,מרכז,ראשון/שני/חמישי,CALM 1 ל׳ ₪65,GT-CHA-LOW-1L,FRESH 1 ל׳ ₪65 ⚠מלאי0 · סנגריה ורודה 1 ל׳ ₪45,M2 מיקסר במקום קוקטייל · M3 סנגריה ורודה,כרטיסי הגשה FRESH/CALM · מפת המעבר ממוזה · דף סנגריה ורודה,3208,159,3208,2555,,,,,,
2026-09-29,שלישי,תום,וואטסאפ — תום,וואטסאפ 2 — תוכן אחר,"אבן יוגורט בע""מ (פרש מרקט מרקורי העין)",T3,עומק,בר,מרכז,ראשון/שני/חמישי,סנגריה ורודה 1 ל׳ ₪45,GTCC-PIN-SAN-1L,,,תפריט הקטגוריה של המשפחה,3172,5010,,,,,,,,
2026-09-29,שלישי,תום,וואטסאפ — תום,וואטסאפ 2 — תוכן אחר,"אורי בייקרי השקעות בע""מ (סיטי בולונזרי)",T3,עומק,ספיישלטי,מרכז,ראשון/שני/חמישי,DETOX 1 ל׳ ₪65 ⚠מלאי0,GT-LUI-LOW-1L,מחית תות ₪60 · DESERTEA 1 ל׳ ₪65,,תפריט הקטגוריה של המשפחה,2941,12629,,,,,,,,
2026-09-29,שלישי,תום,וואטסאפ — תום,וואטסאפ 2 — תוכן אחר,"גפאן בית שמש (ואי.אמ.די מסעדות בע""מ)",T3,החלפת מוזה,תה בלבד,דרום,רביעי,CALM 1 ל׳ ₪65,GT-CHA-LOW-1L,FRESH 1 ל׳ ₪65 ⚠מלאי0 · סנגריה ורודה 1 ל׳ ₪45,"M1 אותו בקבוק, תפריט ערב · M3 סנגריה ורודה",כרטיסי הגשה FRESH/CALM · מפת המעבר ממוזה · דף סנגריה ורודה,2824,453,2824,2250,,,,,,
2026-09-29,שלישי,תום,וואטסאפ — תום,וואטסאפ 2 — תוכן אחר,"קפה זוריק בע""מ (כיכר מילאנו)",T3,רוחב,תה בלבד,מרכז,ראשון/שני/חמישי,ENERGY 1 ל׳ ₪65,GT-LEM-LOW-1L,REVIVE 1 ל׳ ₪65 · CONSCIOUSNESS 1 ל׳ ₪65,,תפריט קטגוריה · כרטיס מתכון · דף ציוד לאבקות,2738,13176,,,,,,,,
2026-09-29,שלישי,תום,וואטסאפ — תום,וואטסאפ 2 — תוכן אחר,קפה יוענה 770,T3,עומק,ספיישלטי,מרכז,ראשון/שני/חמישי,מחית מנגו ₪60,GT-ODK-MAN-1,NAMASTEA 1 ל׳ ₪65,,תפריט הקטגוריה של המשפחה,2634,11005,,,,,,,,
2026-09-29,שלישי,תום,וואטסאפ — תום,וואטסאפ 1,"קפה פאזל בע""מ",T3,רוחב,תה בלבד,דרום,רביעי,FRESH 1 ל׳ ₪65 ⚠מלאי0,GT-HIB-LOW-1L,NAMASTEA 1 ל׳ ₪65 · ENERGY 1 ל׳ ₪65,,תפריט קטגוריה · כרטיס מתכון · דף ציוד לאבקות,2433,5856,,,"היי קפה פאזל, עברתי על ההזמנות שלכם. פרש אף פעם לא נכנסה אליכם, ו-77.0% מבתי עסק שמוכרים בעיקר תה קר קונים פרש. שווה ₪1,171 בשנה. להוסיף FRESH 1000ml למשלוח הקרוב? כן/לא",אתם מזמינים מאיתנו דיטוקס — ופרש אף פעם לא נכנסה להזמנה. 77.0% מבתי עסק שמוכרים בעיקר תה קר קונים פרש.,"אני קופץ אליכם לרבע שעה ומראה לבריסטה את חליטת היביסקוס וליים על FRESH 1000ml — ₪3.25 עלות רכיבים לכוס, ₪20 בתפריט, 81% רווח. אם זה עובד, אני מוסיף את זה למשלוח הקרוב.",מלאי לחגים — אל תיגמר לכם,,
2026-09-29,שלישי,תום,וואטסאפ — תום,וואטסאפ 1,בוטקה,T3,עומק,תה בלבד,דרום,רביעי,NAMASTEA 1 ל׳ ₪65,GT-MAS-CHA-1L,DETOX 1 ל׳ ₪65 ⚠מלאי0,,תפריט הקטגוריה של המשפחה,2404,4680,,,"היי בוטקה, אתם על ₪292 נמסטיאה (צ'אי מסאלה) בשנה; בתי עסק כמוכם על ₪1,214. להוסיף 2 יחידות NAMASTEA 1000ml למשלוח הקרוב? כן/לא","אתם מזמינים נמסטיאה (צ'אי מסאלה) באופן קבוע — ₪292 ב-12 החודשים האחרונים, בקצב של הזמנה כל 54 ימים.",אני מוסיף NAMASTEA 1000ml — 2 יחידות למשלוח הקרוב שלכם. שום דבר אחר בהזמנה לא משתנה.,מלאי לחגים — אל תיגמר לכם,,
2026-09-30,רביעי,אבי,משימת מערכת,משימת מערכת,לכידת טלפונים — מנה 8 (10 חשבונות),—,—,,,,,,,,,,,,,,,,"מ-Green Invoice, מסירות LionWheel ורשומות ההזמנה. 0 מתוך 153 בשופיפיי",,
2026-09-30,רביעי,אלכס,משימת מערכת,משימת מערכת,13:00 עם תום — 10 דקות על היעדים,—,—,,,,,,,,,,,,,,,,בפגישה שכבר קיימת,,
2026-10-01,חמישי,תום,וואטסאפ — תום,וואטסאפ 2 — תוכן אחר,"גרוזדומיצין בע""מ (שישקו קפה הכובשים)",T3,עומק,תה בלבד,מרכז,ראשון/שני/חמישי,FRESH 1 ל׳ ₪65 ⚠מלאי0,GT-HIB-LOW-1L,DETOX 1 ל׳ ₪65 ⚠מלאי0,,תפריט הקטגוריה של המשפחה,2236,4178,,,,,,,,
2026-10-01,חמישי,תום,וואטסאפ — תום,וואטסאפ 2 — תוכן אחר,נורדאו 2 (נורדאו 2 בית מאפה בע״מ),T3,עומק,ספיישלטי,מרכז,ראשון/שני/חמישי,GT-HIB-LOW-0.5L,GT-HIB-LOW-0.5L,מחית תות ₪60,,תפריט הקטגוריה של המשפחה,2190,12258,,,,,,,,
2026-10-01,חמישי,תום,וואטסאפ — תום,וואטסאפ 1,יונייטד פאסט קז'ואל אינק (פוקי סניף הרצליה),T3,רוחב,תה בלבד,מרכז,ראשון/שני/חמישי,NAMASTEA 1 ל׳ ₪65,GT-MAS-CHA-1L,ENERGY 1 ל׳ ₪65 · CALM 1 ל׳ ₪65,,תפריט קטגוריה · כרטיס מתכון · דף ציוד לאבקות,2175,7535,,,"היי יונייטד פאסט קז'ואל אינק, עברתי על ההזמנות שלכם. נמסטיאה (צ'אי מסאלה) אף פעם לא נכנסה אליכם, ו-55.8% מבתי עסק שמוכרים בעיקר תה קר קונים נמסטיאה (צ'אי מסאלה). שווה ₪918 בשנה. להוסיף NAMASTEA 1000ml למשלוח הקרוב? כן/לא","אתם מזמינים מאיתנו דיטוקס, פרש — ונמסטיאה (צ'אי מסאלה) אף פעם לא נכנסה להזמנה. 55.8% מבתי עסק שמוכרים בעיקר תה קר קונים נמסטיאה (צ'אי מסאלה).","אני קופץ אליכם לרבע שעה ומראה לבריסטה את לימונדת צ'אי מסאלה על NAMASTEA 1000ml — ₪3.95 עלות רכיבים לכוס, ₪22 בתפריט, 79% רווח. אם זה עובד, אני מוסיף את זה למשלוח הקרוב.",מלאי לחגים — אל תיגמר לכם,,
2026-10-01,חמישי,תום,וואטסאפ — תום,וואטסאפ 1,אבני עמית ואלפסי שחף (קפה דאז),T3,רוחב,מעורב,צפון,שלישי,DETOX 1 ל׳ ₪65 ⚠מלאי0,GT-LUI-LOW-1L,,,תפריט קטגוריה · כרטיס מתכון · דף ציוד לאבקות,2151,9314,,,"היי אבני עמית ואלפסי שחף, עברתי על ההזמנות שלכם. דיטוקס אף פעם לא נכנסה אליכם, ו-84.9% מבתי עסק עם תפריט מעורב קונים דיטוקס. שווה ₪2,151 בשנה. להוסיף DETOX 1000ml למשלוח הקרוב? כן/לא","אתם מזמינים מאיתנו נמסטיאה (צ'אי מסאלה), סנגריה, מחית פרי ODK — ודיטוקס אף פעם לא נכנסה להזמנה. 84.9% מבתי עסק עם תפריט מעורב קונים דיטוקס.","אני קופץ אליכם לרבע שעה ומראה לבריסטה את חליטת תות לואיזה על DETOX 1000ml — ₪4.80 עלות רכיבים לכוס, ₪31 בתפריט, 82% רווח. אם זה עובד, אני מוסיף את זה למשלוח הקרוב.",מלאי לחגים — אל תיגמר לכם · מחוץ ליום המסלול,,
2026-10-01,חמישי,תום,וואטסאפ — תום,וואטסאפ 1,קפה במפעל א.ד.ם בע״מ,T3,רוחב,תה בלבד,דרום,רביעי,DETOX 1 ל׳ ₪65 ⚠מלאי0,GT-LUI-LOW-1L,FRESH 1 ל׳ ₪65 ⚠מלאי0,,תפריט קטגוריה · כרטיס מתכון · דף ציוד לאבקות,2129,4120,,,"היי קפה במפעל א.ד.ם, עברתי על ההזמנות שלכם. דיטוקס אף פעם לא נכנסה אליכם, ו-78.8% מבתי עסק שמוכרים בעיקר תה קר קונים דיטוקס. שווה ₪1,305 בשנה. להוסיף DETOX 1000ml למשלוח הקרוב? כן/לא","אתם מזמינים מאיתנו נמסטיאה (צ'אי מסאלה), מאצ'ה — ודיטוקס אף פעם לא נכנסה להזמנה. 78.8% מבתי עסק שמוכרים בעיקר תה קר קונים דיטוקס.","אני קופץ אליכם לרבע שעה ומראה לבריסטה את חליטת תות לואיזה על DETOX 1000ml — ₪4.80 עלות רכיבים לכוס, ₪31 בתפריט, 82% רווח. אם זה עובד, אני מוסיף את זה למשלוח הקרוב.",מלאי לחגים — אל תיגמר לכם · מחוץ ליום המסלול,,
2026-10-01,חמישי,תום,וואטסאפ — תום,וואטסאפ 1,"סאנה (ני - וואה בע""מ)",T3,עומק,תה בלבד,צפון,שלישי,NAMASTEA 1 ל׳ ₪65,GT-MAS-CHA-1L,DETOX 1 ל׳ ₪65 ⚠מלאי0,,תפריט הקטגוריה של המשפחה,2127,3822,,,"היי סאנה, אתם על ₪234 נמסטיאה (צ'אי מסאלה) בשנה; בתי עסק כמוכם על ₪1,150. להוסיף 2 יחידות NAMASTEA 1000ml למשלוח הקרוב? כן/לא","אתם מזמינים נמסטיאה (צ'אי מסאלה) באופן קבוע — ₪234 ב-12 החודשים האחרונים, בקצב של הזמנה כל 58 ימים.",אני מוסיף NAMASTEA 1000ml — 2 יחידות למשלוח הקרוב שלכם. שום דבר אחר בהזמנה לא משתנה.,מלאי לחגים — אל תיגמר לכם · מחוץ ליום המסלול,,
2026-10-01,חמישי,תום,וואטסאפ — תום,וואטסאפ 1,"פטיט פוד בע""מ (קפה ארצי)",T3,רוחב,תה בלבד,מרכז,ראשון/שני/חמישי,CALM 1 ל׳ ₪65,GT-CHA-LOW-1L,ENERGY 1 ל׳ ₪65 · REVIVE 1 ל׳ ₪65,,תפריט קטגוריה · כרטיס מתכון · דף ציוד לאבקות,2101,9227,,,"היי פטיט פוד, עברתי על ההזמנות שלכם. קאלם אף פעם לא נכנסה אליכם, ו-57.6% מבתי עסק שמוכרים בעיקר תה קר קונים קאלם. שווה ₪674 בשנה. להוסיף CALM 1000ml למשלוח הקרוב? כן/לא","אתם מזמינים מאיתנו פרש, דיטוקס, נמסטיאה (צ'אי מסאלה) — וקאלם אף פעם לא נכנסה להזמנה. 57.6% מבתי עסק שמוכרים בעיקר תה קר קונים קאלם.","אני קופץ אליכם לרבע שעה ומראה לבריסטה את חליטת קמומיל ותפוח על CALM 1000ml — ₪3.25 עלות רכיבים לכוס, ₪20 בתפריט, 81% רווח. אם זה עובד, אני מוסיף את זה למשלוח הקרוב.",מלאי לחגים — אל תיגמר לכם,,
2026-10-01,חמישי,תום,וואטסאפ — תום,וואטסאפ 1,"ברדקלאב בייקרי בע""מ (בראדקלאב שרונים)",T3,עומק,מעורב,מרכז,ראשון/שני/חמישי,NAMASTEA 1 ל׳ ₪65,GT-MAS-CHA-1L,סנגריה ורודה 1 ל׳ ₪45,,תפריט הקטגוריה של המשפחה,2075,7573,,,"היי ברדקלאב בייקרי, אתם על ₪571 נמסטיאה (צ'אי מסאלה) בשנה; בתי עסק כמוכם על ₪1,465. להוסיף 2 יחידות NAMASTEA 1000ml למשלוח הקרוב? כן/לא","אתם מזמינים נמסטיאה (צ'אי מסאלה) באופן קבוע — ₪571 ב-12 החודשים האחרונים, בקצב של הזמנה כל 42 ימים.",אני מוסיף NAMASTEA 1000ml — 2 יחידות למשלוח הקרוב שלכם. שום דבר אחר בהזמנה לא משתנה.,מלאי לחגים — אל תיגמר לכם,,
2026-10-01,חמישי,תום,וואטסאפ — תום,וואטסאפ 1,קפה וכו׳ בע״מ (קפה עם),T3,רוחב,תה בלבד,מרכז,ראשון/שני/חמישי,ENERGY 1 ל׳ ₪65,GT-LEM-LOW-1L,REVIVE 1 ל׳ ₪65,,תפריט קטגוריה · כרטיס מתכון · דף ציוד לאבקות,2070,13391,,,"היי קפה וכו׳, עברתי על ההזמנות שלכם. אנרג'י אף פעם לא נכנסה אליכם, ו-53.9% מבתי עסק שמוכרים בעיקר תה קר קונים אנרג'י. שווה ₪1,254 בשנה. להוסיף ENERGY 1000ml למשלוח הקרוב? כן/לא","אתם מזמינים מאיתנו נמסטיאה (צ'אי מסאלה), מאצ'ה, דיטוקס — ואנרג'י אף פעם לא נכנסה להזמנה. 53.9% מבתי עסק שמוכרים בעיקר תה קר קונים אנרג'י.","אני קופץ אליכם לרבע שעה ומראה לבריסטה את חליטת תה ירוק ולמון גראס על ENERGY 1000ml — ₪3.25 עלות רכיבים לכוס, ₪20 בתפריט, 81% רווח. אם זה עובד, אני מוסיף את זה למשלוח הקרוב.",מלאי לחגים — אל תיגמר לכם,,
2026-10-01,חמישי,תום,וואטסאפ — תום,וואטסאפ 1,שני פרוינד (בליקמח במושבה),T3,עומק,מעורב,צפון,שלישי,GT-LUI-FRE-1L,GT-LUI-FRE-1L,סנגריה ורודה 1 ל׳ ₪45,,תפריט הקטגוריה של המשפחה,2045,7470,,,"היי שני פרוינד, אתם על ₪705 דיטוקס בשנה; בתי עסק כמוכם על ₪1,586. להוסיף 3 יחידות DETOX Sugar-Free 1000ml למשלוח הקרוב? כן/לא","אתם מזמינים דיטוקס באופן קבוע — ₪705 ב-12 החודשים האחרונים, בקצב של הזמנה כל 70 ימים.",אני מוסיף DETOX Sugar-Free 1000ml — 3 יחידות למשלוח הקרוב שלכם. שום דבר אחר בהזמנה לא משתנה.,מלאי לחגים — אל תיגמר לכם · מחוץ ליום המסלול,,
2026-10-04,ראשון,אבי,פגישה — אלכס + אבי,מעקב 2 — סגירה,גאפן גאפן,T1,החלפת מוזה,בר,דרום,רביעי,CALM 1 ל׳ ₪65,GT-CHA-LOW-1L,FRESH 1 ל׳ ₪65 ⚠מלאי0 · סנגריה ורודה 1 ל׳ ₪45,M2 מיקסר במקום קוקטייל · M3 סנגריה ורודה,כרטיסי הגשה FRESH/CALM · מפת המעבר ממוזה · דף סנגריה ורודה,57774,30419,43739,34841,,,"אני מוסיף תרכיז למשלוח הקרוב ושולח כרטיס הגשה. ליטר ב-₪65 נותן 20 מנות — עלות מזיגה ₪10 מול ₪13 שהיו לכם, ואותו בקבוק משרת גם את תפריט התה וגם אפס-אלכוהול.",,,
2026-10-04,ראשון,אבי,פגישה — אלכס + אבי,מעקב 1 — אבי,בבקה,T1,החלפת מוזה,ספיישלטי,מרכז,ראשון/שני/חמישי,CALM 1 ל׳ ₪65,GT-CHA-LOW-1L,FRESH 1 ל׳ ₪65 ⚠מלאי0 · סנגריה ורודה 1 ל׳ ₪45,"M1 אותו בקבוק, תפריט ערב · M3 סנגריה ורודה",כרטיסי הגשה FRESH/CALM · מפת המעבר ממוזה · דף סנגריה ורודה,41963,187881,22920,18257,,,"אני שולח כרטיס הגשה, ומוסיף עוד תרכיז למשלוח הקרוב כדי שיהיה מספיק לשני חלקי התפריט. אפס מוצר חדש, אפס מדף חדש.",,,
2026-10-04,ראשון,אלכס+אבי,פגישה — אלכס + אבי,פגישה משותפת,בר קפה 58,T1,החלפת מוזה,תה בלבד,מרכז,ראשון/שני/חמישי,CALM 1 ל׳ ₪65,GT-CHA-LOW-1L,FRESH 1 ל׳ ₪65 ⚠מלאי0 · סנגריה ורודה 1 ל׳ ₪45,"M1 אותו בקבוק, תפריט ערב · M3 סנגריה ורודה",כרטיסי הגשה FRESH/CALM · מפת המעבר ממוזה · דף סנגריה ורודה,25970,51973,20186,16080,"היי בר קפה 58, מוזה ירדה אצלנו מהקו — גם הקוקטיילים וגם המיקסרים. אתם הייתם על ₪20,186 בשנה. הדבר הכי פשוט: התרכיז שכבר אצלכם עובד גם כבסיס קוקטייל בערב — 50 מ״ל, ואתם מוסיפים את האלכוהול. לשלוח כרטיס הגשה? כן/לא","עד עכשיו הזמנתם מוזה — ₪20,186 בשנה. הוצאנו את הקו, ואני לא רוצה שתישארו בלי משקה ערב. אבל אתם כבר קונים את התרכיז שלנו — ואותו בקבוק בדיוק הוא בסיס הקוקטייל.","אני שולח כרטיס הגשה, ומוסיף עוד תרכיז למשלוח הקרוב כדי שיהיה מספיק לשני חלקי התפריט. אפס מוצר חדש, אפס מדף חדש.",מוזה — חלל פעיל בתפריט,,
2026-10-04,ראשון,תום,וואטסאפ — תום,וואטסאפ 3 — סגירה,"הרואה בקפה בע""מ",T3,החלפת מוזה,מעורב,צפון,שלישי,CALM 1 ל׳ ₪65,GT-CHA-LOW-1L,FRESH 1 ל׳ ₪65 ⚠מלאי0 · סנגריה ורודה 1 ל׳ ₪45,M2 מיקסר במקום קוקטייל · M3 סנגריה ורודה,כרטיסי הגשה FRESH/CALM · מפת המעבר ממוזה · דף סנגריה ורודה,19500,14578,13200,10515,,,"אני מוסיף תרכיז למשלוח הקרוב ושולח כרטיס הגשה. ליטר ב-₪65 נותן 20 מנות — עלות מזיגה ₪10 מול ₪13 שהיו לכם, ואותו בקבוק משרת גם את תפריט התה וגם אפס-אלכוהול.",,,
2026-10-04,ראשון,תום,וואטסאפ — תום,וואטסאפ 3 — סגירה,"מתחם האוכל אפרת בע""מ",T3,החלפת מוזה,תה בלבד,דרום,רביעי,CALM 1 ל׳ ₪65,GT-CHA-LOW-1L,FRESH 1 ל׳ ₪65 ⚠מלאי0 · סנגריה ורודה 1 ל׳ ₪45,"M1 אותו בקבוק, תפריט ערב · M3 סנגריה ורודה",כרטיסי הגשה FRESH/CALM · מפת המעבר ממוזה · דף סנגריה ורודה,5783,5516,4886,3892,,,"אני שולח כרטיס הגשה, ומוסיף עוד תרכיז למשלוח הקרוב כדי שיהיה מספיק לשני חלקי התפריט. אפס מוצר חדש, אפס מדף חדש.",,,
2026-10-04,ראשון,תום,וואטסאפ — תום,וואטסאפ 3 — סגירה,"סינמה טייק וואן בע""מ (קפה טופול)",T3,החלפת מוזה,מעורב,מרכז,ראשון/שני/חמישי,CALM 1 ל׳ ₪65,GT-CHA-LOW-1L,FRESH 1 ל׳ ₪65 ⚠מלאי0 · סנגריה ורודה 1 ל׳ ₪45,M2 מיקסר במקום קוקטייל · M3 סנגריה ורודה,כרטיסי הגשה FRESH/CALM · מפת המעבר ממוזה · דף סנגריה ורודה,4722,6117,3366,2681,,,"אני מוסיף תרכיז למשלוח הקרוב ושולח כרטיס הגשה. ליטר ב-₪65 נותן 20 מנות — עלות מזיגה ₪10 מול ₪13 שהיו לכם, ואותו בקבוק משרת גם את תפריט התה וגם אפס-אלכוהול.",,,
2026-10-04,ראשון,תום,וואטסאפ — תום,וואטסאפ 3 — סגירה,"קפה ללה (שירי ביסטרו בע""מ)",T3,החלפת מוזה,ספיישלטי,צפון,שלישי,CALM 1 ל׳ ₪65,GT-CHA-LOW-1L,FRESH 1 ל׳ ₪65 ⚠מלאי0 · סנגריה ורודה 1 ל׳ ₪45,"M1 אותו בקבוק, תפריט ערב · M3 סנגריה ורודה",כרטיסי הגשה FRESH/CALM · מפת המעבר ממוזה · דף סנגריה ורודה,4207,8714,2380,1896,,,"אני שולח כרטיס הגשה, ומוסיף עוד תרכיז למשלוח הקרוב כדי שיהיה מספיק לשני חלקי התפריט. אפס מוצר חדש, אפס מדף חדש.",,,
2026-10-04,ראשון,תום,וואטסאפ — תום,וואטסאפ 3 — סגירה,הרואה 39,T3,החלפת מוזה,ספיישלטי,מרכז,ראשון/שני/חמישי,CALM 1 ל׳ ₪65,GT-CHA-LOW-1L,FRESH 1 ל׳ ₪65 ⚠מלאי0 · סנגריה ורודה 1 ל׳ ₪45,"M1 אותו בקבוק, תפריט ערב · M3 סנגריה ורודה",כרטיסי הגשה FRESH/CALM · מפת המעבר ממוזה · דף סנגריה ורודה,3925,2045,3925,3127,,,"אני שולח כרטיס הגשה, ומוסיף עוד תרכיז למשלוח הקרוב כדי שיהיה מספיק לשני חלקי התפריט. אפס מוצר חדש, אפס מדף חדש.",,,
2026-10-04,ראשון,תום,וואטסאפ — תום,וואטסאפ 3 — סגירה,איטאלי,T3,החלפת מוזה,מעורב,מרכז,ראשון/שני/חמישי,CALM 1 ל׳ ₪65,GT-CHA-LOW-1L,FRESH 1 ל׳ ₪65 ⚠מלאי0 · סנגריה ורודה 1 ל׳ ₪45,M2 מיקסר במקום קוקטייל · M3 סנגריה ורודה,כרטיסי הגשה FRESH/CALM · מפת המעבר ממוזה · דף סנגריה ורודה,3208,159,3208,2555,,,"אני מוסיף תרכיז למשלוח הקרוב ושולח כרטיס הגשה. ליטר ב-₪65 נותן 20 מנות — עלות מזיגה ₪10 מול ₪13 שהיו לכם, ואותו בקבוק משרת גם את תפריט התה וגם אפס-אלכוהול.",,,
2026-10-04,ראשון,תום,וואטסאפ — תום,וואטסאפ 3 — סגירה,"גפאן בית שמש (ואי.אמ.די מסעדות בע""מ)",T3,החלפת מוזה,תה בלבד,דרום,רביעי,CALM 1 ל׳ ₪65,GT-CHA-LOW-1L,FRESH 1 ל׳ ₪65 ⚠מלאי0 · סנגריה ורודה 1 ל׳ ₪45,"M1 אותו בקבוק, תפריט ערב · M3 סנגריה ורודה",כרטיסי הגשה FRESH/CALM · מפת המעבר ממוזה · דף סנגריה ורודה,2824,453,2824,2250,,,"אני שולח כרטיס הגשה, ומוסיף עוד תרכיז למשלוח הקרוב כדי שיהיה מספיק לשני חלקי התפריט. אפס מוצר חדש, אפס מדף חדש.",,,
2026-10-04,ראשון,תום,וואטסאפ — תום,וואטסאפ 3 — סגירה,"ליבי פטיסרי בע""מ (קונדיטוריית ליבי)",T3,החלפת מוזה,תה בלבד,צפון,שלישי,CALM 1 ל׳ ₪65,GT-CHA-LOW-1L,FRESH 1 ל׳ ₪65 ⚠מלאי0 · סנגריה ורודה 1 ל׳ ₪45,"M1 אותו בקבוק, תפריט ערב · M3 סנגריה ורודה",כרטיסי הגשה FRESH/CALM · מפת המעבר ממוזה · דף סנגריה ורודה,2547,6293,1958,1560,,,"אני שולח כרטיס הגשה, ומוסיף עוד תרכיז למשלוח הקרוב כדי שיהיה מספיק לשני חלקי התפריט. אפס מוצר חדש, אפס מדף חדש.",,,
2026-10-04,ראשון,תום,וואטסאפ — תום,וואטסאפ 3 — סגירה,קפה גינה,T3,החלפת מוזה,ספיישלטי,מרכז,ראשון/שני/חמישי,CALM 1 ל׳ ₪65,GT-CHA-LOW-1L,FRESH 1 ל׳ ₪65 ⚠מלאי0 · סנגריה ורודה 1 ל׳ ₪45,"M1 אותו בקבוק, תפריט ערב · M3 סנגריה ורודה",כרטיסי הגשה FRESH/CALM · מפת המעבר ממוזה · דף סנגריה ורודה,1665,9409,576,459,,,"אני שולח כרטיס הגשה, ומוסיף עוד תרכיז למשלוח הקרוב כדי שיהיה מספיק לשני חלקי התפריט. אפס מוצר חדש, אפס מדף חדש.",,,
2026-10-04,ראשון,תום,וואטסאפ — תום,וואטסאפ 3 — סגירה,אתנחתא אכזיב,T3,החלפת מוזה,ספיישלטי,צפון,שלישי,CALM 1 ל׳ ₪65,GT-CHA-LOW-1L,FRESH 1 ל׳ ₪65 ⚠מלאי0 · סנגריה ורודה 1 ל׳ ₪45,"M1 אותו בקבוק, תפריט ערב · M3 סנגריה ורודה",כרטיסי הגשה FRESH/CALM · מפת המעבר ממוזה · דף סנגריה ורודה,1459,4899,1459,1162,,,"אני שולח כרטיס הגשה, ומוסיף עוד תרכיז למשלוח הקרוב כדי שיהיה מספיק לשני חלקי התפריט. אפס מוצר חדש, אפס מדף חדש.",,,
2026-10-04,ראשון,תום,משימת מערכת,משימת מערכת,לוח התוצאות השבועי — q4_scoreboard.py,—,—,,,,,,,,,,,,,,,,נקרא עם תמונת התזרים של ראשון,,
2026-10-05,שני,אלכס+אבי,פגישה — אלכס + אבי,פגישה משותפת,סטקיית הבוקרים,T1,החלפת מוזה,מעורב,צפון,שלישי,CALM 1 ל׳ ₪65,GT-CHA-LOW-1L,FRESH 1 ל׳ ₪65 ⚠מלאי0 · סנגריה ורודה 1 ל׳ ₪45,M2 מיקסר במקום קוקטייל · M3 סנגריה ורודה,כרטיסי הגשה FRESH/CALM · מפת המעבר ממוזה · דף סנגריה ורודה,24728,1284,24728,19698,"היי סטקיית הבוקרים, מוזה ירדה אצלנו מהקו — גם הקוקטיילים וגם המיקסרים. אתם הייתם על ₪24,728 בשנה. במקום: תרכיז GT כבסיס קוקטייל — ₪65 לליטר, 20 מנות, אתם מוסיפים את האלכוהול שלכם. יוצא food cost נמוך יותר ממה שהיה לכם עם מוזה. לשלוח כרטיס הגשה? כן/לא","עד עכשיו הזמנתם מוזה — ₪24,728 בשנה. הוצאנו את הקו. במקום קוקטייל מוכן אני מציע לכם את הבסיס: תרכיז GT, 50 מ״ל למנה, והבר מוסיף את האלכוהול שלו.","אני מוסיף תרכיז למשלוח הקרוב ושולח כרטיס הגשה. ליטר ב-₪65 נותן 20 מנות — עלות מזיגה ₪10 מול ₪13 שהיו לכם, ואותו בקבוק משרת גם את תפריט התה וגם אפס-אלכוהול.",מוזה — חלל פעיל בתפריט,,
2026-10-05,שני,תום,וואטסאפ — תום,וואטסאפ 1,דורה,T3,החלפת מוזה,מעורב,צפון,שלישי,CALM 1 ל׳ ₪65,GT-CHA-LOW-1L,FRESH 1 ל׳ ₪65 ⚠מלאי0 · סנגריה ורודה 1 ל׳ ₪45,M2 מיקסר במקום קוקטייל · M3 סנגריה ורודה,כרטיסי הגשה FRESH/CALM · מפת המעבר ממוזה · דף סנגריה ורודה,1432,11351,1432,1141,"היי דורה, מוזה ירדה אצלנו מהקו — גם הקוקטיילים וגם המיקסרים. אתם הייתם על ₪1,432 בשנה. במקום: תרכיז GT כבסיס קוקטייל — ₪65 לליטר, 20 מנות, אתם מוסיפים את האלכוהול שלכם. יוצא food cost נמוך יותר ממה שהיה לכם עם מוזה. לשלוח כרטיס הגשה? כן/לא","עד עכשיו הזמנתם מוזה — ₪1,432 בשנה. הוצאנו את הקו. במקום קוקטייל מוכן אני מציע לכם את הבסיס: תרכיז GT, 50 מ״ל למנה, והבר מוסיף את האלכוהול שלו.","אני מוסיף תרכיז למשלוח הקרוב ושולח כרטיס הגשה. ליטר ב-₪65 נותן 20 מנות — עלות מזיגה ₪10 מול ₪13 שהיו לכם, ואותו בקבוק משרת גם את תפריט התה וגם אפס-אלכוהול.",מוזה — חלל פעיל בתפריט,,
2026-10-05,שני,תום,וואטסאפ — תום,וואטסאפ 3 — סגירה,ג'חנון בכפר (פופ אפ בייקרי),T3,החלפת מוזה,מעורב,מרכז,ראשון/שני/חמישי,CALM 1 ל׳ ₪65,GT-CHA-LOW-1L,FRESH 1 ל׳ ₪65 ⚠מלאי0 · סנגריה ורודה 1 ל׳ ₪45,M2 מיקסר במקום קוקטייל · M3 סנגריה ורודה,כרטיסי הגשה FRESH/CALM · מפת המעבר ממוזה · דף סנגריה ורודה,880,,880,701,,,"אני מוסיף תרכיז למשלוח הקרוב ושולח כרטיס הגשה. ליטר ב-₪65 נותן 20 מנות — עלות מזיגה ₪10 מול ₪13 שהיו לכם, ואותו בקבוק משרת גם את תפריט התה וגם אפס-אלכוהול.",,,
2026-10-05,שני,תום,וואטסאפ — תום,וואטסאפ 3 — סגירה,גפן דלי (ע״מ גפן מעדניות),T3,החלפת מוזה,ספיישלטי,מרכז,ראשון/שני/חמישי,CALM 1 ל׳ ₪65,GT-CHA-LOW-1L,FRESH 1 ל׳ ₪65 ⚠מלאי0 · סנגריה ורודה 1 ל׳ ₪45,"M1 אותו בקבוק, תפריט ערב · M3 סנגריה ורודה",כרטיסי הגשה FRESH/CALM · מפת המעבר ממוזה · דף סנגריה ורודה,864,5779,864,688,,,"אני שולח כרטיס הגשה, ומוסיף עוד תרכיז למשלוח הקרוב כדי שיהיה מספיק לשני חלקי התפריט. אפס מוצר חדש, אפס מדף חדש.",,,
2026-10-05,שני,תום,וואטסאפ — תום,וואטסאפ 2 — תוכן אחר,"הרואה בקפה בע""מ",T3,החלפת מוזה,מעורב,צפון,שלישי,CALM 1 ל׳ ₪65,GT-CHA-LOW-1L,FRESH 1 ל׳ ₪65 ⚠מלאי0 · סנגריה ורודה 1 ל׳ ₪45,M2 מיקסר במקום קוקטייל · M3 סנגריה ורודה,כרטיסי הגשה FRESH/CALM · מפת המעבר ממוזה · דף סנגריה ורודה,19500,14578,13200,10515,,,,,,
2026-10-05,שני,תום,וואטסאפ — תום,וואטסאפ 2 — תוכן אחר,"ברדא פוראבר בע""מ",T3,עומק,ספיישלטי,צפון,שלישי,סנגריה ורודה 1 ל׳ ₪45,GTCC-PIN-SAN-1L,NAMASTEA 1 ל׳ ₪65 · מחית תות ₪60,,תפריט הקטגוריה של המשפחה,9103,18123,,,,,,,,
2026-10-05,שני,תום,וואטסאפ — תום,וואטסאפ 2 — תוכן אחר,"קפה ללה (שירי ביסטרו בע""מ)",T3,החלפת מוזה,ספיישלטי,צפון,שלישי,CALM 1 ל׳ ₪65,GT-CHA-LOW-1L,FRESH 1 ל׳ ₪65 ⚠מלאי0 · סנגריה ורודה 1 ל׳ ₪45,"M1 אותו בקבוק, תפריט ערב · M3 סנגריה ורודה",כרטיסי הגשה FRESH/CALM · מפת המעבר ממוזה · דף סנגריה ורודה,4207,8714,2380,1896,,,,,,
2026-10-05,שני,תום,וואטסאפ — תום,וואטסאפ 2 — תוכן אחר,בריסטה (וגדי טריף),T3,רוחב,ספיישלטי,צפון,שלישי,מחית תות ₪60,GT-ODK-STR-1,UBE 1ק״ג ₪340 · DETOX 1 ל׳ ₪65 ⚠מלאי0,,תפריט קטגוריה · כרטיס מתכון · דף ציוד לאבקות,4205,9835,,,,,,,,
2026-10-05,שני,תום,וואטסאפ — תום,וואטסאפ 2 — תוכן אחר,"לופן בייקרי בע""מ",T3,עומק,ספיישלטי,צפון,שלישי,NAMASTEA 1 ל׳ ₪65,GT-MAS-CHA-1L,מחית תות ₪60 · FRESH 1 ל׳ ₪65 ⚠מלאי0,,תפריט הקטגוריה של המשפחה,3282,14408,,,,,,,,
2026-10-05,שני,תום,וואטסאפ — תום,וואטסאפ 2 — תוכן אחר,"זיגו קפה מאפיה מטבח מקומי בע""מ (זיגו)",T3,רוחב,תה בלבד,צפון,שלישי,ENERGY 1 ל׳ ₪65,GT-LEM-LOW-1L,CONSCIOUSNESS 1 ל׳ ₪65,,תפריט קטגוריה · כרטיס מתכון · דף ציוד לאבקות,2726,18563,,,,,,,,
2026-10-05,שני,תום,וואטסאפ — תום,וואטסאפ 2 — תוכן אחר,"ליבי פטיסרי בע""מ (קונדיטוריית ליבי)",T3,החלפת מוזה,תה בלבד,צפון,שלישי,CALM 1 ל׳ ₪65,GT-CHA-LOW-1L,FRESH 1 ל׳ ₪65 ⚠מלאי0 · סנגריה ורודה 1 ל׳ ₪45,"M1 אותו בקבוק, תפריט ערב · M3 סנגריה ורודה",כרטיסי הגשה FRESH/CALM · מפת המעבר ממוזה · דף סנגריה ורודה,2547,6293,1958,1560,,,,,,
2026-10-05,שני,תום,משימת מערכת,משימת מערכת,W7 — לתקן את שיעורי ההמרה מתוצאות אמת,—,—,,,,,,,,,,,,,,,,לפי ערוץ ולפי מהלך,,
2026-10-06,שלישי,אבי,שיחה — אבי,שיחה 1,דנדי,T2,רוחב,מעורב,מרכז,ראשון/שני/חמישי,מאצ׳ה 500g ₪590,GT-SHI-CER-500,NAMASTEA 1 ל׳ ₪65 · סנגריה ורודה 1 ל׳ ₪45,,תפריט קטגוריה · כרטיס מתכון · דף ציוד לאבקות,13696,26986,,,"היי דנדי, עברתי על ההזמנות שלכם. מאצ'ה אף פעם לא נכנסה אליכם, ו-79.2% מבתי עסק עם תפריט מעורב קונים מאצ'ה. שווה ₪5,983 בשנה. להוסיף Shizuoka Ceremonial Matcha Bag 500g למשלוח הקרוב? כן/לא","2 סניפים שלכם מזמינים מאיתנו, ומאצ'ה לא נכנסה לאף אחד מהם. 79.2% מבתי עסק עם תפריט מעורב קונים מאצ'ה.","אני קופץ אליכם לרבע שעה ומראה לבריסטה את אייס מאצ'ה קלאסי על Shizuoka Ceremonial Matcha Bag 500g — ₪4.26 עלות רכיבים לכוס, ₪26 בתפריט, 81% רווח. אם זה עובד, אני מוסיף את זה למשלוח הקרוב.",,,
2026-10-06,שלישי,אבי,שיחה — אבי,שיחה 1,גוטה,T2,רוחב,תה בלבד,מרכז,ראשון/שני/חמישי,FRESH 1 ל׳ ₪65 ⚠מלאי0,GT-HIB-LOW-1L,NAMASTEA 1 ל׳ ₪65 · ENERGY 1 ל׳ ₪65,,תפריט קטגוריה · כרטיס מתכון · דף ציוד לאבקות,12413,20592,,,"היי גוטה, עברתי על ההזמנות שלכם. פרש אף פעם לא נכנסה אליכם, ו-77.0% מבתי עסק שמוכרים בעיקר תה קר קונים פרש. שווה ₪4,119 בשנה. להוסיף FRESH 1000ml למשלוח הקרוב? כן/לא","2 סניפים שלכם מזמינים מאיתנו, ופרש לא נכנסה לאף אחד מהם. 77.0% מבתי עסק שמוכרים בעיקר תה קר קונים פרש.","אני קופץ אליכם לרבע שעה ומראה לבריסטה את חליטת היביסקוס וליים על FRESH 1000ml — ₪3.25 עלות רכיבים לכוס, ₪20 בתפריט, 81% רווח. אם זה עובד, אני מוסיף את זה למשלוח הקרוב.",,,
2026-10-06,שלישי,אבי,שיחה — אבי,שיחה 1,פתאל,T2,רוחב,תה בלבד,מרכז,ראשון/שני/חמישי,NAMASTEA 1 ל׳ ₪65,GT-MAS-CHA-1L,REVIVE 1 ל׳ ₪65 · CALM 1 ל׳ ₪65,,תפריט קטגוריה · כרטיס מתכון · דף ציוד לאבקות,10404,47304,,,"היי פתאל, עברתי על ההזמנות שלכם. נמסטיאה (צ'אי מסאלה) אף פעם לא נכנסה אליכם, ו-55.8% מבתי עסק שמוכרים בעיקר תה קר קונים נמסטיאה (צ'אי מסאלה). שווה ₪5,765 בשנה. להוסיף NAMASTEA 1000ml למשלוח הקרוב? כן/לא","אתם מזמינים מאיתנו דיטוקס, פרש, קונשסנס — ונמסטיאה (צ'אי מסאלה) אף פעם לא נכנסה להזמנה. 55.8% מבתי עסק שמוכרים בעיקר תה קר קונים נמסטיאה (צ'אי מסאלה).","אני קופץ אליכם לרבע שעה ומראה לבריסטה את לימונדת צ'אי מסאלה על NAMASTEA 1000ml — ₪3.95 עלות רכיבים לכוס, ₪22 בתפריט, 79% רווח. אם זה עובד, אני מוסיף את זה למשלוח הקרוב.",,,
2026-10-06,שלישי,אבי,שיחה — אבי,שיחה 1,ביער בייקרי,T2,עומק,ספיישלטי,מרכז,ראשון/שני/חמישי,DETOX 1 ל׳ ₪65 ⚠מלאי0,GT-LUI-LOW-1L,מחית תות ₪60 · GT-HIB-FRE-1L,,תפריט הקטגוריה של המשפחה,10031,38770,,,"היי ביער בייקרי, אתם על ₪855 דיטוקס בשנה; בתי עסק כמוכם על ₪4,765. להוסיף יחידה אחת DETOX 1000ml למשלוח הקרוב? כן/לא","דיטוקס כבר נמצאת ב-2 מתוך 2 הסניפים שלכם, ובכל אחד מהם הכמות נמוכה מחצי ממה שבית עסק דומה מזמין — ₪1,955 לסניף בשנה, ₪3,910 לרשת.",אני מוסיף DETOX 1000ml — יחידה אחת לסניף (2 לרשת) למשלוח הקרוב שלכם. שום דבר אחר בהזמנה לא משתנה.,,,
2026-10-06,שלישי,אבי,משימת מערכת,משימת מערכת,לכידת טלפונים — מנה 9 (10 חשבונות),—,—,,,,,,,,,,,,,,,,"מ-Green Invoice, מסירות LionWheel ורשומות ההזמנה. 0 מתוך 153 בשופיפיי",,
2026-10-06,שלישי,תום,וואטסאפ — תום,וואטסאפ 3 — סגירה,"א.ר.נ. מסעדות קריית אונו בע""מ (קיסו - Kisu)",T3,רוחב,תה בלבד,מרכז,ראשון/שני/חמישי,DETOX 1 ל׳ ₪65 ⚠מלאי0,GT-LUI-LOW-1L,FRESH 1 ל׳ ₪65 ⚠מלאי0 · NAMASTEA 1 ל׳ ₪65,,תפריט קטגוריה · כרטיס מתכון · דף ציוד לאבקות,8799,10248,,,,,"אני קופץ אליכם לרבע שעה ומראה לבריסטה את חליטת תות לואיזה על DETOX 1000ml — ₪4.80 עלות רכיבים לכוס, ₪31 בתפריט, 82% רווח. אם זה עובד, אני מוסיף את זה למשלוח הקרוב.",,,
2026-10-06,שלישי,תום,וואטסאפ — תום,וואטסאפ 3 — סגירה,קפה אנסטסיה בע״מ,T3,רוחב,ספיישלטי,מרכז,ראשון/שני/חמישי,DETOX 1 ל׳ ₪65 ⚠מלאי0,GT-LUI-LOW-1L,NAMASTEA 1 ל׳ ₪65 · FRESH 1 ל׳ ₪65 ⚠מלאי0,,תפריט קטגוריה · כרטיס מתכון · דף ציוד לאבקות,7788,24370,,,,,"אני קופץ אליכם לרבע שעה ומראה לבריסטה את חליטת תות לואיזה על DETOX 1000ml — ₪4.80 עלות רכיבים לכוס, ₪31 בתפריט, 82% רווח. אם זה עובד, אני מוסיף את זה למשלוח הקרוב.",,,
2026-10-06,שלישי,תום,וואטסאפ — תום,וואטסאפ 3 — סגירה,סברה קפה בע״מ,T3,רוחב,מעורב,מרכז,ראשון/שני/חמישי,מאצ׳ה 500g ₪590,GT-SHI-CER-500,סנגריה ורודה 1 ל׳ ₪45 · GT-JAS-LOW-0.5L,,תפריט קטגוריה · כרטיס מתכון · דף ציוד לאבקות,6573,13267,,,,,"אני קופץ אליכם לרבע שעה ומראה לבריסטה את אייס אובה מאצ'ה על Shizuoka Ceremonial Matcha Bag 500g — ₪4.96 עלות רכיבים לכוס, ₪28 בתפריט, 79% רווח. אם זה עובד, אני מוסיף את זה למשלוח הקרוב.",,,
2026-10-06,שלישי,תום,וואטסאפ — תום,וואטסאפ 3 — סגירה,"שולה בחצר בע""מ",T3,רוחב,תה בלבד,מרכז,ראשון/שני/חמישי,DETOX 1 ל׳ ₪65 ⚠מלאי0,GT-LUI-LOW-1L,DESERTEA 1 ל׳ ₪65 · FRESH 1 ל׳ ₪65 ⚠מלאי0,,תפריט קטגוריה · כרטיס מתכון · דף ציוד לאבקות,5602,6903,,,,,"אני קופץ אליכם לרבע שעה ומראה לבריסטה את חליטת תות לואיזה על DETOX 1000ml — ₪4.80 עלות רכיבים לכוס, ₪31 בתפריט, 82% רווח. אם זה עובד, אני מוסיף את זה למשלוח הקרוב.",,,
2026-10-06,שלישי,תום,וואטסאפ — תום,וואטסאפ 2 — תוכן אחר,"קפה פאזל בע""מ",T3,רוחב,תה בלבד,דרום,רביעי,FRESH 1 ל׳ ₪65 ⚠מלאי0,GT-HIB-LOW-1L,NAMASTEA 1 ל׳ ₪65 · ENERGY 1 ל׳ ₪65,,תפריט קטגוריה · כרטיס מתכון · דף ציוד לאבקות,2433,5856,,,,,,,,
2026-10-06,שלישי,תום,וואטסאפ — תום,וואטסאפ 2 — תוכן אחר,בוטקה,T3,עומק,תה בלבד,דרום,רביעי,NAMASTEA 1 ל׳ ₪65,GT-MAS-CHA-1L,DETOX 1 ל׳ ₪65 ⚠מלאי0,,תפריט הקטגוריה של המשפחה,2404,4680,,,,,,,,
2026-10-06,שלישי,תום,וואטסאפ — תום,וואטסאפ 2 — תוכן אחר,יונייטד פאסט קז'ואל אינק (פוקי סניף הרצליה),T3,רוחב,תה בלבד,מרכז,ראשון/שני/חמישי,NAMASTEA 1 ל׳ ₪65,GT-MAS-CHA-1L,ENERGY 1 ל׳ ₪65 · CALM 1 ל׳ ₪65,,תפריט קטגוריה · כרטיס מתכון · דף ציוד לאבקות,2175,7535,,,,,,,,
2026-10-06,שלישי,תום,וואטסאפ — תום,וואטסאפ 2 — תוכן אחר,קפה במפעל א.ד.ם בע״מ,T3,רוחב,תה בלבד,דרום,רביעי,DETOX 1 ל׳ ₪65 ⚠מלאי0,GT-LUI-LOW-1L,FRESH 1 ל׳ ₪65 ⚠מלאי0,,תפריט קטגוריה · כרטיס מתכון · דף ציוד לאבקות,2129,4120,,,,,,,,
2026-10-06,שלישי,תום,וואטסאפ — תום,וואטסאפ 2 — תוכן אחר,"פטיט פוד בע""מ (קפה ארצי)",T3,רוחב,תה בלבד,מרכז,ראשון/שני/חמישי,CALM 1 ל׳ ₪65,GT-CHA-LOW-1L,ENERGY 1 ל׳ ₪65 · REVIVE 1 ל׳ ₪65,,תפריט קטגוריה · כרטיס מתכון · דף ציוד לאבקות,2101,9227,,,,,,,,
2026-10-06,שלישי,תום,וואטסאפ — תום,וואטסאפ 2 — תוכן אחר,"ברדקלאב בייקרי בע""מ (בראדקלאב שרונים)",T3,עומק,מעורב,מרכז,ראשון/שני/חמישי,NAMASTEA 1 ל׳ ₪65,GT-MAS-CHA-1L,סנגריה ורודה 1 ל׳ ₪45,,תפריט הקטגוריה של המשפחה,2075,7573,,,,,,,,
2026-10-06,שלישי,תום,משימת מערכת,משימת מערכת,W7 — לדרג מחדש את מה שנשאר,—,—,,,,,,,,,,,,,,,,,,
2026-10-07,רביעי,אבי,פגישה — אלכס + אבי,מעקב 1 — אבי,בר קפה 58,T1,החלפת מוזה,תה בלבד,מרכז,ראשון/שני/חמישי,CALM 1 ל׳ ₪65,GT-CHA-LOW-1L,FRESH 1 ל׳ ₪65 ⚠מלאי0 · סנגריה ורודה 1 ל׳ ₪45,"M1 אותו בקבוק, תפריט ערב · M3 סנגריה ורודה",כרטיסי הגשה FRESH/CALM · מפת המעבר ממוזה · דף סנגריה ורודה,25970,51973,20186,16080,,,"אני שולח כרטיס הגשה, ומוסיף עוד תרכיז למשלוח הקרוב כדי שיהיה מספיק לשני חלקי התפריט. אפס מוצר חדש, אפס מדף חדש.",,,
2026-10-07,רביעי,אבי,שיחה — אבי,שיחה 1,"קפה אניצ'ה בע""מ",T2,רוחב,ספיישלטי,מרכז,ראשון/שני/חמישי,DETOX 1 ל׳ ₪65 ⚠מלאי0,GT-LUI-LOW-1L,NAMASTEA 1 ל׳ ₪65 · FRESH 1 ל׳ ₪65 ⚠מלאי0,,תפריט קטגוריה · כרטיס מתכון · דף ציוד לאבקות,9729,31265,,,"היי קפה אניצ'ה, עברתי על ההזמנות שלכם. דיטוקס אף פעם לא נכנסה אליכם, ו-75.3% מבתי קפה שמוכרים מאצ'ה וסמוזי קונים דיטוקס. שווה ₪3,564 בשנה. להוסיף DETOX 1000ml למשלוח הקרוב? כן/לא","אתם מזמינים מאיתנו מאצ'ה, מחית פרי ODK — ודיטוקס אף פעם לא נכנסה להזמנה. 75.3% מבתי קפה שמוכרים מאצ'ה וסמוזי קונים דיטוקס.","אני קופץ אליכם לרבע שעה ומראה לבריסטה את חליטת תות לואיזה על DETOX 1000ml — ₪4.80 עלות רכיבים לכוס, ₪31 בתפריט, 82% רווח. אם זה עובד, אני מוסיף את זה למשלוח הקרוב.",,,
2026-10-07,רביעי,אבי,שיחה — אבי,שיחה 1,זוזוברה,T2,רוחב,תה בלבד,מרכז,ראשון/שני/חמישי,DETOX 1 ל׳ ₪65 ⚠מלאי0,GT-LUI-LOW-1L,FRESH 1 ל׳ ₪65 ⚠מלאי0 · NAMASTEA 1 ל׳ ₪65,,תפריט קטגוריה · כרטיס מתכון · דף ציוד לאבקות,9621,17168,,,"היי זוזוברה, עברתי על ההזמנות שלכם. דיטוקס אף פעם לא נכנסה אליכם, ו-78.8% מבתי עסק שמוכרים בעיקר תה קר קונים דיטוקס. שווה ₪5,439 בשנה. להוסיף DETOX 1000ml למשלוח הקרוב? כן/לא","3 סניפים שלכם מזמינים מאיתנו, ודיטוקס לא נכנסה לאף אחד מהם. 78.8% מבתי עסק שמוכרים בעיקר תה קר קונים דיטוקס.","אני קופץ אליכם לרבע שעה ומראה לבריסטה את חליטת תות לואיזה על DETOX 1000ml — ₪4.80 עלות רכיבים לכוס, ₪31 בתפריט, 82% רווח. אם זה עובד, אני מוסיף את זה למשלוח הקרוב.",,,
2026-10-07,רביעי,אבי,שיחה — אבי,שיחה 1,קפה מלבן,T2,עומק,תה בלבד,מרכז,ראשון/שני/חמישי,NAMASTEA 1 ל׳ ₪65,GT-MAS-CHA-1L,ENERGY 1 ל׳ ₪65 · CONSCIOUSNESS 1 ל׳ ₪65,,תפריט הקטגוריה של המשפחה,8805,20572,,,"היי קפה מלבן, אתם על ₪549 נמסטיאה (צ'אי מסאלה) בשנה; בתי עסק כמוכם על ₪4,829. להוסיף 4 יחידות NAMASTEA 1000ml למשלוח הקרוב? כן/לא","נמסטיאה (צ'אי מסאלה) כבר נמצאת ב-2 מתוך 2 הסניפים שלכם, ובכל אחד מהם הכמות נמוכה מחצי ממה שבית עסק דומה מזמין — ₪2,140 לסניף בשנה, ₪4,280 לרשת.",אני מוסיף NAMASTEA 1000ml — 4 יחידות לסניף (7 לרשת) למשלוח הקרוב שלכם. שום דבר אחר בהזמנה לא משתנה.,,,
2026-10-07,רביעי,אבי,משימת מערכת,משימת מערכת,לכידת טלפונים — מנה 10 (10 חשבונות),—,—,,,,,,,,,,,,,,,,"מ-Green Invoice, מסירות LionWheel ורשומות ההזמנה. 0 מתוך 153 בשופיפיי",,
2026-10-07,רביעי,אלכס,משימת מערכת,משימת מערכת,13:00 עם תום — 10 דקות על היעדים,—,—,,,,,,,,,,,,,,,,בפגישה שכבר קיימת,,
2026-10-08,חמישי,אבי,שיחה — אבי,שיחה 1,בורקס אבא תודה,T2,רוחב,תה בלבד,מרכז,ראשון/שני/חמישי,DETOX 1 ל׳ ₪65 ⚠מלאי0,GT-LUI-LOW-1L,FRESH 1 ל׳ ₪65 ⚠מלאי0 · NAMASTEA 1 ל׳ ₪65,,תפריט קטגוריה · כרטיס מתכון · דף ציוד לאבקות,5092,8658,,,"היי בורקס אבא תודה, עברתי על ההזמנות שלכם. דיטוקס אף פעם לא נכנסה אליכם, ו-78.8% מבתי עסק שמוכרים בעיקר תה קר קונים דיטוקס. שווה ₪2,743 בשנה. להוסיף DETOX 1000ml למשלוח הקרוב? כן/לא","2 סניפים שלכם מזמינים מאיתנו, ודיטוקס לא נכנסה לאף אחד מהם. 78.8% מבתי עסק שמוכרים בעיקר תה קר קונים דיטוקס.","אני קופץ אליכם לרבע שעה ומראה לבריסטה את חליטת תות לואיזה על DETOX 1000ml — ₪4.80 עלות רכיבים לכוס, ₪31 בתפריט, 82% רווח. אם זה עובד, אני מוסיף את זה למשלוח הקרוב.",,,
2026-10-08,חמישי,אבי,שיחה — אבי,שיחה 1,קפה מרי,T2,עומק,תה בלבד,מרכז,ראשון/שני/חמישי,מאצ׳ה 500g ₪590,GT-SHI-CER-500,ENERGY 1 ל׳ ₪65 · REVIVE 1 ל׳ ₪65,,תפריט הקטגוריה של המשפחה,4782,19645,,,"היי קפה מרי, אתם על ₪1,180 מאצ'ה בשנה; בתי עסק כמוכם על ₪2,598. להוסיף יחידה אחת Shizuoka Ceremonial Matcha Bag 500g למשלוח הקרוב? כן/לא","מאצ'ה כבר נמצאת ב-1 מתוך 2 הסניפים שלכם, ובכל אחד מהם הכמות נמוכה מחצי ממה שבית עסק דומה מזמין — ₪1,418 לסניף בשנה, ₪1,418 לרשת.",אני מוסיף Shizuoka Ceremonial Matcha Bag 500g — יחידה אחת לסניף (1 לרשת) למשלוח הקרוב שלכם. שום דבר אחר בהזמנה לא משתנה.,,,
2026-10-08,חמישי,אבי,שיחה — אבי,שיחה 1,מצו,T2,רוחב,מעורב,מרכז,ראשון/שני/חמישי,FRESH 1 ל׳ ₪65 ⚠מלאי0,GT-HIB-LOW-1L,סנגריה ורודה 1 ל׳ ₪45 · מחית תות ₪60,,תפריט קטגוריה · כרטיס מתכון · דף ציוד לאבקות,4303,15878,,,"היי מצו, עברתי על ההזמנות שלכם. פרש אף פעם לא נכנסה אליכם, ו-90.6% מבתי עסק עם תפריט מעורב קונים פרש. שווה ₪2,262 בשנה. להוסיף FRESH 1000ml למשלוח הקרוב? כן/לא","2 סניפים שלכם מזמינים מאיתנו, ופרש לא נכנסה לאף אחד מהם. 90.6% מבתי עסק עם תפריט מעורב קונים פרש.","אני קופץ אליכם לרבע שעה ומראה לבריסטה את חליטת היביסקוס וליים על FRESH 1000ml — ₪3.25 עלות רכיבים לכוס, ₪20 בתפריט, 81% רווח. אם זה עובד, אני מוסיף את זה למשלוח הקרוב.",,,
2026-10-08,חמישי,אבי,שיחה — אבי,שיחה 1,Nini Hachi,T2,עומק,תה בלבד,מרכז,ראשון/שני/חמישי,FRESH 1 ל׳ ₪65 ⚠מלאי0,GT-HIB-LOW-1L,DETOX 1 ל׳ ₪65 ⚠מלאי0,,תפריט הקטגוריה של המשפחה,3865,7212,,,"היי Nini Hachi, אתם על ₪288 פרש בשנה; בתי עסק כמוכם על ₪1,868. להוסיף 2 יחידות FRESH 1000ml למשלוח הקרוב? כן/לא","פרש כבר נמצאת ב-1 מתוך 2 הסניפים שלכם, ובכל אחד מהם הכמות נמוכה מחצי ממה שבית עסק דומה מזמין — ₪1,580 לסניף בשנה, ₪1,580 לרשת.",אני מוסיף FRESH 1000ml — 2 יחידות לסניף (5 לרשת) למשלוח הקרוב שלכם. שום דבר אחר בהזמנה לא משתנה.,,,
2026-10-08,חמישי,תום,וואטסאפ — תום,וואטסאפ 3 — סגירה,דלגונה עבד גלגולי (דלגונה),T3,רוחב,ספיישלטי,מרכז,ראשון/שני/חמישי,DETOX 1 ל׳ ₪65 ⚠מלאי0,GT-LUI-LOW-1L,NAMASTEA 1 ל׳ ₪65 · FRESH 1 ל׳ ₪65 ⚠מלאי0,,תפריט קטגוריה · כרטיס מתכון · דף ציוד לאבקות,5215,16320,,,,,"אני קופץ אליכם לרבע שעה ומראה לבריסטה את חליטת תות לואיזה על DETOX 1000ml — ₪4.80 עלות רכיבים לכוס, ₪31 בתפריט, 82% רווח. אם זה עובד, אני מוסיף את זה למשלוח הקרוב.",,,
2026-10-08,חמישי,תום,וואטסאפ — תום,וואטסאפ 3 — סגירה,"סינמה טייק וואן בע""מ (קפה טופול)",T3,החלפת מוזה,מעורב,מרכז,ראשון/שני/חמישי,CALM 1 ל׳ ₪65,GT-CHA-LOW-1L,FRESH 1 ל׳ ₪65 ⚠מלאי0 · סנגריה ורודה 1 ל׳ ₪45,M2 מיקסר במקום קוקטייל · M3 סנגריה ורודה,כרטיסי הגשה FRESH/CALM · מפת המעבר ממוזה · דף סנגריה ורודה,4722,6117,3366,2681,,,"אני מוסיף תרכיז למשלוח הקרוב ושולח כרטיס הגשה. ליטר ב-₪65 נותן 20 מנות — עלות מזיגה ₪10 מול ₪13 שהיו לכם, ואותו בקבוק משרת גם את תפריט התה וגם אפס-אלכוהול.",,,
2026-10-08,חמישי,תום,וואטסאפ — תום,וואטסאפ 3 — סגירה,ליאוני,T3,רוחב,מעורב,מרכז,ראשון/שני/חמישי,סנגריה ורודה 1 ל׳ ₪45,GTCC-PIN-SAN-1L,GT-INF-DES-0.5L,,תפריט קטגוריה · כרטיס מתכון · דף ציוד לאבקות,4721,24278,,,,,אני מוסיף GT Pink Sangria Cocktail 1000ml — 5 יחידות למשלוח הקרוב שלכם. שום דבר אחר בהזמנה לא משתנה.,,,
2026-10-08,חמישי,תום,וואטסאפ — תום,וואטסאפ 3 — סגירה,(פודיס צמרת בראון) סטודיו - Studio,T3,עומק,תה בלבד,מרכז,ראשון/שני/חמישי,GT-HIB-FRE-1L,GT-HIB-FRE-1L,DETOX 1 ל׳ ₪65 ⚠מלאי0 · NAMASTEA 1 ל׳ ₪65,,תפריט הקטגוריה של המשפחה,4587,5856,,,,,אני מוסיף FRESH Sugar-Free 1000ml — 2 יחידות למשלוח הקרוב שלכם. שום דבר אחר בהזמנה לא משתנה.,,,
2026-10-08,חמישי,תום,וואטסאפ — תום,וואטסאפ 2 — תוכן אחר,קפה וכו׳ בע״מ (קפה עם),T3,רוחב,תה בלבד,מרכז,ראשון/שני/חמישי,ENERGY 1 ל׳ ₪65,GT-LEM-LOW-1L,REVIVE 1 ל׳ ₪65,,תפריט קטגוריה · כרטיס מתכון · דף ציוד לאבקות,2070,13391,,,,,,,,
2026-10-08,חמישי,תום,וואטסאפ — תום,וואטסאפ 1,(פודיס צמרת בראון) סטודיו - Studio,T3,עומק,תה בלבד,מרכז,ראשון/שני/חמישי,GT-HIB-FRE-1L,GT-HIB-FRE-1L,DETOX 1 ל׳ ₪65 ⚠מלאי0 · NAMASTEA 1 ל׳ ₪65,,תפריט הקטגוריה של המשפחה,4587,5856,,,"היי סטודיו - Studio, אתם על ₪1,830 פרש בשנה; בתי עסק כמוכם על ₪3,300. להוסיף 2 יחידות FRESH Sugar-Free 1000ml למשלוח הקרוב? כן/לא","אתם מזמינים פרש באופן קבוע — ₪1,830 ב-12 החודשים האחרונים, בקצב של הזמנה כל 35 ימים.",אני מוסיף FRESH Sugar-Free 1000ml — 2 יחידות למשלוח הקרוב שלכם. שום דבר אחר בהזמנה לא משתנה.,עומק — יותר ממה שכבר קונים,,
2026-10-08,חמישי,תום,וואטסאפ — תום,וואטסאפ 1,"אוטוטו (קפה בגרונימן 8 בע""מ)",T3,עומק,תה בלבד,מרכז,ראשון/שני/חמישי,FRESH 1 ל׳ ₪65 ⚠מלאי0,GT-HIB-LOW-1L,ENERGY 1 ל׳ ₪65,,תפריט הקטגוריה של המשפחה,4510,21250,,,"היי אוטוטו, אתם על ₪780 פרש בשנה; בתי עסק כמוכם על ₪3,300. להוסיף 2 יחידות FRESH 1000ml למשלוח הקרוב? כן/לא","אתם מזמינים פרש באופן קבוע — ₪780 ב-12 החודשים האחרונים, בקצב של הזמנה כל 14 ימים.",אני מוסיף FRESH 1000ml — 2 יחידות למשלוח הקרוב שלכם. שום דבר אחר בהזמנה לא משתנה.,עומק — יותר ממה שכבר קונים,,
2026-10-08,חמישי,תום,וואטסאפ — תום,וואטסאפ 1,בוקאדו ג.ה בע״מ,T3,עומק,תה בלבד,מרכז,ראשון/שני/חמישי,מאצ׳ה 500g ₪590,GT-SHI-CER-500,DETOX 1 ל׳ ₪65 ⚠מלאי0,,תפריט הקטגוריה של המשפחה,3632,7999,,,"היי בוקאדו ג.ה, אתם על ₪490 מאצ'ה בשנה; בתי עסק כמוכם על ₪1,588. להוסיף יחידה אחת Shizuoka Ceremonial Matcha Bag 500g למשלוח הקרוב? כן/לא","אתם מזמינים מאצ'ה באופן קבוע — ₪490 ב-12 החודשים האחרונים, בקצב של הזמנה כל 53 ימים.",אני מוסיף Shizuoka Ceremonial Matcha Bag 500g — יחידה אחת למשלוח הקרוב שלכם. שום דבר אחר בהזמנה לא משתנה.,עומק — יותר ממה שכבר קונים,,
2026-10-08,חמישי,תום,וואטסאפ — תום,וואטסאפ 1,"אבן יוגורט בע""מ (פרש מרקט מרקורי העין)",T3,עומק,בר,מרכז,ראשון/שני/חמישי,סנגריה ורודה 1 ל׳ ₪45,GTCC-PIN-SAN-1L,,,תפריט הקטגוריה של המשפחה,3172,5010,,,"היי אבן יוגורט, אתם על ₪1,838 סנגריה בשנה; בתי עסק כמוכם על ₪5,010. להוסיף 6 יחידות GT Pink Sangria Cocktail 1000ml למשלוח הקרוב? כן/לא","אתם מזמינים סנגריה באופן קבוע — ₪1,838 ב-12 החודשים האחרונים, בקצב של הזמנה כל 119 ימים.",אני מוסיף GT Pink Sangria Cocktail 1000ml — 6 יחידות למשלוח הקרוב שלכם. שום דבר אחר בהזמנה לא משתנה.,עומק — יותר ממה שכבר קונים,,
2026-10-08,חמישי,תום,וואטסאפ — תום,וואטסאפ 1,"אורי בייקרי השקעות בע""מ (סיטי בולונזרי)",T3,עומק,ספיישלטי,מרכז,ראשון/שני/חמישי,DETOX 1 ל׳ ₪65 ⚠מלאי0,GT-LUI-LOW-1L,מחית תות ₪60 · DESERTEA 1 ל׳ ₪65,,תפריט הקטגוריה של המשפחה,2941,12629,,,"היי אורי בייקרי השקעות, אתם על ₪468 דיטוקס בשנה; בתי עסק כמוכם על ₪1,660. להוסיף 2 יחידות DETOX 1000ml למשלוח הקרוב? כן/לא","אתם מזמינים דיטוקס באופן קבוע — ₪468 ב-12 החודשים האחרונים, בקצב של הזמנה כל 31 ימים.",אני מוסיף DETOX 1000ml — 2 יחידות למשלוח הקרוב שלכם. שום דבר אחר בהזמנה לא משתנה.,עומק — יותר ממה שכבר קונים,,
2026-10-11,ראשון,אבי,פגישה — אלכס + אבי,מעקב 1 — אבי,סטקיית הבוקרים,T1,החלפת מוזה,מעורב,צפון,שלישי,CALM 1 ל׳ ₪65,GT-CHA-LOW-1L,FRESH 1 ל׳ ₪65 ⚠מלאי0 · סנגריה ורודה 1 ל׳ ₪45,M2 מיקסר במקום קוקטייל · M3 סנגריה ורודה,כרטיסי הגשה FRESH/CALM · מפת המעבר ממוזה · דף סנגריה ורודה,24728,1284,24728,19698,,,"אני מוסיף תרכיז למשלוח הקרוב ושולח כרטיס הגשה. ליטר ב-₪65 נותן 20 מנות — עלות מזיגה ₪10 מול ₪13 שהיו לכם, ואותו בקבוק משרת גם את תפריט התה וגם אפס-אלכוהול.",,,
2026-10-11,ראשון,אבי,שיחה — אבי,שיחה 2 — תוכן אחר,דנדי,T2,רוחב,מעורב,מרכז,ראשון/שני/חמישי,מאצ׳ה 500g ₪590,GT-SHI-CER-500,NAMASTEA 1 ל׳ ₪65 · סנגריה ורודה 1 ל׳ ₪45,,תפריט קטגוריה · כרטיס מתכון · דף ציוד לאבקות,13696,26986,,,,,,,,
2026-10-11,ראשון,אבי,שיחה — אבי,שיחה 2 — תוכן אחר,גוטה,T2,רוחב,תה בלבד,מרכז,ראשון/שני/חמישי,FRESH 1 ל׳ ₪65 ⚠מלאי0,GT-HIB-LOW-1L,NAMASTEA 1 ל׳ ₪65 · ENERGY 1 ל׳ ₪65,,תפריט קטגוריה · כרטיס מתכון · דף ציוד לאבקות,12413,20592,,,,,,,,
2026-10-11,ראשון,אבי,שיחה — אבי,שיחה 2 — תוכן אחר,פתאל,T2,רוחב,תה בלבד,מרכז,ראשון/שני/חמישי,NAMASTEA 1 ל׳ ₪65,GT-MAS-CHA-1L,REVIVE 1 ל׳ ₪65 · CALM 1 ל׳ ₪65,,תפריט קטגוריה · כרטיס מתכון · דף ציוד לאבקות,10404,47304,,,,,,,,
2026-10-11,ראשון,תום,וואטסאפ — תום,וואטסאפ 2 — תוכן אחר,דורה,T3,החלפת מוזה,מעורב,צפון,שלישי,CALM 1 ל׳ ₪65,GT-CHA-LOW-1L,FRESH 1 ל׳ ₪65 ⚠מלאי0 · סנגריה ורודה 1 ל׳ ₪45,M2 מיקסר במקום קוקטייל · M3 סנגריה ורודה,כרטיסי הגשה FRESH/CALM · מפת המעבר ממוזה · דף סנגריה ורודה,1432,11351,1432,1141,,,,,,
2026-10-11,ראשון,תום,וואטסאפ — תום,וואטסאפ 3 — סגירה,"אסייתית באשדוד בע""מ Sazanca",T3,רוחב,תה בלבד,דרום,רביעי,DETOX 1 ל׳ ₪65 ⚠מלאי0,GT-LUI-LOW-1L,FRESH 1 ל׳ ₪65 ⚠מלאי0 · NAMASTEA 1 ל׳ ₪65,,תפריט קטגוריה · כרטיס מתכון · דף ציוד לאבקות,13101,15258,,,,,"אני קופץ אליכם לרבע שעה ומראה לבריסטה את חליטת תות לואיזה על DETOX 1000ml — ₪4.80 עלות רכיבים לכוס, ₪31 בתפריט, 82% רווח. אם זה עובד, אני מוסיף את זה למשלוח הקרוב.",,,
2026-10-11,ראשון,תום,וואטסאפ — תום,וואטסאפ 3 — סגירה,"טאיו אשיאן פוד א.א.ט בע""מ (ראשון לציון)",T3,עומק,ספיישלטי,דרום,רביעי,GT-SHI-CER-18*22,GT-SHI-CER-18*22,GT-LUI-LOW-0.5L · GT-MAS-CHA-0.5L,,תפריט הקטגוריה של המשפחה,6491,10833,,,,,אני מוסיף Shizuoka Ceremonial Matcha 22x18g bags — יחידה אחת למשלוח הקרוב שלכם. שום דבר אחר בהזמנה לא משתנה.,,,
2026-10-11,ראשון,תום,וואטסאפ — תום,וואטסאפ 3 — סגירה,"ENSō - אסייתית במודיעין בע""מ (אנזו)",T3,רוחב,תה בלבד,דרום,רביעי,DETOX 1 ל׳ ₪65 ⚠מלאי0,GT-LUI-LOW-1L,FRESH 1 ל׳ ₪65 ⚠מלאי0 · NAMASTEA 1 ל׳ ₪65,,תפריט קטגוריה · כרטיס מתכון · דף ציוד לאבקות,6485,8052,,,,,"אני קופץ אליכם לרבע שעה ומראה לבריסטה את חליטת תות לואיזה על DETOX 1000ml — ₪4.80 עלות רכיבים לכוס, ₪31 בתפריט, 82% רווח. אם זה עובד, אני מוסיף את זה למשלוח הקרוב.",,,
2026-10-11,ראשון,תום,וואטסאפ — תום,וואטסאפ 3 — סגירה,"מתחם האוכל אפרת בע""מ",T3,החלפת מוזה,תה בלבד,דרום,רביעי,CALM 1 ל׳ ₪65,GT-CHA-LOW-1L,FRESH 1 ל׳ ₪65 ⚠מלאי0 · סנגריה ורודה 1 ל׳ ₪45,"M1 אותו בקבוק, תפריט ערב · M3 סנגריה ורודה",כרטיסי הגשה FRESH/CALM · מפת המעבר ממוזה · דף סנגריה ורודה,5783,5516,4886,3892,,,"אני שולח כרטיס הגשה, ומוסיף עוד תרכיז למשלוח הקרוב כדי שיהיה מספיק לשני חלקי התפריט. אפס מוצר חדש, אפס מדף חדש.",,,
2026-10-11,ראשון,תום,וואטסאפ — תום,וואטסאפ 3 — סגירה,"בית העם קונדיטוריה ויין בע""מ",T3,רוחב,תה בלבד,דרום,רביעי,ENERGY 1 ל׳ ₪65,GT-LEM-LOW-1L,CALM 1 ל׳ ₪65 · REVIVE 1 ל׳ ₪65,,תפריט קטגוריה · כרטיס מתכון · דף ציוד לאבקות,4869,17335,,,,,"אני קופץ אליכם לרבע שעה ומראה לבריסטה את חליטת תה ירוק ולמון גראס על ENERGY 1000ml — ₪3.25 עלות רכיבים לכוס, ₪20 בתפריט, 81% רווח. אם זה עובד, אני מוסיף את זה למשלוח הקרוב.",,,
2026-10-11,ראשון,תום,וואטסאפ — תום,וואטסאפ 3 — סגירה,"אוטוטו (קפה בגרונימן 8 בע""מ)",T3,עומק,תה בלבד,מרכז,ראשון/שני/חמישי,FRESH 1 ל׳ ₪65 ⚠מלאי0,GT-HIB-LOW-1L,ENERGY 1 ל׳ ₪65,,תפריט הקטגוריה של המשפחה,4510,21250,,,,,אני מוסיף FRESH 1000ml — 2 יחידות למשלוח הקרוב שלכם. שום דבר אחר בהזמנה לא משתנה.,,,
2026-10-11,ראשון,תום,וואטסאפ — תום,וואטסאפ 3 — סגירה,הרואה 39,T3,החלפת מוזה,ספיישלטי,מרכז,ראשון/שני/חמישי,CALM 1 ל׳ ₪65,GT-CHA-LOW-1L,FRESH 1 ל׳ ₪65 ⚠מלאי0 · סנגריה ורודה 1 ל׳ ₪45,"M1 אותו בקבוק, תפריט ערב · M3 סנגריה ורודה",כרטיסי הגשה FRESH/CALM · מפת המעבר ממוזה · דף סנגריה ורודה,3925,2045,3925,3127,,,"אני שולח כרטיס הגשה, ומוסיף עוד תרכיז למשלוח הקרוב כדי שיהיה מספיק לשני חלקי התפריט. אפס מוצר חדש, אפס מדף חדש.",,,
2026-10-11,ראשון,תום,וואטסאפ — תום,וואטסאפ 3 — סגירה,"פריים רמת החייל מסעדנות בע""מ",T3,רוחב,תה בלבד,מרכז,ראשון/שני/חמישי,DETOX 1 ל׳ ₪65 ⚠מלאי0,GT-LUI-LOW-1L,FRESH 1 ל׳ ₪65 ⚠מלאי0 · NAMASTEA 1 ל׳ ₪65,,תפריט קטגוריה · כרטיס מתכון · דף ציוד לאבקות,3740,5856,,,,,"אני קופץ אליכם לרבע שעה ומראה לבריסטה את חליטת תות לואיזה על DETOX 1000ml — ₪4.80 עלות רכיבים לכוס, ₪31 בתפריט, 82% רווח. אם זה עובד, אני מוסיף את זה למשלוח הקרוב.",,,
2026-10-11,ראשון,תום,וואטסאפ — תום,וואטסאפ 3 — סגירה,בוקאדו ג.ה בע״מ,T3,עומק,תה בלבד,מרכז,ראשון/שני/חמישי,מאצ׳ה 500g ₪590,GT-SHI-CER-500,DETOX 1 ל׳ ₪65 ⚠מלאי0,,תפריט הקטגוריה של המשפחה,3632,7999,,,,,אני מוסיף Shizuoka Ceremonial Matcha Bag 500g — יחידה אחת למשלוח הקרוב שלכם. שום דבר אחר בהזמנה לא משתנה.,,,
2026-10-11,ראשון,תום,משימת מערכת,משימת מערכת,לוח התוצאות השבועי — q4_scoreboard.py,—,—,,,,,,,,,,,,,,,,נקרא עם תמונת התזרים של ראשון,,
2026-10-12,שני,אבי,שיחה — אבי,שיחה 2 — תוכן אחר,ביער בייקרי,T2,עומק,ספיישלטי,מרכז,ראשון/שני/חמישי,DETOX 1 ל׳ ₪65 ⚠מלאי0,GT-LUI-LOW-1L,מחית תות ₪60 · GT-HIB-FRE-1L,,תפריט הקטגוריה של המשפחה,10031,38770,,,,,,,,
2026-10-12,שני,אבי,שיחה — אבי,שיחה 2 — תוכן אחר,"קפה אניצ'ה בע""מ",T2,רוחב,ספיישלטי,מרכז,ראשון/שני/חמישי,DETOX 1 ל׳ ₪65 ⚠מלאי0,GT-LUI-LOW-1L,NAMASTEA 1 ל׳ ₪65 · FRESH 1 ל׳ ₪65 ⚠מלאי0,,תפריט קטגוריה · כרטיס מתכון · דף ציוד לאבקות,9729,31265,,,,,,,,
2026-10-12,שני,אבי,שיחה — אבי,שיחה 2 — תוכן אחר,זוזוברה,T2,רוחב,תה בלבד,מרכז,ראשון/שני/חמישי,DETOX 1 ל׳ ₪65 ⚠מלאי0,GT-LUI-LOW-1L,FRESH 1 ל׳ ₪65 ⚠מלאי0 · NAMASTEA 1 ל׳ ₪65,,תפריט קטגוריה · כרטיס מתכון · דף ציוד לאבקות,9621,17168,,,,,,,,
2026-10-12,שני,אבי,שיחה — אבי,שיחה 2 — תוכן אחר,קפה מלבן,T2,עומק,תה בלבד,מרכז,ראשון/שני/חמישי,NAMASTEA 1 ל׳ ₪65,GT-MAS-CHA-1L,ENERGY 1 ל׳ ₪65 · CONSCIOUSNESS 1 ל׳ ₪65,,תפריט הקטגוריה של המשפחה,8805,20572,,,,,,,,
2026-10-12,שני,אלכס+אבי,פגישה — אלכס + אבי,פגישה משותפת,מנדרין,T1,החלפת מוזה,תה בלבד,צפון,שלישי,CALM 1 ל׳ ₪65,GT-CHA-LOW-1L,FRESH 1 ל׳ ₪65 ⚠מלאי0 · סנגריה ורודה 1 ל׳ ₪45,"M1 אותו בקבוק, תפריט ערב · M3 סנגריה ורודה",כרטיסי הגשה FRESH/CALM · מפת המעבר ממוזה · דף סנגריה ורודה,18671,16007,11840,9431,"היי מנדרין, מוזה ירדה אצלנו מהקו — גם הקוקטיילים וגם המיקסרים. אתם הייתם על ₪11,840 בשנה. הדבר הכי פשוט: התרכיז שכבר אצלכם עובד גם כבסיס קוקטייל בערב — 50 מ״ל, ואתם מוסיפים את האלכוהול. לשלוח כרטיס הגשה? כן/לא","עד עכשיו הזמנתם מוזה — ₪11,840 בשנה. הוצאנו את הקו, ואני לא רוצה שתישארו בלי משקה ערב. אבל אתם כבר קונים את התרכיז שלנו — ואותו בקבוק בדיוק הוא בסיס הקוקטייל.","אני שולח כרטיס הגשה, ומוסיף עוד תרכיז למשלוח הקרוב כדי שיהיה מספיק לשני חלקי התפריט. אפס מוצר חדש, אפס מדף חדש.",מוזה — חלל פעיל בתפריט,,
2026-10-12,שני,תום,וואטסאפ — תום,וואטסאפ 3 — סגירה,נאבי,T3,רוחב,מעורב,מרכז,ראשון/שני/חמישי,סנגריה ורודה 1 ל׳ ₪45,GTCC-PIN-SAN-1L,FRESH 1 ל׳ ₪65 ⚠מלאי0,,תפריט קטגוריה · כרטיס מתכון · דף ציוד לאבקות,3546,15528,,,,,אני מוסיף GT Pink Sangria Cocktail 1000ml — 2 יחידות למשלוח הקרוב שלכם. שום דבר אחר בהזמנה לא משתנה.,,,
2026-10-12,שני,תום,וואטסאפ — תום,וואטסאפ 3 — סגירה,נולי עגלת קפה,T3,רוחב,מעורב,מרכז,ראשון/שני/חמישי,מאצ׳ה 500g ₪590,GT-SHI-CER-500,סנגריה ורודה 1 ל׳ ₪45,,תפריט קטגוריה · כרטיס מתכון · דף ציוד לאבקות,3468,9185,,,,,"אני קופץ אליכם לרבע שעה ומראה לבריסטה את אייס מאצ'ה קלאסי על Shizuoka Ceremonial Matcha Bag 500g — ₪4.26 עלות רכיבים לכוס, ₪26 בתפריט, 81% רווח. אם זה עובד, אני מוסיף את זה למשלוח הקרוב.",,,
2026-10-12,שני,תום,וואטסאפ — תום,וואטסאפ 3 — סגירה,ת.מ דרום בע''מ (אוליבר עגלת קפה),T3,רוחב,תה בלבד,דרום,רביעי,NAMASTEA 1 ל׳ ₪65,GT-MAS-CHA-1L,ENERGY 1 ל׳ ₪65 · REVIVE 1 ל׳ ₪65,,תפריט קטגוריה · כרטיס מתכון · דף ציוד לאבקות,3302,10016,,,,,"אני קופץ אליכם לרבע שעה ומראה לבריסטה את לימונדת צ'אי מסאלה על NAMASTEA 1000ml — ₪3.95 עלות רכיבים לכוס, ₪22 בתפריט, 79% רווח. אם זה עובד, אני מוסיף את זה למשלוח הקרוב.",,,
2026-10-12,שני,תום,וואטסאפ — תום,וואטסאפ 3 — סגירה,"אסייתית במושבה בע""מ (נאי-לון Nay-Lon)",T3,רוחב,תה בלבד,מרכז,ראשון/שני/חמישי,DETOX 1 ל׳ ₪65 ⚠מלאי0,GT-LUI-LOW-1L,FRESH 1 ל׳ ₪65 ⚠מלאי0 · NAMASTEA 1 ל׳ ₪65,,תפריט קטגוריה · כרטיס מתכון · דף ציוד לאבקות,3273,5124,,,,,"אני קופץ אליכם לרבע שעה ומראה לבריסטה את חליטת תות לואיזה על DETOX 1000ml — ₪4.80 עלות רכיבים לכוס, ₪31 בתפריט, 82% רווח. אם זה עובד, אני מוסיף את זה למשלוח הקרוב.",,,
2026-10-12,שני,תום,וואטסאפ — תום,וואטסאפ 3 — סגירה,מיכאל הררי (זולא),T3,רוחב,מעורב,מרכז,ראשון/שני/חמישי,DETOX 1 ל׳ ₪65 ⚠מלאי0,GT-LUI-LOW-1L,NAMASTEA 1 ל׳ ₪65 · סנגריה ורודה 1 ל׳ ₪45,,תפריט קטגוריה · כרטיס מתכון · דף ציוד לאבקות,3253,5605,,,,,"אני קופץ אליכם לרבע שעה ומראה לבריסטה את חליטת תות לואיזה על DETOX 1000ml — ₪4.80 עלות רכיבים לכוס, ₪31 בתפריט, 82% רווח. אם זה עובד, אני מוסיף את זה למשלוח הקרוב.",,,
2026-10-12,שני,תום,וואטסאפ — תום,וואטסאפ 3 — סגירה,איטאלי,T3,החלפת מוזה,מעורב,מרכז,ראשון/שני/חמישי,CALM 1 ל׳ ₪65,GT-CHA-LOW-1L,FRESH 1 ל׳ ₪65 ⚠מלאי0 · סנגריה ורודה 1 ל׳ ₪45,M2 מיקסר במקום קוקטייל · M3 סנגריה ורודה,כרטיסי הגשה FRESH/CALM · מפת המעבר ממוזה · דף סנגריה ורודה,3208,159,3208,2555,,,"אני מוסיף תרכיז למשלוח הקרוב ושולח כרטיס הגשה. ליטר ב-₪65 נותן 20 מנות — עלות מזיגה ₪10 מול ₪13 שהיו לכם, ואותו בקבוק משרת גם את תפריט התה וגם אפס-אלכוהול.",,,
2026-10-12,שני,תום,וואטסאפ — תום,וואטסאפ 3 — סגירה,"אבן יוגורט בע""מ (פרש מרקט מרקורי העין)",T3,עומק,בר,מרכז,ראשון/שני/חמישי,סנגריה ורודה 1 ל׳ ₪45,GTCC-PIN-SAN-1L,,,תפריט הקטגוריה של המשפחה,3172,5010,,,,,אני מוסיף GT Pink Sangria Cocktail 1000ml — 6 יחידות למשלוח הקרוב שלכם. שום דבר אחר בהזמנה לא משתנה.,,,
2026-10-12,שני,תום,וואטסאפ — תום,וואטסאפ 3 — סגירה,"אורי בייקרי השקעות בע""מ (סיטי בולונזרי)",T3,עומק,ספיישלטי,מרכז,ראשון/שני/חמישי,DETOX 1 ל׳ ₪65 ⚠מלאי0,GT-LUI-LOW-1L,מחית תות ₪60 · DESERTEA 1 ל׳ ₪65,,תפריט הקטגוריה של המשפחה,2941,12629,,,,,אני מוסיף DETOX 1000ml — 2 יחידות למשלוח הקרוב שלכם. שום דבר אחר בהזמנה לא משתנה.,,,
2026-10-12,שני,תום,וואטסאפ — תום,וואטסאפ 3 — סגירה,"גפאן בית שמש (ואי.אמ.די מסעדות בע""מ)",T3,החלפת מוזה,תה בלבד,דרום,רביעי,CALM 1 ל׳ ₪65,GT-CHA-LOW-1L,FRESH 1 ל׳ ₪65 ⚠מלאי0 · סנגריה ורודה 1 ל׳ ₪45,"M1 אותו בקבוק, תפריט ערב · M3 סנגריה ורודה",כרטיסי הגשה FRESH/CALM · מפת המעבר ממוזה · דף סנגריה ורודה,2824,453,2824,2250,,,"אני שולח כרטיס הגשה, ומוסיף עוד תרכיז למשלוח הקרוב כדי שיהיה מספיק לשני חלקי התפריט. אפס מוצר חדש, אפס מדף חדש.",,,
2026-10-12,שני,תום,וואטסאפ — תום,וואטסאפ 3 — סגירה,"קפה זוריק בע""מ (כיכר מילאנו)",T3,רוחב,תה בלבד,מרכז,ראשון/שני/חמישי,ENERGY 1 ל׳ ₪65,GT-LEM-LOW-1L,REVIVE 1 ל׳ ₪65 · CONSCIOUSNESS 1 ל׳ ₪65,,תפריט קטגוריה · כרטיס מתכון · דף ציוד לאבקות,2738,13176,,,,,"אני קופץ אליכם לרבע שעה ומראה לבריסטה את חליטת תה ירוק ולמון גראס על ENERGY 1000ml — ₪3.25 עלות רכיבים לכוס, ₪20 בתפריט, 81% רווח. אם זה עובד, אני מוסיף את זה למשלוח הקרוב.",,,
2026-10-13,שלישי,אבי,פגישה — אלכס + אבי,מעקב 2 — סגירה,בבקה,T1,החלפת מוזה,ספיישלטי,מרכז,ראשון/שני/חמישי,CALM 1 ל׳ ₪65,GT-CHA-LOW-1L,FRESH 1 ל׳ ₪65 ⚠מלאי0 · סנגריה ורודה 1 ל׳ ₪45,"M1 אותו בקבוק, תפריט ערב · M3 סנגריה ורודה",כרטיסי הגשה FRESH/CALM · מפת המעבר ממוזה · דף סנגריה ורודה,41963,187881,22920,18257,,,"אני שולח כרטיס הגשה, ומוסיף עוד תרכיז למשלוח הקרוב כדי שיהיה מספיק לשני חלקי התפריט. אפס מוצר חדש, אפס מדף חדש.",,,
2026-10-13,שלישי,אבי,שיחה — אבי,שיחה 1,"קפה נוק (ע.מ.ש בייקרי הרצל בע""מ)",T2,רוחב,ספיישלטי,דרום,רביעי,מחית תות ₪60,GT-ODK-STR-1,CALM 1 ל׳ ₪65 · CONSCIOUSNESS 1 ל׳ ₪65,,תפריט קטגוריה · כרטיס מתכון · דף ציוד לאבקות,6596,40713,,,"היי קפה נוק, עברתי על ההזמנות שלכם. מחית פרי ODK אף פעם לא נכנסה אליכם, ו-53.2% מבתי קפה שמוכרים מאצ'ה וסמוזי קונים מחית פרי ODK. שווה ₪3,616 בשנה. להוסיף ODK Strawberry Smoothie 1000ml למשלוח הקרוב? כן/לא","אתם מזמינים מאיתנו מאצ'ה, נמסטיאה (צ'אי מסאלה), פרש — ומחית פרי ODK אף פעם לא נכנסה להזמנה. 53.2% מבתי קפה שמוכרים מאצ'ה וסמוזי קונים מחית פרי ODK.","אני קופץ אליכם לרבע שעה ומראה לבריסטה את אייס מאצ'ה תות על ODK Strawberry Smoothie 1000ml — ₪6.46 עלות רכיבים לכוס, ₪39 בתפריט, 80% רווח. אם זה עובד, אני מוסיף את זה למשלוח הקרוב.",,,
2026-10-13,שלישי,אבי,שיחה — אבי,שיחה 2 — תוכן אחר,בורקס אבא תודה,T2,רוחב,תה בלבד,מרכז,ראשון/שני/חמישי,DETOX 1 ל׳ ₪65 ⚠מלאי0,GT-LUI-LOW-1L,FRESH 1 ל׳ ₪65 ⚠מלאי0 · NAMASTEA 1 ל׳ ₪65,,תפריט קטגוריה · כרטיס מתכון · דף ציוד לאבקות,5092,8658,,,,,,,,
2026-10-13,שלישי,אבי,שיחה — אבי,שיחה 2 — תוכן אחר,קפה מרי,T2,עומק,תה בלבד,מרכז,ראשון/שני/חמישי,מאצ׳ה 500g ₪590,GT-SHI-CER-500,ENERGY 1 ל׳ ₪65 · REVIVE 1 ל׳ ₪65,,תפריט הקטגוריה של המשפחה,4782,19645,,,,,,,,
2026-10-13,שלישי,אבי,משימת מערכת,משימת מערכת,לכידת טלפונים — מנה 11 (10 חשבונות),—,—,,,,,,,,,,,,,,,,"מ-Green Invoice, מסירות LionWheel ורשומות ההזמנה. 0 מתוך 153 בשופיפיי",,
2026-10-13,שלישי,תום,וואטסאפ — תום,וואטסאפ 3 — סגירה,קפה יוענה 770,T3,עומק,ספיישלטי,מרכז,ראשון/שני/חמישי,מחית מנגו ₪60,GT-ODK-MAN-1,NAMASTEA 1 ל׳ ₪65,,תפריט הקטגוריה של המשפחה,2634,11005,,,,,אני מוסיף ODK Mango Smoothie 1000ml — 4 יחידות למשלוח הקרוב שלכם. שום דבר אחר בהזמנה לא משתנה.,,,
2026-10-13,שלישי,תום,וואטסאפ — תום,וואטסאפ 3 — סגירה,"גרוזדומיצין בע""מ (שישקו קפה הכובשים)",T3,עומק,תה בלבד,מרכז,ראשון/שני/חמישי,FRESH 1 ל׳ ₪65 ⚠מלאי0,GT-HIB-LOW-1L,DETOX 1 ל׳ ₪65 ⚠מלאי0,,תפריט הקטגוריה של המשפחה,2236,4178,,,,,אני מוסיף FRESH 1000ml — 3 יחידות למשלוח הקרוב שלכם. שום דבר אחר בהזמנה לא משתנה.,,,
2026-10-13,שלישי,תום,וואטסאפ — תום,וואטסאפ 3 — סגירה,נורדאו 2 (נורדאו 2 בית מאפה בע״מ),T3,עומק,ספיישלטי,מרכז,ראשון/שני/חמישי,GT-HIB-LOW-0.5L,GT-HIB-LOW-0.5L,מחית תות ₪60,,תפריט הקטגוריה של המשפחה,2190,12258,,,,,אני מוסיף FRESH 500ml — 2 יחידות למשלוח הקרוב שלכם. שום דבר אחר בהזמנה לא משתנה.,,,
2026-10-13,שלישי,תום,וואטסאפ — תום,וואטסאפ 1,"טאיו אשיאן פוד א.א.ט בע""מ (ראשון לציון)",T3,עומק,ספיישלטי,דרום,רביעי,GT-SHI-CER-18*22,GT-SHI-CER-18*22,GT-LUI-LOW-0.5L · GT-MAS-CHA-0.5L,,תפריט הקטגוריה של המשפחה,6491,10833,,,"היי טאיו אשיאן פוד א.א.ט, אתם על ₪2,420 מאצ'ה בשנה; בתי עסק כמוכם על ₪5,424. להוסיף יחידה אחת Shizuoka Ceremonial Matcha 22x18g bags למשלוח הקרוב? כן/לא","אתם מזמינים מאצ'ה באופן קבוע — ₪2,420 ב-12 החודשים האחרונים, בקצב של הזמנה כל 80 ימים.",אני מוסיף Shizuoka Ceremonial Matcha 22x18g bags — יחידה אחת למשלוח הקרוב שלכם. שום דבר אחר בהזמנה לא משתנה.,עומק — יותר ממה שכבר קונים,,
2026-10-13,שלישי,תום,וואטסאפ — תום,וואטסאפ 2 — תוכן אחר,(פודיס צמרת בראון) סטודיו - Studio,T3,עומק,תה בלבד,מרכז,ראשון/שני/חמישי,GT-HIB-FRE-1L,GT-HIB-FRE-1L,DETOX 1 ל׳ ₪65 ⚠מלאי0 · NAMASTEA 1 ל׳ ₪65,,תפריט הקטגוריה של המשפחה,4587,5856,,,,,,,,
2026-10-13,שלישי,תום,וואטסאפ — תום,וואטסאפ 2 — תוכן אחר,"אוטוטו (קפה בגרונימן 8 בע""מ)",T3,עומק,תה בלבד,מרכז,ראשון/שני/חמישי,FRESH 1 ל׳ ₪65 ⚠מלאי0,GT-HIB-LOW-1L,ENERGY 1 ל׳ ₪65,,תפריט הקטגוריה של המשפחה,4510,21250,,,,,,,,
2026-10-13,שלישי,תום,וואטסאפ — תום,וואטסאפ 2 — תוכן אחר,בוקאדו ג.ה בע״מ,T3,עומק,תה בלבד,מרכז,ראשון/שני/חמישי,מאצ׳ה 500g ₪590,GT-SHI-CER-500,DETOX 1 ל׳ ₪65 ⚠מלאי0,,תפריט הקטגוריה של המשפחה,3632,7999,,,,,,,,
2026-10-13,שלישי,תום,וואטסאפ — תום,וואטסאפ 2 — תוכן אחר,"אבן יוגורט בע""מ (פרש מרקט מרקורי העין)",T3,עומק,בר,מרכז,ראשון/שני/חמישי,סנגריה ורודה 1 ל׳ ₪45,GTCC-PIN-SAN-1L,,,תפריט הקטגוריה של המשפחה,3172,5010,,,,,,,,
2026-10-13,שלישי,תום,וואטסאפ — תום,וואטסאפ 2 — תוכן אחר,"אורי בייקרי השקעות בע""מ (סיטי בולונזרי)",T3,עומק,ספיישלטי,מרכז,ראשון/שני/חמישי,DETOX 1 ל׳ ₪65 ⚠מלאי0,GT-LUI-LOW-1L,מחית תות ₪60 · DESERTEA 1 ל׳ ₪65,,תפריט הקטגוריה של המשפחה,2941,12629,,,,,,,,
2026-10-13,שלישי,תום,וואטסאפ — תום,וואטסאפ 1,קפה יוענה 770,T3,עומק,ספיישלטי,מרכז,ראשון/שני/חמישי,מחית מנגו ₪60,GT-ODK-MAN-1,NAMASTEA 1 ל׳ ₪65,,תפריט הקטגוריה של המשפחה,2634,11005,,,"היי קפה יוענה 770, אתם על ₪220 מחית פרי ODK בשנה; בתי עסק כמוכם על ₪1,801. להוסיף 4 יחידות ODK Mango Smoothie 1000ml למשלוח הקרוב? כן/לא","אתם מזמינים מחית פרי ODK באופן קבוע — ₪220 ב-12 החודשים האחרונים, בקצב של הזמנה כל 53 ימים.",אני מוסיף ODK Mango Smoothie 1000ml — 4 יחידות למשלוח הקרוב שלכם. שום דבר אחר בהזמנה לא משתנה.,עומק — יותר ממה שכבר קונים,,
2026-10-14,רביעי,אבי,שיחה — אבי,שיחה 2 — תוכן אחר,מצו,T2,רוחב,מעורב,מרכז,ראשון/שני/חמישי,FRESH 1 ל׳ ₪65 ⚠מלאי0,GT-HIB-LOW-1L,סנגריה ורודה 1 ל׳ ₪45 · מחית תות ₪60,,תפריט קטגוריה · כרטיס מתכון · דף ציוד לאבקות,4303,15878,,,,,,,,
2026-10-14,רביעי,אבי,שיחה — אבי,שיחה 2 — תוכן אחר,Nini Hachi,T2,עומק,תה בלבד,מרכז,ראשון/שני/חמישי,FRESH 1 ל׳ ₪65 ⚠מלאי0,GT-HIB-LOW-1L,DETOX 1 ל׳ ₪65 ⚠מלאי0,,תפריט הקטגוריה של המשפחה,3865,7212,,,,,,,,
2026-10-14,רביעי,אבי,שיחה — אבי,שיחה 1,MILANO (מילאנו בייקרי קרית אונו בע״מ),T2,עומק,ספיישלטי,מרכז,ראשון/שני/חמישי,מחית תות ₪60,GT-ODK-STR-1,NAMASTEA 1 ל׳ ₪65,,תפריט הקטגוריה של המשפחה,3849,25935,,,"היי MILANO, אתם על ₪1,650 מחית פרי ODK בשנה; בתי עסק כמוכם על ₪4,069. להוסיף 2 יחידות ODK Strawberry Smoothie 1000ml למשלוח הקרוב? כן/לא","אתם מזמינים מחית פרי ODK באופן קבוע — ₪1,650 ב-12 החודשים האחרונים, בקצב של הזמנה כל 18 ימים.",אני מוסיף ODK Strawberry Smoothie 1000ml — 2 יחידות למשלוח הקרוב שלכם. שום דבר אחר בהזמנה לא משתנה.,,,
2026-10-14,רביעי,אבי,שיחה — אבי,שיחה 1,קפה לאגו,T2,רוחב,מעורב,מרכז,ראשון/שני/חמישי,סנגריה ורודה 1 ל׳ ₪45,GTCC-PIN-SAN-1L,,,תפריט קטגוריה · כרטיס מתכון · דף ציוד לאבקות,1352,12941,,,"היי קפה לאגו, עברתי על ההזמנות שלכם. סנגריה אף פעם לא נכנסה אליכם, ו-45.3% מבתי עסק עם תפריט מעורב קונים סנגריה. שווה ₪1,352 בשנה. להוסיף GT Pink Sangria Cocktail 1000ml למשלוח הקרוב? כן/לא","2 סניפים שלכם מזמינים מאיתנו, וסנגריה לא נכנסה לאף אחד מהם. 45.3% מבתי עסק עם תפריט מעורב קונים סנגריה.",אני מוסיף GT Pink Sangria Cocktail 1000ml — 2 יחידות לסניף (4 לרשת) למשלוח הקרוב שלכם. שום דבר אחר בהזמנה לא משתנה.,,,
2026-10-14,רביעי,אבי,משימת מערכת,משימת מערכת,לכידת טלפונים — מנה 12 (10 חשבונות),—,—,,,,,,,,,,,,,,,,"מ-Green Invoice, מסירות LionWheel ורשומות ההזמנה. 0 מתוך 153 בשופיפיי",,
2026-10-14,רביעי,אלכס,משימת מערכת,משימת מערכת,13:00 עם תום — 10 דקות על היעדים,—,—,,,,,,,,,,,,,,,,בפגישה שכבר קיימת,,
2026-10-15,חמישי,אבי,שיחה — אבי,שיחה 1,פרש דה מרקט,T2,רוחב,תה בלבד,מרכז,ראשון/שני/חמישי,NAMASTEA 1 ל׳ ₪65,GT-MAS-CHA-1L,,,תפריט קטגוריה · כרטיס מתכון · דף ציוד לאבקות,590,7039,,,"היי פרש דה מרקט, עברתי על ההזמנות שלכם. נמסטיאה (צ'אי מסאלה) אף פעם לא נכנסה אליכם, ו-55.8% מבתי עסק שמוכרים בעיקר תה קר קונים נמסטיאה (צ'אי מסאלה). שווה ₪590 בשנה. להוסיף NAMASTEA 1000ml למשלוח הקרוב? כן/לא","2 סניפים שלכם מזמינים מאיתנו, ונמסטיאה (צ'אי מסאלה) לא נכנסה לאף אחד מהם. 55.8% מבתי עסק שמוכרים בעיקר תה קר קונים נמסטיאה (צ'אי מסאלה).","אני קופץ אליכם לרבע שעה ומראה לבריסטה את לימונדת צ'אי מסאלה על NAMASTEA 1000ml — ₪3.95 עלות רכיבים לכוס, ₪22 בתפריט, 79% רווח. אם זה עובד, אני מוסיף את זה למשלוח הקרוב.",,,
2026-10-15,חמישי,תום,וואטסאפ — תום,וואטסאפ 1,"גרוזדומיצין בע""מ (שישקו קפה הכובשים)",T3,עומק,תה בלבד,מרכז,ראשון/שני/חמישי,FRESH 1 ל׳ ₪65 ⚠מלאי0,GT-HIB-LOW-1L,DETOX 1 ל׳ ₪65 ⚠מלאי0,,תפריט הקטגוריה של המשפחה,2236,4178,,,"היי גרוזדומיצין, אתם על ₪702 פרש בשנה; בתי עסק כמוכם על ₪1,615. להוסיף 3 יחידות FRESH 1000ml למשלוח הקרוב? כן/לא","אתם מזמינים פרש באופן קבוע — ₪702 ב-12 החודשים האחרונים, בקצב של הזמנה כל 67 ימים.",אני מוסיף FRESH 1000ml — 3 יחידות למשלוח הקרוב שלכם. שום דבר אחר בהזמנה לא משתנה.,עומק — יותר ממה שכבר קונים,,
2026-10-15,חמישי,תום,וואטסאפ — תום,וואטסאפ 1,נורדאו 2 (נורדאו 2 בית מאפה בע״מ),T3,עומק,ספיישלטי,מרכז,ראשון/שני/חמישי,GT-HIB-LOW-0.5L,GT-HIB-LOW-0.5L,מחית תות ₪60,,תפריט הקטגוריה של המשפחה,2190,12258,,,"היי נורדאו 2, אתם על ₪396 פרש בשנה; בתי עסק כמוכם על ₪1,497. להוסיף 2 יחידות FRESH 500ml למשלוח הקרוב? כן/לא","אתם מזמינים פרש באופן קבוע — ₪396 ב-12 החודשים האחרונים, בקצב של הזמנה כל 18 ימים.",אני מוסיף FRESH 500ml — 2 יחידות למשלוח הקרוב שלכם. שום דבר אחר בהזמנה לא משתנה.,עומק — יותר ממה שכבר קונים,,
2026-10-15,חמישי,תום,וואטסאפ — תום,וואטסאפ 1,"ברדקלאב בייקרי בע""מ (בראדקלאב שרונים)",T3,עומק,מעורב,מרכז,ראשון/שני/חמישי,NAMASTEA 1 ל׳ ₪65,GT-MAS-CHA-1L,סנגריה ורודה 1 ל׳ ₪45,,תפריט הקטגוריה של המשפחה,2075,7573,,,"היי ברדקלאב בייקרי, אתם על ₪571 נמסטיאה (צ'אי מסאלה) בשנה; בתי עסק כמוכם על ₪1,465. להוסיף 2 יחידות NAMASTEA 1000ml למשלוח הקרוב? כן/לא","אתם מזמינים נמסטיאה (צ'אי מסאלה) באופן קבוע — ₪571 ב-12 החודשים האחרונים, בקצב של הזמנה כל 42 ימים.",אני מוסיף NAMASTEA 1000ml — 2 יחידות למשלוח הקרוב שלכם. שום דבר אחר בהזמנה לא משתנה.,עומק — יותר ממה שכבר קונים,,
2026-10-15,חמישי,תום,וואטסאפ — תום,וואטסאפ 1,קלאוד ניין,T3,עומק,ספיישלטי,מרכז,ראשון/שני/חמישי,GT-LUI-FRE-1L,GT-LUI-FRE-1L,מחית תות ₪60,,תפריט הקטגוריה של המשפחה,1973,8910,,,"היי קלאוד ניין, אתם על ₪195 דיטוקס בשנה; בתי עסק כמוכם על ₪1,377. להוסיף 2 יחידות DETOX Sugar-Free 1000ml למשלוח הקרוב? כן/לא","אתם מזמינים דיטוקס באופן קבוע — ₪195 ב-12 החודשים האחרונים, בקצב של הזמנה כל 34 ימים.",אני מוסיף DETOX Sugar-Free 1000ml — 2 יחידות למשלוח הקרוב שלכם. שום דבר אחר בהזמנה לא משתנה.,עומק — יותר ממה שכבר קונים,,
2026-10-15,חמישי,תום,וואטסאפ — תום,וואטסאפ 1,קפה בוסקו,T3,עומק,מעורב,מרכז,ראשון/שני/חמישי,NAMASTEA 1 ל׳ ₪65,GT-MAS-CHA-1L,סנגריה ורודה 1 ל׳ ₪45,,תפריט הקטגוריה של המשפחה,1958,5940,,,"היי קפה בוסקו, אתם על ₪390 נמסטיאה (צ'אי מסאלה) בשנה; בתי עסק כמוכם על ₪1,422. להוסיף 3 יחידות NAMASTEA 1000ml למשלוח הקרוב? כן/לא","אתם מזמינים נמסטיאה (צ'אי מסאלה) באופן קבוע — ₪390 ב-12 החודשים האחרונים, בקצב של הזמנה כל 63 ימים.",אני מוסיף NAMASTEA 1000ml — 3 יחידות למשלוח הקרוב שלכם. שום דבר אחר בהזמנה לא משתנה.,עומק — יותר ממה שכבר קונים,,
2026-10-15,חמישי,תום,וואטסאפ — תום,וואטסאפ 1,אלוף (בני ציון הבימה בע״מ),T3,עומק,תה בלבד,מרכז,ראשון/שני/חמישי,ENERGY 1 ל׳ ₪65,GT-LEM-LOW-1L,CALM 1 ל׳ ₪65,,תפריט הקטגוריה של המשפחה,1851,13115,,,"היי אלוף, אתם על ₪401 אנרג'י בשנה; בתי עסק כמוכם על ₪1,354. להוסיף יחידה אחת ENERGY 1000ml למשלוח הקרוב? כן/לא","אתם מזמינים אנרג'י באופן קבוע — ₪401 ב-12 החודשים האחרונים, בקצב של הזמנה כל 27 ימים.",אני מוסיף ENERGY 1000ml — יחידה אחת למשלוח הקרוב שלכם. שום דבר אחר בהזמנה לא משתנה.,עומק — יותר ממה שכבר קונים,,
2026-10-15,חמישי,תום,וואטסאפ — תום,וואטסאפ 1,"רשת פט אנד פאף בע""מ",T3,עומק,תה בלבד,מרכז,ראשון/שני/חמישי,REVIVE 1 ל׳ ₪65,GT-SEN-LOW-1L,CALM 1 ל׳ ₪65,,תפריט הקטגוריה של המשפחה,1851,13176,,,"היי רשת פט אנד פאף, אתם על ₪183 ריווייב בשנה; בתי עסק כמוכם על ₪1,164. להוסיף יחידה אחת REVIVE 1000ml למשלוח הקרוב? כן/לא","אתם מזמינים ריווייב באופן קבוע — ₪183 ב-12 החודשים האחרונים, בקצב של הזמנה כל 26 ימים.",אני מוסיף REVIVE 1000ml — יחידה אחת למשלוח הקרוב שלכם. שום דבר אחר בהזמנה לא משתנה.,עומק — יותר ממה שכבר קונים,,
2026-10-15,חמישי,תום,וואטסאפ — תום,וואטסאפ 1,"עמיתה ביאליק (א.אנד מ. בייקרי בע""מ)",T3,עומק,תה בלבד,מרכז,ראשון/שני/חמישי,GT-LEM-LOW-0.5L,GT-LEM-LOW-0.5L,GT-CHA-LOW-0.5L · GT-SEN-LOW-0.5L,,תפריט הקטגוריה של המשפחה,1838,9192,,,"היי עמיתה ביאליק, אתם על ₪198 אנרג'י בשנה; בתי עסק כמוכם על ₪894. להוסיף 2 יחידות ENERGY 500ml למשלוח הקרוב? כן/לא","אתם מזמינים אנרג'י באופן קבוע — ₪198 ב-12 החודשים האחרונים, בקצב של הזמנה כל 38 ימים.",אני מוסיף ENERGY 500ml — 2 יחידות למשלוח הקרוב שלכם. שום דבר אחר בהזמנה לא משתנה.,עומק — יותר ממה שכבר קונים,,
2026-10-15,חמישי,תום,וואטסאפ — תום,וואטסאפ 1,"א.מ בייקרי גבעתיים בע""מ (תחנת לחם גבעתיים)",T3,עומק,מעורב,מרכז,ראשון/שני/חמישי,NAMASTEA 1 ל׳ ₪65,GT-MAS-CHA-1L,סנגריה ורודה 1 ל׳ ₪45,,תפריט הקטגוריה של המשפחה,1678,5692,,,"היי א.מ בייקרי גבעתיים, אתם על ₪305 נמסטיאה (צ'אי מסאלה) בשנה; בתי עסק כמוכם על ₪1,096. להוסיף 4 יחידות NAMASTEA 1000ml למשלוח הקרוב? כן/לא","אתם מזמינים נמסטיאה (צ'אי מסאלה) באופן קבוע — ₪305 ב-12 החודשים האחרונים, בקצב של הזמנה כל 106 ימים.",אני מוסיף NAMASTEA 1000ml — 4 יחידות למשלוח הקרוב שלכם. שום דבר אחר בהזמנה לא משתנה.,עומק — יותר ממה שכבר קונים,,
2026-10-15,חמישי,תום,וואטסאפ — תום,וואטסאפ 1,קפה גינה,T3,החלפת מוזה,ספיישלטי,מרכז,ראשון/שני/חמישי,CALM 1 ל׳ ₪65,GT-CHA-LOW-1L,FRESH 1 ל׳ ₪65 ⚠מלאי0 · סנגריה ורודה 1 ל׳ ₪45,"M1 אותו בקבוק, תפריט ערב · M3 סנגריה ורודה",כרטיסי הגשה FRESH/CALM · מפת המעבר ממוזה · דף סנגריה ורודה,1665,9409,576,459,"היי קפה גינה, מוזה ירדה אצלנו מהקו — גם הקוקטיילים וגם המיקסרים. אתם הייתם על ₪576 בשנה. הדבר הכי פשוט: התרכיז שכבר אצלכם עובד גם כבסיס קוקטייל בערב — 50 מ״ל, ואתם מוסיפים את האלכוהול. לשלוח כרטיס הגשה? כן/לא","עד עכשיו הזמנתם מוזה — ₪576 בשנה. הוצאנו את הקו, ואני לא רוצה שתישארו בלי משקה ערב. אבל אתם כבר קונים את התרכיז שלנו — ואותו בקבוק בדיוק הוא בסיס הקוקטייל.","אני שולח כרטיס הגשה, ומוסיף עוד תרכיז למשלוח הקרוב כדי שיהיה מספיק לשני חלקי התפריט. אפס מוצר חדש, אפס מדף חדש.",עומק — יותר ממה שכבר קונים,,
2026-10-18,ראשון,אבי,פגישה — אלכס + אבי,מעקב 2 — סגירה,בר קפה 58,T1,החלפת מוזה,תה בלבד,מרכז,ראשון/שני/חמישי,CALM 1 ל׳ ₪65,GT-CHA-LOW-1L,FRESH 1 ל׳ ₪65 ⚠מלאי0 · סנגריה ורודה 1 ל׳ ₪45,"M1 אותו בקבוק, תפריט ערב · M3 סנגריה ורודה",כרטיסי הגשה FRESH/CALM · מפת המעבר ממוזה · דף סנגריה ורודה,25970,51973,20186,16080,,,"אני שולח כרטיס הגשה, ומוסיף עוד תרכיז למשלוח הקרוב כדי שיהיה מספיק לשני חלקי התפריט. אפס מוצר חדש, אפס מדף חדש.",,,
2026-10-18,ראשון,אבי,פגישה — אלכס + אבי,מעקב 1 — אבי,מנדרין,T1,החלפת מוזה,תה בלבד,צפון,שלישי,CALM 1 ל׳ ₪65,GT-CHA-LOW-1L,FRESH 1 ל׳ ₪65 ⚠מלאי0 · סנגריה ורודה 1 ל׳ ₪45,"M1 אותו בקבוק, תפריט ערב · M3 סנגריה ורודה",כרטיסי הגשה FRESH/CALM · מפת המעבר ממוזה · דף סנגריה ורודה,18671,16007,11840,9431,,,"אני שולח כרטיס הגשה, ומוסיף עוד תרכיז למשלוח הקרוב כדי שיהיה מספיק לשני חלקי התפריט. אפס מוצר חדש, אפס מדף חדש.",,,
2026-10-18,ראשון,אבי,שיחה — אבי,שיחה 2 — תוכן אחר,"קפה נוק (ע.מ.ש בייקרי הרצל בע""מ)",T2,רוחב,ספיישלטי,דרום,רביעי,מחית תות ₪60,GT-ODK-STR-1,CALM 1 ל׳ ₪65 · CONSCIOUSNESS 1 ל׳ ₪65,,תפריט קטגוריה · כרטיס מתכון · דף ציוד לאבקות,6596,40713,,,,,,,,
2026-10-18,ראשון,אבי,שיחה — אבי,שיחה 1,האופט,T2,עומק,תה בלבד,צפון,שלישי,ENERGY 1 ל׳ ₪65,GT-LEM-LOW-1L,CONSCIOUSNESS 1 ל׳ ₪65 · REVIVE 1 ל׳ ₪65,,תפריט הקטגוריה של המשפחה,5098,30479,,,"היי האופט, אתם על ₪1,170 אנרג'י בשנה; בתי עסק כמוכם על ₪3,227. להוסיף 2 יחידות ENERGY 1000ml למשלוח הקרוב? כן/לא","אנרג'י כבר נמצאת ב-2 מתוך 2 הסניפים שלכם, ובכל אחד מהם הכמות נמוכה מחצי ממה שבית עסק דומה מזמין — ₪1,029 לסניף בשנה, ₪2,057 לרשת.",אני מוסיף ENERGY 1000ml — 2 יחידות לסניף (4 לרשת) למשלוח הקרוב שלכם. שום דבר אחר בהזמנה לא משתנה.,,,
2026-10-18,ראשון,תום,וואטסאפ — תום,וואטסאפ 3 — סגירה,"הרואה בקפה בע""מ",T3,החלפת מוזה,מעורב,צפון,שלישי,CALM 1 ל׳ ₪65,GT-CHA-LOW-1L,FRESH 1 ל׳ ₪65 ⚠מלאי0 · סנגריה ורודה 1 ל׳ ₪45,M2 מיקסר במקום קוקטייל · M3 סנגריה ורודה,כרטיסי הגשה FRESH/CALM · מפת המעבר ממוזה · דף סנגריה ורודה,19500,14578,13200,10515,,,"אני מוסיף תרכיז למשלוח הקרוב ושולח כרטיס הגשה. ליטר ב-₪65 נותן 20 מנות — עלות מזיגה ₪10 מול ₪13 שהיו לכם, ואותו בקבוק משרת גם את תפריט התה וגם אפס-אלכוהול.",,,
2026-10-18,ראשון,תום,וואטסאפ — תום,וואטסאפ 3 — סגירה,"ברדא פוראבר בע""מ",T3,עומק,ספיישלטי,צפון,שלישי,סנגריה ורודה 1 ל׳ ₪45,GTCC-PIN-SAN-1L,NAMASTEA 1 ל׳ ₪65 · מחית תות ₪60,,תפריט הקטגוריה של המשפחה,9103,18123,,,,,אני מוסיף GT Pink Sangria Cocktail 1000ml — יחידה אחת למשלוח הקרוב שלכם. שום דבר אחר בהזמנה לא משתנה.,,,
2026-10-18,ראשון,תום,וואטסאפ — תום,וואטסאפ 3 — סגירה,"קפה ללה (שירי ביסטרו בע""מ)",T3,החלפת מוזה,ספיישלטי,צפון,שלישי,CALM 1 ל׳ ₪65,GT-CHA-LOW-1L,FRESH 1 ל׳ ₪65 ⚠מלאי0 · סנגריה ורודה 1 ל׳ ₪45,"M1 אותו בקבוק, תפריט ערב · M3 סנגריה ורודה",כרטיסי הגשה FRESH/CALM · מפת המעבר ממוזה · דף סנגריה ורודה,4207,8714,2380,1896,,,"אני שולח כרטיס הגשה, ומוסיף עוד תרכיז למשלוח הקרוב כדי שיהיה מספיק לשני חלקי התפריט. אפס מוצר חדש, אפס מדף חדש.",,,
2026-10-18,ראשון,תום,וואטסאפ — תום,וואטסאפ 3 — סגירה,בריסטה (וגדי טריף),T3,רוחב,ספיישלטי,צפון,שלישי,מחית תות ₪60,GT-ODK-STR-1,UBE 1ק״ג ₪340 · DETOX 1 ל׳ ₪65 ⚠מלאי0,,תפריט קטגוריה · כרטיס מתכון · דף ציוד לאבקות,4205,9835,,,,,"אני קופץ אליכם לרבע שעה ומראה לבריסטה את אייס מאצ'ה תות על ODK Strawberry Smoothie 1000ml — ₪6.46 עלות רכיבים לכוס, ₪39 בתפריט, 80% רווח. אם זה עובד, אני מוסיף את זה למשלוח הקרוב.",,,
2026-10-18,ראשון,תום,וואטסאפ — תום,וואטסאפ 3 — סגירה,"לופן בייקרי בע""מ",T3,עומק,ספיישלטי,צפון,שלישי,NAMASTEA 1 ל׳ ₪65,GT-MAS-CHA-1L,מחית תות ₪60 · FRESH 1 ל׳ ₪65 ⚠מלאי0,,תפריט הקטגוריה של המשפחה,3282,14408,,,,,אני מוסיף NAMASTEA 1000ml — 2 יחידות למשלוח הקרוב שלכם. שום דבר אחר בהזמנה לא משתנה.,,,
2026-10-18,ראשון,תום,וואטסאפ — תום,וואטסאפ 3 — סגירה,"זיגו קפה מאפיה מטבח מקומי בע""מ (זיגו)",T3,רוחב,תה בלבד,צפון,שלישי,ENERGY 1 ל׳ ₪65,GT-LEM-LOW-1L,CONSCIOUSNESS 1 ל׳ ₪65,,תפריט קטגוריה · כרטיס מתכון · דף ציוד לאבקות,2726,18563,,,,,"אני קופץ אליכם לרבע שעה ומראה לבריסטה את חליטת תה ירוק ולמון גראס על ENERGY 1000ml — ₪3.25 עלות רכיבים לכוס, ₪20 בתפריט, 81% רווח. אם זה עובד, אני מוסיף את זה למשלוח הקרוב.",,,
2026-10-18,ראשון,תום,וואטסאפ — תום,וואטסאפ 3 — סגירה,"ליבי פטיסרי בע""מ (קונדיטוריית ליבי)",T3,החלפת מוזה,תה בלבד,צפון,שלישי,CALM 1 ל׳ ₪65,GT-CHA-LOW-1L,FRESH 1 ל׳ ₪65 ⚠מלאי0 · סנגריה ורודה 1 ל׳ ₪45,"M1 אותו בקבוק, תפריט ערב · M3 סנגריה ורודה",כרטיסי הגשה FRESH/CALM · מפת המעבר ממוזה · דף סנגריה ורודה,2547,6293,1958,1560,,,"אני שולח כרטיס הגשה, ומוסיף עוד תרכיז למשלוח הקרוב כדי שיהיה מספיק לשני חלקי התפריט. אפס מוצר חדש, אפס מדף חדש.",,,
2026-10-18,ראשון,תום,וואטסאפ — תום,וואטסאפ 2 — תוכן אחר,"כרמלים בשכונה בע""מ",T3,עומק,בר,צפון,שלישי,סנגריה ורודה 1 ל׳ ₪45,GTCC-PIN-SAN-1L,,,תפריט הקטגוריה של המשפחה,2455,12706,,,,,,,,
2026-10-18,ראשון,תום,וואטסאפ — תום,וואטסאפ 2 — תוכן אחר,אבני עמית ואלפסי שחף (קפה דאז),T3,רוחב,מעורב,צפון,שלישי,DETOX 1 ל׳ ₪65 ⚠מלאי0,GT-LUI-LOW-1L,,,תפריט קטגוריה · כרטיס מתכון · דף ציוד לאבקות,2151,9314,,,,,,,,
2026-10-18,ראשון,תום,וואטסאפ — תום,וואטסאפ 2 — תוכן אחר,"סאנה (ני - וואה בע""מ)",T3,עומק,תה בלבד,צפון,שלישי,NAMASTEA 1 ל׳ ₪65,GT-MAS-CHA-1L,DETOX 1 ל׳ ₪65 ⚠מלאי0,,תפריט הקטגוריה של המשפחה,2127,3822,,,,,,,,
2026-10-18,ראשון,תום,משימת מערכת,משימת מערכת,לוח התוצאות השבועי — q4_scoreboard.py,—,—,,,,,,,,,,,,,,,,נקרא עם תמונת התזרים של ראשון,,
2026-10-19,שני,אבי,שיחה — אבי,שיחה 1,"מולה בוטני בע""מ",T2,עומק,תה בלבד,דרום,רביעי,מחית תות ₪60,GT-ODK-STR-1,GT-JAS-LOW-0.5L · GT-INF-DES-0.5L,,תפריט הקטגוריה של המשפחה,4448,46296,,,"היי מולה בוטני, אתם על ₪110 מחית פרי ODK בשנה; בתי עסק כמוכם על ₪1,650. להוסיף יחידה אחת ODK Strawberry Smoothie 1000ml למשלוח הקרוב? כן/לא","אתם מזמינים מחית פרי ODK באופן קבוע — ₪110 ב-12 החודשים האחרונים, בקצב של הזמנה כל 8 ימים.",אני מוסיף ODK Strawberry Smoothie 1000ml — יחידה אחת למשלוח הקרוב שלכם. שום דבר אחר בהזמנה לא משתנה.,,,
2026-10-19,שני,אבי,שיחה — אבי,שיחה 2 — תוכן אחר,MILANO (מילאנו בייקרי קרית אונו בע״מ),T2,עומק,ספיישלטי,מרכז,ראשון/שני/חמישי,מחית תות ₪60,GT-ODK-STR-1,NAMASTEA 1 ל׳ ₪65,,תפריט הקטגוריה של המשפחה,3849,25935,,,,,,,,
2026-10-19,שני,אבי,שיחה — אבי,שיחה 1,קמפאי,T2,רוחב,תה בלבד,דרום,רביעי,NAMASTEA 1 ל׳ ₪65,GT-MAS-CHA-1L,CALM 1 ל׳ ₪65,,תפריט קטגוריה · כרטיס מתכון · דף ציוד לאבקות,2781,16225,,,"היי קמפאי, עברתי על ההזמנות שלכם. נמסטיאה (צ'אי מסאלה) אף פעם לא נכנסה אליכם, ו-55.8% מבתי עסק שמוכרים בעיקר תה קר קונים נמסטיאה (צ'אי מסאלה). שווה ₪1,978 בשנה. להוסיף NAMASTEA 1000ml למשלוח הקרוב? כן/לא","2 סניפים שלכם מזמינים מאיתנו, ונמסטיאה (צ'אי מסאלה) לא נכנסה לאף אחד מהם. 55.8% מבתי עסק שמוכרים בעיקר תה קר קונים נמסטיאה (צ'אי מסאלה).","אני קופץ אליכם לרבע שעה ומראה לבריסטה את לימונדת צ'אי מסאלה על NAMASTEA 1000ml — ₪3.95 עלות רכיבים לכוס, ₪22 בתפריט, 79% רווח. אם זה עובד, אני מוסיף את זה למשלוח הקרוב.",,,
2026-10-19,שני,אבי,שיחה — אבי,שיחה 1,החצר האחורית,T2,עומק,ספיישלטי,צפון,שלישי,GT-MAS-CHA-0.5L,GT-MAS-CHA-0.5L,סנגריה ורודה 1 ל׳ ₪45 · DETOX 1 ל׳ ₪65 ⚠מלאי0,,תפריט הקטגוריה של המשפחה,2435,11732,,,"היי החצר האחורית, אתם על ₪623 נמסטיאה (צ'אי מסאלה) בשנה; בתי עסק כמוכם על ₪1,457. להוסיף 4 יחידות NAMASTEA 500ml למשלוח הקרוב? כן/לא","נמסטיאה (צ'אי מסאלה) כבר נמצאת ב-1 מתוך 2 הסניפים שלכם, ובכל אחד מהם הכמות נמוכה מחצי ממה שבית עסק דומה מזמין — ₪833 לסניף בשנה, ₪833 לרשת.",אני מוסיף NAMASTEA 500ml — 4 יחידות לסניף (7 לרשת) למשלוח הקרוב שלכם. שום דבר אחר בהזמנה לא משתנה.,,,
2026-10-19,שני,אלכס+אבי,פגישה — אלכס + אבי,פגישה משותפת,ויוינו,T1,רוחב,תה בלבד,מרכז,ראשון/שני/חמישי,FRESH 1 ל׳ ₪65 ⚠מלאי0,GT-HIB-LOW-1L,NAMASTEA 1 ל׳ ₪65 · CONSCIOUSNESS 1 ל׳ ₪65,,תפריט קטגוריה · כרטיס מתכון · דף ציוד לאבקות,30202,86056,,,"היי ויוינו, עברתי על ההזמנות שלכם. פרש אף פעם לא נכנסה אליכם, ו-77.0% מבתי עסק שמוכרים בעיקר תה קר קונים פרש. שווה ₪16,726 בשנה. להוסיף FRESH 1000ml למשלוח הקרוב? כן/לא","13 סניפים שלכם מזמינים מאיתנו, ופרש לא נכנסה לאף אחד מהם. 77.0% מבתי עסק שמוכרים בעיקר תה קר קונים פרש.","אני קופץ אליכם לרבע שעה ומראה לבריסטה את חליטת היביסקוס וליים על FRESH 1000ml — ₪3.25 עלות רכיבים לכוס, ₪20 בתפריט, 81% רווח. אם זה עובד, אני מוסיף את זה למשלוח הקרוב.",הרחבת חשבון אסטרטגי,,
2026-10-19,שני,תום,וואטסאפ — תום,וואטסאפ 3 — סגירה,"קפה פאזל בע""מ",T3,רוחב,תה בלבד,דרום,רביעי,FRESH 1 ל׳ ₪65 ⚠מלאי0,GT-HIB-LOW-1L,NAMASTEA 1 ל׳ ₪65 · ENERGY 1 ל׳ ₪65,,תפריט קטגוריה · כרטיס מתכון · דף ציוד לאבקות,2433,5856,,,,,"אני קופץ אליכם לרבע שעה ומראה לבריסטה את חליטת היביסקוס וליים על FRESH 1000ml — ₪3.25 עלות רכיבים לכוס, ₪20 בתפריט, 81% רווח. אם זה עובד, אני מוסיף את זה למשלוח הקרוב.",,,
2026-10-19,שני,תום,וואטסאפ — תום,וואטסאפ 3 — סגירה,בוטקה,T3,עומק,תה בלבד,דרום,רביעי,NAMASTEA 1 ל׳ ₪65,GT-MAS-CHA-1L,DETOX 1 ל׳ ₪65 ⚠מלאי0,,תפריט הקטגוריה של המשפחה,2404,4680,,,,,אני מוסיף NAMASTEA 1000ml — 2 יחידות למשלוח הקרוב שלכם. שום דבר אחר בהזמנה לא משתנה.,,,
2026-10-19,שני,תום,וואטסאפ — תום,וואטסאפ 3 — סגירה,יונייטד פאסט קז'ואל אינק (פוקי סניף הרצליה),T3,רוחב,תה בלבד,מרכז,ראשון/שני/חמישי,NAMASTEA 1 ל׳ ₪65,GT-MAS-CHA-1L,ENERGY 1 ל׳ ₪65 · CALM 1 ל׳ ₪65,,תפריט קטגוריה · כרטיס מתכון · דף ציוד לאבקות,2175,7535,,,,,"אני קופץ אליכם לרבע שעה ומראה לבריסטה את לימונדת צ'אי מסאלה על NAMASTEA 1000ml — ₪3.95 עלות רכיבים לכוס, ₪22 בתפריט, 79% רווח. אם זה עובד, אני מוסיף את זה למשלוח הקרוב.",,,
2026-10-19,שני,תום,וואטסאפ — תום,וואטסאפ 3 — סגירה,קפה במפעל א.ד.ם בע״מ,T3,רוחב,תה בלבד,דרום,רביעי,DETOX 1 ל׳ ₪65 ⚠מלאי0,GT-LUI-LOW-1L,FRESH 1 ל׳ ₪65 ⚠מלאי0,,תפריט קטגוריה · כרטיס מתכון · דף ציוד לאבקות,2129,4120,,,,,"אני קופץ אליכם לרבע שעה ומראה לבריסטה את חליטת תות לואיזה על DETOX 1000ml — ₪4.80 עלות רכיבים לכוס, ₪31 בתפריט, 82% רווח. אם זה עובד, אני מוסיף את זה למשלוח הקרוב.",,,
2026-10-19,שני,תום,וואטסאפ — תום,וואטסאפ 3 — סגירה,"פטיט פוד בע""מ (קפה ארצי)",T3,רוחב,תה בלבד,מרכז,ראשון/שני/חמישי,CALM 1 ל׳ ₪65,GT-CHA-LOW-1L,ENERGY 1 ל׳ ₪65 · REVIVE 1 ל׳ ₪65,,תפריט קטגוריה · כרטיס מתכון · דף ציוד לאבקות,2101,9227,,,,,"אני קופץ אליכם לרבע שעה ומראה לבריסטה את חליטת קמומיל ותפוח על CALM 1000ml — ₪3.25 עלות רכיבים לכוס, ₪20 בתפריט, 81% רווח. אם זה עובד, אני מוסיף את זה למשלוח הקרוב.",,,
2026-10-19,שני,תום,וואטסאפ — תום,וואטסאפ 3 — סגירה,"ברדקלאב בייקרי בע""מ (בראדקלאב שרונים)",T3,עומק,מעורב,מרכז,ראשון/שני/חמישי,NAMASTEA 1 ל׳ ₪65,GT-MAS-CHA-1L,סנגריה ורודה 1 ל׳ ₪45,,תפריט הקטגוריה של המשפחה,2075,7573,,,,,אני מוסיף NAMASTEA 1000ml — 2 יחידות למשלוח הקרוב שלכם. שום דבר אחר בהזמנה לא משתנה.,,,
2026-10-19,שני,תום,וואטסאפ — תום,וואטסאפ 2 — תוכן אחר,שני פרוינד (בליקמח במושבה),T3,עומק,מעורב,צפון,שלישי,GT-LUI-FRE-1L,GT-LUI-FRE-1L,סנגריה ורודה 1 ל׳ ₪45,,תפריט הקטגוריה של המשפחה,2045,7470,,,,,,,,
2026-10-19,שני,תום,וואטסאפ — תום,וואטסאפ 1,"ברדא פוראבר בע""מ",T3,עומק,ספיישלטי,צפון,שלישי,סנגריה ורודה 1 ל׳ ₪45,GTCC-PIN-SAN-1L,NAMASTEA 1 ל׳ ₪65 · מחית תות ₪60,,תפריט הקטגוריה של המשפחה,9103,18123,,,"היי ברדא פוראבר, אתם על ₪173 סנגריה בשנה; בתי עסק כמוכם על ₪2,309. להוסיף יחידה אחת GT Pink Sangria Cocktail 1000ml למשלוח הקרוב? כן/לא","אתם מזמינים סנגריה באופן קבוע — ₪173 ב-12 החודשים האחרונים, בקצב של הזמנה כל 42 ימים.",אני מוסיף GT Pink Sangria Cocktail 1000ml — יחידה אחת למשלוח הקרוב שלכם. שום דבר אחר בהזמנה לא משתנה.,עומק — יותר ממה שכבר קונים,,
2026-10-19,שני,תום,וואטסאפ — תום,וואטסאפ 2 — תוכן אחר,"טאיו אשיאן פוד א.א.ט בע""מ (ראשון לציון)",T3,עומק,ספיישלטי,דרום,רביעי,GT-SHI-CER-18*22,GT-SHI-CER-18*22,GT-LUI-LOW-0.5L · GT-MAS-CHA-0.5L,,תפריט הקטגוריה של המשפחה,6491,10833,,,,,,,,
2026-10-19,שני,תום,וואטסאפ — תום,וואטסאפ 1,"לופן בייקרי בע""מ",T3,עומק,ספיישלטי,צפון,שלישי,NAMASTEA 1 ל׳ ₪65,GT-MAS-CHA-1L,מחית תות ₪60 · FRESH 1 ל׳ ₪65 ⚠מלאי0,,תפריט הקטגוריה של המשפחה,3282,14408,,,"היי לופן בייקרי, אתם על ₪702 נמסטיאה (צ'אי מסאלה) בשנה; בתי עסק כמוכם על ₪1,838. להוסיף 2 יחידות NAMASTEA 1000ml למשלוח הקרוב? כן/לא","אתם מזמינים נמסטיאה (צ'אי מסאלה) באופן קבוע — ₪702 ב-12 החודשים האחרונים, בקצב של הזמנה כל 36 ימים.",אני מוסיף NAMASTEA 1000ml — 2 יחידות למשלוח הקרוב שלכם. שום דבר אחר בהזמנה לא משתנה.,עומק — יותר ממה שכבר קונים,,
2026-10-20,שלישי,אבי,שיחה — אבי,שיחה 3 — סגירה,דנדי,T2,רוחב,מעורב,מרכז,ראשון/שני/חמישי,מאצ׳ה 500g ₪590,GT-SHI-CER-500,NAMASTEA 1 ל׳ ₪65 · סנגריה ורודה 1 ל׳ ₪45,,תפריט קטגוריה · כרטיס מתכון · דף ציוד לאבקות,13696,26986,,,,,"אני קופץ אליכם לרבע שעה ומראה לבריסטה את אייס מאצ'ה קלאסי על Shizuoka Ceremonial Matcha Bag 500g — ₪4.26 עלות רכיבים לכוס, ₪26 בתפריט, 81% רווח. אם זה עובד, אני מוסיף את זה למשלוח הקרוב.",,,
2026-10-20,שלישי,אבי,שיחה — אבי,שיחה 3 — סגירה,גוטה,T2,רוחב,תה בלבד,מרכז,ראשון/שני/חמישי,FRESH 1 ל׳ ₪65 ⚠מלאי0,GT-HIB-LOW-1L,NAMASTEA 1 ל׳ ₪65 · ENERGY 1 ל׳ ₪65,,תפריט קטגוריה · כרטיס מתכון · דף ציוד לאבקות,12413,20592,,,,,"אני קופץ אליכם לרבע שעה ומראה לבריסטה את חליטת היביסקוס וליים על FRESH 1000ml — ₪3.25 עלות רכיבים לכוס, ₪20 בתפריט, 81% רווח. אם זה עובד, אני מוסיף את זה למשלוח הקרוב.",,,
2026-10-20,שלישי,אבי,שיחה — אבי,שיחה 3 — סגירה,פתאל,T2,רוחב,תה בלבד,מרכז,ראשון/שני/חמישי,NAMASTEA 1 ל׳ ₪65,GT-MAS-CHA-1L,REVIVE 1 ל׳ ₪65 · CALM 1 ל׳ ₪65,,תפריט קטגוריה · כרטיס מתכון · דף ציוד לאבקות,10404,47304,,,,,"אני קופץ אליכם לרבע שעה ומראה לבריסטה את לימונדת צ'אי מסאלה על NAMASTEA 1000ml — ₪3.95 עלות רכיבים לכוס, ₪22 בתפריט, 79% רווח. אם זה עובד, אני מוסיף את זה למשלוח הקרוב.",,,
2026-10-20,שלישי,אבי,שיחה — אבי,שיחה 1,"קסם מזנונים בע""מ (אוטביה)",T2,עומק,ספיישלטי,דרום,רביעי,NAMASTEA 1 ל׳ ₪65,GT-MAS-CHA-1L,,,תפריט הקטגוריה של המשפחה,2340,27250,,,"היי קסם מזנונים, אתם על ₪390 נמסטיאה (צ'אי מסאלה) בשנה; בתי עסק כמוכם על ₪2,730. להוסיף 3 יחידות NAMASTEA 1000ml למשלוח הקרוב? כן/לא","אתם מזמינים נמסטיאה (צ'אי מסאלה) באופן קבוע — ₪390 ב-12 החודשים האחרונים, בקצב של הזמנה כל 27 ימים.",אני מוסיף NAMASTEA 1000ml — 3 יחידות למשלוח הקרוב שלכם. שום דבר אחר בהזמנה לא משתנה.,,,
2026-10-20,שלישי,אבי,משימת מערכת,משימת מערכת,לכידת טלפונים — מנה 13 (10 חשבונות),—,—,,,,,,,,,,,,,,,,"מ-Green Invoice, מסירות LionWheel ורשומות ההזמנה. 0 מתוך 153 בשופיפיי",,
2026-10-20,שלישי,תום,וואטסאפ — תום,וואטסאפ 3 — סגירה,קפה וכו׳ בע״מ (קפה עם),T3,רוחב,תה בלבד,מרכז,ראשון/שני/חמישי,ENERGY 1 ל׳ ₪65,GT-LEM-LOW-1L,REVIVE 1 ל׳ ₪65,,תפריט קטגוריה · כרטיס מתכון · דף ציוד לאבקות,2070,13391,,,,,"אני קופץ אליכם לרבע שעה ומראה לבריסטה את חליטת תה ירוק ולמון גראס על ENERGY 1000ml — ₪3.25 עלות רכיבים לכוס, ₪20 בתפריט, 81% רווח. אם זה עובד, אני מוסיף את זה למשלוח הקרוב.",,,
2026-10-20,שלישי,תום,וואטסאפ — תום,וואטסאפ 2 — תוכן אחר,קפה יוענה 770,T3,עומק,ספיישלטי,מרכז,ראשון/שני/חמישי,מחית מנגו ₪60,GT-ODK-MAN-1,NAMASTEA 1 ל׳ ₪65,,תפריט הקטגוריה של המשפחה,2634,11005,,,,,,,,
2026-10-20,שלישי,תום,וואטסאפ — תום,וואטסאפ 1,בוטקה,T3,עומק,תה בלבד,דרום,רביעי,NAMASTEA 1 ל׳ ₪65,GT-MAS-CHA-1L,DETOX 1 ל׳ ₪65 ⚠מלאי0,,תפריט הקטגוריה של המשפחה,2404,4680,,,"היי בוטקה, אתם על ₪292 נמסטיאה (צ'אי מסאלה) בשנה; בתי עסק כמוכם על ₪1,214. להוסיף 2 יחידות NAMASTEA 1000ml למשלוח הקרוב? כן/לא","אתם מזמינים נמסטיאה (צ'אי מסאלה) באופן קבוע — ₪292 ב-12 החודשים האחרונים, בקצב של הזמנה כל 54 ימים.",אני מוסיף NAMASTEA 1000ml — 2 יחידות למשלוח הקרוב שלכם. שום דבר אחר בהזמנה לא משתנה.,עומק — יותר ממה שכבר קונים,,
2026-10-20,שלישי,תום,וואטסאפ — תום,וואטסאפ 2 — תוכן אחר,"גרוזדומיצין בע""מ (שישקו קפה הכובשים)",T3,עומק,תה בלבד,מרכז,ראשון/שני/חמישי,FRESH 1 ל׳ ₪65 ⚠מלאי0,GT-HIB-LOW-1L,DETOX 1 ל׳ ₪65 ⚠מלאי0,,תפריט הקטגוריה של המשפחה,2236,4178,,,,,,,,
2026-10-20,שלישי,תום,וואטסאפ — תום,וואטסאפ 2 — תוכן אחר,נורדאו 2 (נורדאו 2 בית מאפה בע״מ),T3,עומק,ספיישלטי,מרכז,ראשון/שני/חמישי,GT-HIB-LOW-0.5L,GT-HIB-LOW-0.5L,מחית תות ₪60,,תפריט הקטגוריה של המשפחה,2190,12258,,,,,,,,
2026-10-20,שלישי,תום,וואטסאפ — תום,וואטסאפ 2 — תוכן אחר,"ברדקלאב בייקרי בע""מ (בראדקלאב שרונים)",T3,עומק,מעורב,מרכז,ראשון/שני/חמישי,NAMASTEA 1 ל׳ ₪65,GT-MAS-CHA-1L,סנגריה ורודה 1 ל׳ ₪45,,תפריט הקטגוריה של המשפחה,2075,7573,,,,,,,,
2026-10-20,שלישי,תום,וואטסאפ — תום,וואטסאפ 2 — תוכן אחר,קלאוד ניין,T3,עומק,ספיישלטי,מרכז,ראשון/שני/חמישי,GT-LUI-FRE-1L,GT-LUI-FRE-1L,מחית תות ₪60,,תפריט הקטגוריה של המשפחה,1973,8910,,,,,,,,
2026-10-20,שלישי,תום,וואטסאפ — תום,וואטסאפ 2 — תוכן אחר,קפה בוסקו,T3,עומק,מעורב,מרכז,ראשון/שני/חמישי,NAMASTEA 1 ל׳ ₪65,GT-MAS-CHA-1L,סנגריה ורודה 1 ל׳ ₪45,,תפריט הקטגוריה של המשפחה,1958,5940,,,,,,,,
2026-10-20,שלישי,תום,וואטסאפ — תום,וואטסאפ 2 — תוכן אחר,אלוף (בני ציון הבימה בע״מ),T3,עומק,תה בלבד,מרכז,ראשון/שני/חמישי,ENERGY 1 ל׳ ₪65,GT-LEM-LOW-1L,CALM 1 ל׳ ₪65,,תפריט הקטגוריה של המשפחה,1851,13115,,,,,,,,
2026-10-20,שלישי,תום,וואטסאפ — תום,וואטסאפ 2 — תוכן אחר,"רשת פט אנד פאף בע""מ",T3,עומק,תה בלבד,מרכז,ראשון/שני/חמישי,REVIVE 1 ל׳ ₪65,GT-SEN-LOW-1L,CALM 1 ל׳ ₪65,,תפריט הקטגוריה של המשפחה,1851,13176,,,,,,,,
2026-10-21,רביעי,אבי,שיחה — אבי,שיחה 3 — סגירה,ביער בייקרי,T2,עומק,ספיישלטי,מרכז,ראשון/שני/חמישי,DETOX 1 ל׳ ₪65 ⚠מלאי0,GT-LUI-LOW-1L,מחית תות ₪60 · GT-HIB-FRE-1L,,תפריט הקטגוריה של המשפחה,10031,38770,,,,,אני מוסיף DETOX 1000ml — יחידה אחת לסניף (2 לרשת) למשלוח הקרוב שלכם. שום דבר אחר בהזמנה לא משתנה.,,,
2026-10-21,רביעי,אבי,שיחה — אבי,שיחה 3 — סגירה,"קפה אניצ'ה בע""מ",T2,רוחב,ספיישלטי,מרכז,ראשון/שני/חמישי,DETOX 1 ל׳ ₪65 ⚠מלאי0,GT-LUI-LOW-1L,NAMASTEA 1 ל׳ ₪65 · FRESH 1 ל׳ ₪65 ⚠מלאי0,,תפריט קטגוריה · כרטיס מתכון · דף ציוד לאבקות,9729,31265,,,,,"אני קופץ אליכם לרבע שעה ומראה לבריסטה את חליטת תות לואיזה על DETOX 1000ml — ₪4.80 עלות רכיבים לכוס, ₪31 בתפריט, 82% רווח. אם זה עובד, אני מוסיף את זה למשלוח הקרוב.",,,
2026-10-21,רביעי,אבי,שיחה — אבי,שיחה 3 — סגירה,זוזוברה,T2,רוחב,תה בלבד,מרכז,ראשון/שני/חמישי,DETOX 1 ל׳ ₪65 ⚠מלאי0,GT-LUI-LOW-1L,FRESH 1 ל׳ ₪65 ⚠מלאי0 · NAMASTEA 1 ל׳ ₪65,,תפריט קטגוריה · כרטיס מתכון · דף ציוד לאבקות,9621,17168,,,,,"אני קופץ אליכם לרבע שעה ומראה לבריסטה את חליטת תות לואיזה על DETOX 1000ml — ₪4.80 עלות רכיבים לכוס, ₪31 בתפריט, 82% רווח. אם זה עובד, אני מוסיף את זה למשלוח הקרוב.",,,
2026-10-21,רביעי,אבי,שיחה — אבי,שיחה 3 — סגירה,קפה מלבן,T2,עומק,תה בלבד,מרכז,ראשון/שני/חמישי,NAMASTEA 1 ל׳ ₪65,GT-MAS-CHA-1L,ENERGY 1 ל׳ ₪65 · CONSCIOUSNESS 1 ל׳ ₪65,,תפריט הקטגוריה של המשפחה,8805,20572,,,,,אני מוסיף NAMASTEA 1000ml — 4 יחידות לסניף (7 לרשת) למשלוח הקרוב שלכם. שום דבר אחר בהזמנה לא משתנה.,,,
2026-10-21,רביעי,אבי,משימת מערכת,משימת מערכת,לכידת טלפונים — מנה 14 (10 חשבונות),—,—,,,,,,,,,,,,,,,,"מ-Green Invoice, מסירות LionWheel ורשומות ההזמנה. 0 מתוך 153 בשופיפיי",,
2026-10-21,רביעי,אלכס,משימת מערכת,משימת מערכת,13:00 עם תום — 10 דקות על היעדים,—,—,,,,,,,,,,,,,,,,בפגישה שכבר קיימת,,
2026-10-22,חמישי,אבי,פגישה — אלכס + אבי,מעקב 1 — אבי,ויוינו,T1,רוחב,תה בלבד,מרכז,ראשון/שני/חמישי,FRESH 1 ל׳ ₪65 ⚠מלאי0,GT-HIB-LOW-1L,NAMASTEA 1 ל׳ ₪65 · CONSCIOUSNESS 1 ל׳ ₪65,,תפריט קטגוריה · כרטיס מתכון · דף ציוד לאבקות,30202,86056,,,,,"אני קופץ אליכם לרבע שעה ומראה לבריסטה את חליטת היביסקוס וליים על FRESH 1000ml — ₪3.25 עלות רכיבים לכוס, ₪20 בתפריט, 81% רווח. אם זה עובד, אני מוסיף את זה למשלוח הקרוב.",,,
2026-10-22,חמישי,אבי,שיחה — אבי,שיחה 3 — סגירה,בורקס אבא תודה,T2,רוחב,תה בלבד,מרכז,ראשון/שני/חמישי,DETOX 1 ל׳ ₪65 ⚠מלאי0,GT-LUI-LOW-1L,FRESH 1 ל׳ ₪65 ⚠מלאי0 · NAMASTEA 1 ל׳ ₪65,,תפריט קטגוריה · כרטיס מתכון · דף ציוד לאבקות,5092,8658,,,,,"אני קופץ אליכם לרבע שעה ומראה לבריסטה את חליטת תות לואיזה על DETOX 1000ml — ₪4.80 עלות רכיבים לכוס, ₪31 בתפריט, 82% רווח. אם זה עובד, אני מוסיף את זה למשלוח הקרוב.",,,
2026-10-22,חמישי,אבי,שיחה — אבי,שיחה 3 — סגירה,קפה מרי,T2,עומק,תה בלבד,מרכז,ראשון/שני/חמישי,מאצ׳ה 500g ₪590,GT-SHI-CER-500,ENERGY 1 ל׳ ₪65 · REVIVE 1 ל׳ ₪65,,תפריט הקטגוריה של המשפחה,4782,19645,,,,,אני מוסיף Shizuoka Ceremonial Matcha Bag 500g — יחידה אחת לסניף (1 לרשת) למשלוח הקרוב שלכם. שום דבר אחר בהזמנה לא משתנה.,,,
2026-10-22,חמישי,אבי,שיחה — אבי,שיחה 2 — תוכן אחר,קפה לאגו,T2,רוחב,מעורב,מרכז,ראשון/שני/חמישי,סנגריה ורודה 1 ל׳ ₪45,GTCC-PIN-SAN-1L,,,תפריט קטגוריה · כרטיס מתכון · דף ציוד לאבקות,1352,12941,,,,,,,,
2026-10-22,חמישי,תום,וואטסאפ — תום,וואטסאפ 2 — תוכן אחר,"עמיתה ביאליק (א.אנד מ. בייקרי בע""מ)",T3,עומק,תה בלבד,מרכז,ראשון/שני/חמישי,GT-LEM-LOW-0.5L,GT-LEM-LOW-0.5L,GT-CHA-LOW-0.5L · GT-SEN-LOW-0.5L,,תפריט הקטגוריה של המשפחה,1838,9192,,,,,,,,
2026-10-22,חמישי,תום,וואטסאפ — תום,וואטסאפ 2 — תוכן אחר,"א.מ בייקרי גבעתיים בע""מ (תחנת לחם גבעתיים)",T3,עומק,מעורב,מרכז,ראשון/שני/חמישי,NAMASTEA 1 ל׳ ₪65,GT-MAS-CHA-1L,סנגריה ורודה 1 ל׳ ₪45,,תפריט הקטגוריה של המשפחה,1678,5692,,,,,,,,
2026-10-22,חמישי,תום,וואטסאפ — תום,וואטסאפ 2 — תוכן אחר,קפה גינה,T3,החלפת מוזה,ספיישלטי,מרכז,ראשון/שני/חמישי,CALM 1 ל׳ ₪65,GT-CHA-LOW-1L,FRESH 1 ל׳ ₪65 ⚠מלאי0 · סנגריה ורודה 1 ל׳ ₪45,"M1 אותו בקבוק, תפריט ערב · M3 סנגריה ורודה",כרטיסי הגשה FRESH/CALM · מפת המעבר ממוזה · דף סנגריה ורודה,1665,9409,576,459,,,,,,
2026-10-22,חמישי,תום,וואטסאפ — תום,וואטסאפ 1,שפרה בייקרי בע״מ,T3,עומק,תה בלבד,מרכז,ראשון/שני/חמישי,NAMASTEA 1 ל׳ ₪65,GT-MAS-CHA-1L,ENERGY 1 ל׳ ₪65,,תפריט הקטגוריה של המשפחה,1638,7217,,,"היי שפרה בייקרי, אתם על ₪325 נמסטיאה (צ'אי מסאלה) בשנה; בתי עסק כמוכם על ₪1,287. להוסיף 2 יחידות NAMASTEA 1000ml למשלוח הקרוב? כן/לא","אתם מזמינים נמסטיאה (צ'אי מסאלה) באופן קבוע — ₪325 ב-12 החודשים האחרונים, בקצב של הזמנה כל 39 ימים.",אני מוסיף NAMASTEA 1000ml — 2 יחידות למשלוח הקרוב שלכם. שום דבר אחר בהזמנה לא משתנה.,עומק — יותר ממה שכבר קונים,,
2026-10-22,חמישי,תום,וואטסאפ — תום,וואטסאפ 1,"זוריק זה טוב בע""מ (זוריק סלוניקי)",T3,עומק,תה בלבד,מרכז,ראשון/שני/חמישי,NAMASTEA 1 ל׳ ₪65,GT-MAS-CHA-1L,CALM 1 ל׳ ₪65,,תפריט הקטגוריה של המשפחה,1597,7686,,,"היי זוריק זה טוב, אתם על ₪732 נמסטיאה (צ'אי מסאלה) בשנה; בתי עסק כמוכם על ₪1,767. להוסיף 2 יחידות NAMASTEA 1000ml למשלוח הקרוב? כן/לא","אתם מזמינים נמסטיאה (צ'אי מסאלה) באופן קבוע — ₪732 ב-12 החודשים האחרונים, בקצב של הזמנה כל 46 ימים.",אני מוסיף NAMASTEA 1000ml — 2 יחידות למשלוח הקרוב שלכם. שום דבר אחר בהזמנה לא משתנה.,עומק — יותר ממה שכבר קונים,,
2026-10-22,חמישי,תום,וואטסאפ — תום,וואטסאפ 1,"הספסל (הספסל בע""מ)",T3,עומק,תה בלבד,מרכז,ראשון/שני/חמישי,REVIVE 1 ל׳ ₪65,GT-SEN-LOW-1L,ENERGY 1 ל׳ ₪65,,תפריט הקטגוריה של המשפחה,1255,7020,,,"היי הספסל, אתם על ₪176 ריווייב בשנה; בתי עסק כמוכם על ₪773. להוסיף יחידה אחת REVIVE 1000ml למשלוח הקרוב? כן/לא","אתם מזמינים ריווייב באופן קבוע — ₪176 ב-12 החודשים האחרונים, בקצב של הזמנה כל 58 ימים.",אני מוסיף REVIVE 1000ml — יחידה אחת למשלוח הקרוב שלכם. שום דבר אחר בהזמנה לא משתנה.,עומק — יותר ממה שכבר קונים,,
2026-10-22,חמישי,תום,וואטסאפ — תום,וואטסאפ 1,"ג'מה ר.ג בע""מ (ג'מה)",T3,עומק,תה בלבד,מרכז,ראשון/שני/חמישי,DETOX 1 ל׳ ₪65 ⚠מלאי0,GT-LUI-LOW-1L,,,תפריט הקטגוריה של המשפחה,1124,3953,,,"היי ג'מה ר.ג, אתם על ₪494 דיטוקס בשנה; בתי עסק כמוכם על ₪1,618. להוסיף 5 יחידות DETOX 1000ml למשלוח הקרוב? כן/לא","אתם מזמינים דיטוקס באופן קבוע — ₪494 ב-12 החודשים האחרונים, בקצב של הזמנה כל 106 ימים.",אני מוסיף DETOX 1000ml — 5 יחידות למשלוח הקרוב שלכם. שום דבר אחר בהזמנה לא משתנה.,עומק — יותר ממה שכבר קונים,,
2026-10-25,ראשון,אבי,פגישה — אלכס + אבי,מעקב 2 — סגירה,סטקיית הבוקרים,T1,החלפת מוזה,מעורב,צפון,שלישי,CALM 1 ל׳ ₪65,GT-CHA-LOW-1L,FRESH 1 ל׳ ₪65 ⚠מלאי0 · סנגריה ורודה 1 ל׳ ₪45,M2 מיקסר במקום קוקטייל · M3 סנגריה ורודה,כרטיסי הגשה FRESH/CALM · מפת המעבר ממוזה · דף סנגריה ורודה,24728,1284,24728,19698,,,"אני מוסיף תרכיז למשלוח הקרוב ושולח כרטיס הגשה. ליטר ב-₪65 נותן 20 מנות — עלות מזיגה ₪10 מול ₪13 שהיו לכם, ואותו בקבוק משרת גם את תפריט התה וגם אפס-אלכוהול.",,,
2026-10-25,ראשון,אבי,שיחה — אבי,שיחה 2 — תוכן אחר,האופט,T2,עומק,תה בלבד,צפון,שלישי,ENERGY 1 ל׳ ₪65,GT-LEM-LOW-1L,CONSCIOUSNESS 1 ל׳ ₪65 · REVIVE 1 ל׳ ₪65,,תפריט הקטגוריה של המשפחה,5098,30479,,,,,,,,
2026-10-25,ראשון,אבי,שיחה — אבי,שיחה 2 — תוכן אחר,"מולה בוטני בע""מ",T2,עומק,תה בלבד,דרום,רביעי,מחית תות ₪60,GT-ODK-STR-1,GT-JAS-LOW-0.5L · GT-INF-DES-0.5L,,תפריט הקטגוריה של המשפחה,4448,46296,,,,,,,,
2026-10-25,ראשון,אבי,שיחה — אבי,שיחה 3 — סגירה,מצו,T2,רוחב,מעורב,מרכז,ראשון/שני/חמישי,FRESH 1 ל׳ ₪65 ⚠מלאי0,GT-HIB-LOW-1L,סנגריה ורודה 1 ל׳ ₪45 · מחית תות ₪60,,תפריט קטגוריה · כרטיס מתכון · דף ציוד לאבקות,4303,15878,,,,,"אני קופץ אליכם לרבע שעה ומראה לבריסטה את חליטת היביסקוס וליים על FRESH 1000ml — ₪3.25 עלות רכיבים לכוס, ₪20 בתפריט, 81% רווח. אם זה עובד, אני מוסיף את זה למשלוח הקרוב.",,,
2026-10-25,ראשון,תום,וואטסאפ — תום,וואטסאפ 3 — סגירה,דורה,T3,החלפת מוזה,מעורב,צפון,שלישי,CALM 1 ל׳ ₪65,GT-CHA-LOW-1L,FRESH 1 ל׳ ₪65 ⚠מלאי0 · סנגריה ורודה 1 ל׳ ₪45,M2 מיקסר במקום קוקטייל · M3 סנגריה ורודה,כרטיסי הגשה FRESH/CALM · מפת המעבר ממוזה · דף סנגריה ורודה,1432,11351,1432,1141,,,"אני מוסיף תרכיז למשלוח הקרוב ושולח כרטיס הגשה. ליטר ב-₪65 נותן 20 מנות — עלות מזיגה ₪10 מול ₪13 שהיו לכם, ואותו בקבוק משרת גם את תפריט התה וגם אפס-אלכוהול.",,,
2026-10-25,ראשון,תום,וואטסאפ — תום,וואטסאפ 2 — תוכן אחר,"ברדא פוראבר בע""מ",T3,עומק,ספיישלטי,צפון,שלישי,סנגריה ורודה 1 ל׳ ₪45,GTCC-PIN-SAN-1L,NAMASTEA 1 ל׳ ₪65 · מחית תות ₪60,,תפריט הקטגוריה של המשפחה,9103,18123,,,,,,,,
2026-10-25,ראשון,תום,וואטסאפ — תום,וואטסאפ 2 — תוכן אחר,"לופן בייקרי בע""מ",T3,עומק,ספיישלטי,צפון,שלישי,NAMASTEA 1 ל׳ ₪65,GT-MAS-CHA-1L,מחית תות ₪60 · FRESH 1 ל׳ ₪65 ⚠מלאי0,,תפריט הקטגוריה של המשפחה,3282,14408,,,,,,,,
2026-10-25,ראשון,תום,וואטסאפ — תום,וואטסאפ 1,"כרמלים בשכונה בע""מ",T3,עומק,בר,צפון,שלישי,סנגריה ורודה 1 ל׳ ₪45,GTCC-PIN-SAN-1L,,,תפריט הקטגוריה של המשפחה,2455,12706,,,"היי כרמלים בשכונה, אתם על ₪5,400 סנגריה בשנה; בתי עסק כמוכם על ₪7,855. להוסיף 5 יחידות GT Pink Sangria Cocktail 1000ml למשלוח הקרוב? כן/לא","אתם מזמינים סנגריה באופן קבוע — ₪5,400 ב-12 החודשים האחרונים, בקצב של הזמנה כל 32 ימים.",אני מוסיף GT Pink Sangria Cocktail 1000ml — 5 יחידות למשלוח הקרוב שלכם. שום דבר אחר בהזמנה לא משתנה.,עומק — יותר ממה שכבר קונים,,
2026-10-25,ראשון,תום,וואטסאפ — תום,וואטסאפ 1,"סאנה (ני - וואה בע""מ)",T3,עומק,תה בלבד,צפון,שלישי,NAMASTEA 1 ל׳ ₪65,GT-MAS-CHA-1L,DETOX 1 ל׳ ₪65 ⚠מלאי0,,תפריט הקטגוריה של המשפחה,2127,3822,,,"היי סאנה, אתם על ₪234 נמסטיאה (צ'אי מסאלה) בשנה; בתי עסק כמוכם על ₪1,150. להוסיף 2 יחידות NAMASTEA 1000ml למשלוח הקרוב? כן/לא","אתם מזמינים נמסטיאה (צ'אי מסאלה) באופן קבוע — ₪234 ב-12 החודשים האחרונים, בקצב של הזמנה כל 58 ימים.",אני מוסיף NAMASTEA 1000ml — 2 יחידות למשלוח הקרוב שלכם. שום דבר אחר בהזמנה לא משתנה.,עומק — יותר ממה שכבר קונים,,
2026-10-25,ראשון,תום,וואטסאפ — תום,וואטסאפ 1,שני פרוינד (בליקמח במושבה),T3,עומק,מעורב,צפון,שלישי,GT-LUI-FRE-1L,GT-LUI-FRE-1L,סנגריה ורודה 1 ל׳ ₪45,,תפריט הקטגוריה של המשפחה,2045,7470,,,"היי שני פרוינד, אתם על ₪705 דיטוקס בשנה; בתי עסק כמוכם על ₪1,586. להוסיף 3 יחידות DETOX Sugar-Free 1000ml למשלוח הקרוב? כן/לא","אתם מזמינים דיטוקס באופן קבוע — ₪705 ב-12 החודשים האחרונים, בקצב של הזמנה כל 70 ימים.",אני מוסיף DETOX Sugar-Free 1000ml — 3 יחידות למשלוח הקרוב שלכם. שום דבר אחר בהזמנה לא משתנה.,עומק — יותר ממה שכבר קונים,,
2026-10-25,ראשון,תום,וואטסאפ — תום,וואטסאפ 1,הסגלגלה - טופז שפירא,T3,עומק,מעורב,צפון,שלישי,GT-LUI-FRE-0.5L,GT-LUI-FRE-0.5L,סנגריה ורודה 1 ל׳ ₪45,,תפריט הקטגוריה של המשפחה,1916,6569,,,"היי הסגלגלה - טופז שפירא, אתם על ₪526 דיטוקס בשנה; בתי עסק כמוכם על ₪1,418. להוסיף 3 יחידות DETOX Sugar-Free 500ml למשלוח הקרוב? כן/לא","אתם מזמינים דיטוקס באופן קבוע — ₪526 ב-12 החודשים האחרונים, בקצב של הזמנה כל 41 ימים.",אני מוסיף DETOX Sugar-Free 500ml — 3 יחידות למשלוח הקרוב שלכם. שום דבר אחר בהזמנה לא משתנה.,עומק — יותר ממה שכבר קונים,,
2026-10-25,ראשון,תום,וואטסאפ — תום,וואטסאפ 1,עידן שהרבני (החצר האסייתית),T3,עומק,תה בלבד,דרום,רביעי,FRESH 1 ל׳ ₪65 ⚠מלאי0,GT-HIB-LOW-1L,DETOX 1 ל׳ ₪65 ⚠מלאי0,,תפריט הקטגוריה של המשפחה,1798,2151,,,"היי עידן שהרבני, אתם על ₪351 פרש בשנה; בתי עסק כמוכם על ₪1,468. להוסיף 4 יחידות FRESH 1000ml למשלוח הקרוב? כן/לא","אתם מזמינים פרש באופן קבוע — ₪351 ב-12 החודשים האחרונים, בקצב של הזמנה כל 78 ימים.",אני מוסיף FRESH 1000ml — 4 יחידות למשלוח הקרוב שלכם. שום דבר אחר בהזמנה לא משתנה.,עומק — יותר ממה שכבר קונים,,
2026-10-25,ראשון,תום,וואטסאפ — תום,וואטסאפ 1,ספתא (דור),T3,עומק,תה בלבד,צפון,שלישי,GT-LUI-FRE-0.5L,GT-LUI-FRE-0.5L,GT-HIB-FRE-0.5L,,תפריט הקטגוריה של המשפחה,1733,3267,,,"היי ספתא, אתם על ₪180 דיטוקס בשנה; בתי עסק כמוכם על ₪1,217. להוסיף 4 יחידות DETOX Sugar-Free 500ml למשלוח הקרוב? כן/לא","אתם מזמינים דיטוקס באופן קבוע — ₪180 ב-12 החודשים האחרונים, בקצב של הזמנה כל 46 ימים.",אני מוסיף DETOX Sugar-Free 500ml — 4 יחידות למשלוח הקרוב שלכם. שום דבר אחר בהזמנה לא משתנה.,עומק — יותר ממה שכבר קונים,,
2026-10-25,ראשון,תום,וואטסאפ — תום,וואטסאפ 1,הלחם והחמאה,T3,עומק,ספיישלטי,דרום,רביעי,DETOX 1 ל׳ ₪65 ⚠מלאי0,GT-LUI-LOW-1L,מחית תות ₪60,,תפריט הקטגוריה של המשפחה,1412,8034,,,"היי הלחם והחמאה, אתם על ₪556 דיטוקס בשנה; בתי עסק כמוכם על ₪1,254. להוסיף יחידה אחת DETOX 1000ml למשלוח הקרוב? כן/לא","אתם מזמינים דיטוקס באופן קבוע — ₪556 ב-12 החודשים האחרונים, בקצב של הזמנה כל 35 ימים.",אני מוסיף DETOX 1000ml — יחידה אחת למשלוח הקרוב שלכם. שום דבר אחר בהזמנה לא משתנה.,עומק — יותר ממה שכבר קונים,,
2026-10-25,ראשון,תום,משימת מערכת,משימת מערכת,לוח התוצאות השבועי — q4_scoreboard.py,—,—,,,,,,,,,,,,,,,,נקרא עם תמונת התזרים של ראשון,,
2026-10-26,שני,אבי,שיחה — אבי,שיחה 3 — סגירה,Nini Hachi,T2,עומק,תה בלבד,מרכז,ראשון/שני/חמישי,FRESH 1 ל׳ ₪65 ⚠מלאי0,GT-HIB-LOW-1L,DETOX 1 ל׳ ₪65 ⚠מלאי0,,תפריט הקטגוריה של המשפחה,3865,7212,,,,,אני מוסיף FRESH 1000ml — 2 יחידות לסניף (5 לרשת) למשלוח הקרוב שלכם. שום דבר אחר בהזמנה לא משתנה.,,,
2026-10-26,שני,אבי,שיחה — אבי,שיחה 2 — תוכן אחר,קמפאי,T2,רוחב,תה בלבד,דרום,רביעי,NAMASTEA 1 ל׳ ₪65,GT-MAS-CHA-1L,CALM 1 ל׳ ₪65,,תפריט קטגוריה · כרטיס מתכון · דף ציוד לאבקות,2781,16225,,,,,,,,
2026-10-26,שני,אבי,שיחה — אבי,שיחה 2 — תוכן אחר,החצר האחורית,T2,עומק,ספיישלטי,צפון,שלישי,GT-MAS-CHA-0.5L,GT-MAS-CHA-0.5L,סנגריה ורודה 1 ל׳ ₪45 · DETOX 1 ל׳ ₪65 ⚠מלאי0,,תפריט הקטגוריה של המשפחה,2435,11732,,,,,,,,
2026-10-26,שני,אבי,שיחה — אבי,שיחה 2 — תוכן אחר,"קסם מזנונים בע""מ (אוטביה)",T2,עומק,ספיישלטי,דרום,רביעי,NAMASTEA 1 ל׳ ₪65,GT-MAS-CHA-1L,,,תפריט הקטגוריה של המשפחה,2340,27250,,,,,,,,
2026-10-26,שני,אלכס+אבי,פגישה — אלכס + אבי,פגישה משותפת,R2M,T1,עומק,תה בלבד,מרכז,ראשון/שני/חמישי,NAMASTEA 1 ל׳ ₪65,GT-MAS-CHA-1L,REVIVE 1 ל׳ ₪65 · FRESH 1 ל׳ ₪65 ⚠מלאי0,,תפריט הקטגוריה של המשפחה,21947,120726,,,"היי R2M, אתם על ₪1,760 נמסטיאה (צ'אי מסאלה) בשנה; בתי עסק כמוכם על ₪5,749. להוסיף יחידה אחת NAMASTEA 1000ml למשלוח הקרוב? כן/לא","נמסטיאה (צ'אי מסאלה) כבר נמצאת ב-2 מתוך 10 הסניפים שלכם, ובכל אחד מהם הכמות נמוכה מחצי ממה שבית עסק דומה מזמין — ₪1,994 לסניף בשנה, ₪3,989 לרשת.",אני מוסיף NAMASTEA 1000ml — יחידה אחת לסניף (6 לרשת) למשלוח הקרוב שלכם. שום דבר אחר בהזמנה לא משתנה.,הרחבת חשבון אסטרטגי,,
2026-10-26,שני,תום,וואטסאפ — תום,וואטסאפ 3 — סגירה,(פודיס צמרת בראון) סטודיו - Studio,T3,עומק,תה בלבד,מרכז,ראשון/שני/חמישי,GT-HIB-FRE-1L,GT-HIB-FRE-1L,DETOX 1 ל׳ ₪65 ⚠מלאי0 · NAMASTEA 1 ל׳ ₪65,,תפריט הקטגוריה של המשפחה,4587,5856,,,,,אני מוסיף FRESH Sugar-Free 1000ml — 2 יחידות למשלוח הקרוב שלכם. שום דבר אחר בהזמנה לא משתנה.,,,
2026-10-26,שני,תום,וואטסאפ — תום,וואטסאפ 3 — סגירה,"אוטוטו (קפה בגרונימן 8 בע""מ)",T3,עומק,תה בלבד,מרכז,ראשון/שני/חמישי,FRESH 1 ל׳ ₪65 ⚠מלאי0,GT-HIB-LOW-1L,ENERGY 1 ל׳ ₪65,,תפריט הקטגוריה של המשפחה,4510,21250,,,,,אני מוסיף FRESH 1000ml — 2 יחידות למשלוח הקרוב שלכם. שום דבר אחר בהזמנה לא משתנה.,,,
2026-10-26,שני,תום,וואטסאפ — תום,וואטסאפ 3 — סגירה,בוקאדו ג.ה בע״מ,T3,עומק,תה בלבד,מרכז,ראשון/שני/חמישי,מאצ׳ה 500g ₪590,GT-SHI-CER-500,DETOX 1 ל׳ ₪65 ⚠מלאי0,,תפריט הקטגוריה של המשפחה,3632,7999,,,,,אני מוסיף Shizuoka Ceremonial Matcha Bag 500g — יחידה אחת למשלוח הקרוב שלכם. שום דבר אחר בהזמנה לא משתנה.,,,
2026-10-26,שני,תום,וואטסאפ — תום,וואטסאפ 3 — סגירה,"אבן יוגורט בע""מ (פרש מרקט מרקורי העין)",T3,עומק,בר,מרכז,ראשון/שני/חמישי,סנגריה ורודה 1 ל׳ ₪45,GTCC-PIN-SAN-1L,,,תפריט הקטגוריה של המשפחה,3172,5010,,,,,אני מוסיף GT Pink Sangria Cocktail 1000ml — 6 יחידות למשלוח הקרוב שלכם. שום דבר אחר בהזמנה לא משתנה.,,,
2026-10-26,שני,תום,וואטסאפ — תום,וואטסאפ 3 — סגירה,"אורי בייקרי השקעות בע""מ (סיטי בולונזרי)",T3,עומק,ספיישלטי,מרכז,ראשון/שני/חמישי,DETOX 1 ל׳ ₪65 ⚠מלאי0,GT-LUI-LOW-1L,מחית תות ₪60 · DESERTEA 1 ל׳ ₪65,,תפריט הקטגוריה של המשפחה,2941,12629,,,,,אני מוסיף DETOX 1000ml — 2 יחידות למשלוח הקרוב שלכם. שום דבר אחר בהזמנה לא משתנה.,,,
2026-10-26,שני,תום,וואטסאפ — תום,וואטסאפ 2 — תוכן אחר,בוטקה,T3,עומק,תה בלבד,דרום,רביעי,NAMASTEA 1 ל׳ ₪65,GT-MAS-CHA-1L,DETOX 1 ל׳ ₪65 ⚠מלאי0,,תפריט הקטגוריה של המשפחה,2404,4680,,,,,,,,
2026-10-26,שני,תום,וואטסאפ — תום,וואטסאפ 1,"פתפותים- לחמים ומאפים קמח כוסמין בע""מ",T3,עומק,תה בלבד,צפון,שלישי,NAMASTEA 1 ל׳ ₪65,GT-MAS-CHA-1L,DETOX 1 ל׳ ₪65 ⚠מלאי0,,תפריט הקטגוריה של המשפחה,1321,2462,,,"היי פתפותים- לחמים ומאפים קמח כוסמין, אתם על ₪351 נמסטיאה (צ'אי מסאלה) בשנה; בתי עסק כמוכם על ₪892. להוסיף 2 יחידות NAMASTEA 1000ml למשלוח הקרוב? כן/לא","אתם מזמינים נמסטיאה (צ'אי מסאלה) באופן קבוע — ₪351 ב-12 החודשים האחרונים, בקצב של הזמנה כל 94 ימים.",אני מוסיף NAMASTEA 1000ml — 2 יחידות למשלוח הקרוב שלכם. שום דבר אחר בהזמנה לא משתנה.,עומק — יותר ממה שכבר קונים,,
2026-10-26,שני,תום,וואטסאפ — תום,וואטסאפ 1,קפה אמיצ׳י,T3,עומק,ספיישלטי,צפון,שלישי,GT-SHI-CER-18*22,GT-SHI-CER-18*22,,,תפריט הקטגוריה של המשפחה,1295,5521,,,"היי קפה אמיצ׳י, אתם על ₪1,150 מאצ'ה בשנה; בתי עסק כמוכם על ₪2,445. להוסיף יחידה אחת Shizuoka Ceremonial Matcha 22x18g bags למשלוח הקרוב? כן/לא","אתם מזמינים מאצ'ה באופן קבוע — ₪1,150 ב-12 החודשים האחרונים, בקצב של הזמנה כל 156 ימים.",אני מוסיף Shizuoka Ceremonial Matcha 22x18g bags — יחידה אחת למשלוח הקרוב שלכם. שום דבר אחר בהזמנה לא משתנה.,עומק — יותר ממה שכבר קונים,,
2026-10-26,שני,תום,וואטסאפ — תום,וואטסאפ 1,פודטראק במשתלה בע״מ,T3,עומק,מעורב,צפון,שלישי,GT-MAS-CHA-0.5L,GT-MAS-CHA-0.5L,סנגריה ורודה 1 ל׳ ₪45,,תפריט הקטגוריה של המשפחה,1213,4052,,,"היי פודטראק במשתלה, אתם על ₪198 נמסטיאה (צ'אי מסאלה) בשנה; בתי עסק כמוכם על ₪780. להוסיף 2 יחידות NAMASTEA 500ml למשלוח הקרוב? כן/לא","אתם מזמינים נמסטיאה (צ'אי מסאלה) באופן קבוע — ₪198 ב-12 החודשים האחרונים, בקצב של הזמנה כל 42 ימים.",אני מוסיף NAMASTEA 500ml — 2 יחידות למשלוח הקרוב שלכם. שום דבר אחר בהזמנה לא משתנה.,עומק — יותר ממה שכבר קונים,,
2026-10-26,שני,תום,וואטסאפ — תום,וואטסאפ 1,בנחל עגלת קפה (קפה בנחל),T3,עומק,ספיישלטי,דרום,רביעי,UBE 1ק״ג ₪340,UBE-POWDER-1-KG,CALM 1 ל׳ ₪65,,תפריט הקטגוריה של המשפחה,1209,22451,,,"היי בנחל עגלת קפה, אתם על ₪340 אובה בשנה; בתי עסק כמוכם על ₪840. להוסיף יחידה אחת Ube Powder 1 KG למשלוח הקרוב? כן/לא","אתם מזמינים אובה באופן קבוע — ₪340 ב-12 החודשים האחרונים, בקצב של הזמנה כל 26 ימים.",אני מוסיף Ube Powder 1 KG — יחידה אחת למשלוח הקרוב שלכם. שום דבר אחר בהזמנה לא משתנה.,עומק — יותר ממה שכבר קונים,,
2026-10-28,רביעי,אבי,שיחה — אבי,שיחה 2 — תוכן אחר,פרש דה מרקט,T2,רוחב,תה בלבד,מרכז,ראשון/שני/חמישי,NAMASTEA 1 ל׳ ₪65,GT-MAS-CHA-1L,,,תפריט קטגוריה · כרטיס מתכון · דף ציוד לאבקות,590,7039,,,,,,,,
2026-10-28,רביעי,אבי,משימת מערכת,משימת מערכת,לכידת טלפונים — מנה 15 (10 חשבונות),—,—,,,,,,,,,,,,,,,,"מ-Green Invoice, מסירות LionWheel ורשומות ההזמנה. 0 מתוך 153 בשופיפיי",,
2026-10-28,רביעי,אלכס,משימת מערכת,משימת מערכת,13:00 עם תום — 10 דקות על היעדים,—,—,,,,,,,,,,,,,,,,בפגישה שכבר קיימת,,
2026-10-29,חמישי,אבי,שיחה — אבי,שיחה 3 — סגירה,MILANO (מילאנו בייקרי קרית אונו בע״מ),T2,עומק,ספיישלטי,מרכז,ראשון/שני/חמישי,מחית תות ₪60,GT-ODK-STR-1,NAMASTEA 1 ל׳ ₪65,,תפריט הקטגוריה של המשפחה,3849,25935,,,,,אני מוסיף ODK Strawberry Smoothie 1000ml — 2 יחידות למשלוח הקרוב שלכם. שום דבר אחר בהזמנה לא משתנה.,,,
2026-10-29,חמישי,תום,וואטסאפ — תום,וואטסאפ 2 — תוכן אחר,שפרה בייקרי בע״מ,T3,עומק,תה בלבד,מרכז,ראשון/שני/חמישי,NAMASTEA 1 ל׳ ₪65,GT-MAS-CHA-1L,ENERGY 1 ל׳ ₪65,,תפריט הקטגוריה של המשפחה,1638,7217,,,,,,,,
2026-10-29,חמישי,תום,וואטסאפ — תום,וואטסאפ 2 — תוכן אחר,"זוריק זה טוב בע""מ (זוריק סלוניקי)",T3,עומק,תה בלבד,מרכז,ראשון/שני/חמישי,NAMASTEA 1 ל׳ ₪65,GT-MAS-CHA-1L,CALM 1 ל׳ ₪65,,תפריט הקטגוריה של המשפחה,1597,7686,,,,,,,,
2026-10-29,חמישי,תום,וואטסאפ — תום,וואטסאפ 2 — תוכן אחר,"הספסל (הספסל בע""מ)",T3,עומק,תה בלבד,מרכז,ראשון/שני/חמישי,REVIVE 1 ל׳ ₪65,GT-SEN-LOW-1L,ENERGY 1 ל׳ ₪65,,תפריט הקטגוריה של המשפחה,1255,7020,,,,,,,,
2026-10-29,חמישי,תום,וואטסאפ — תום,וואטסאפ 2 — תוכן אחר,"ג'מה ר.ג בע""מ (ג'מה)",T3,עומק,תה בלבד,מרכז,ראשון/שני/חמישי,DETOX 1 ל׳ ₪65 ⚠מלאי0,GT-LUI-LOW-1L,,,תפריט הקטגוריה של המשפחה,1124,3953,,,,,,,,
2026-11-01,ראשון,אבי,פגישה — אלכס + אבי,מעקב 2 — סגירה,מנדרין,T1,החלפת מוזה,תה בלבד,צפון,שלישי,CALM 1 ל׳ ₪65,GT-CHA-LOW-1L,FRESH 1 ל׳ ₪65 ⚠מלאי0 · סנגריה ורודה 1 ל׳ ₪45,"M1 אותו בקבוק, תפריט ערב · M3 סנגריה ורודה",כרטיסי הגשה FRESH/CALM · מפת המעבר ממוזה · דף סנגריה ורודה,18671,16007,11840,9431,,,"אני שולח כרטיס הגשה, ומוסיף עוד תרכיז למשלוח הקרוב כדי שיהיה מספיק לשני חלקי התפריט. אפס מוצר חדש, אפס מדף חדש.",,,
2026-11-01,ראשון,אבי,פגישה — אלכס + אבי,מעקב 1 — אבי,R2M,T1,עומק,תה בלבד,מרכז,ראשון/שני/חמישי,NAMASTEA 1 ל׳ ₪65,GT-MAS-CHA-1L,REVIVE 1 ל׳ ₪65 · FRESH 1 ל׳ ₪65 ⚠מלאי0,,תפריט הקטגוריה של המשפחה,21947,120726,,,,,אני מוסיף NAMASTEA 1000ml — יחידה אחת לסניף (6 לרשת) למשלוח הקרוב שלכם. שום דבר אחר בהזמנה לא משתנה.,,,
2026-11-01,ראשון,אבי,שיחה — אבי,שיחה 3 — סגירה,"קפה נוק (ע.מ.ש בייקרי הרצל בע""מ)",T2,רוחב,ספיישלטי,דרום,רביעי,מחית תות ₪60,GT-ODK-STR-1,CALM 1 ל׳ ₪65 · CONSCIOUSNESS 1 ל׳ ₪65,,תפריט קטגוריה · כרטיס מתכון · דף ציוד לאבקות,6596,40713,,,,,"אני קופץ אליכם לרבע שעה ומראה לבריסטה את אייס מאצ'ה תות על ODK Strawberry Smoothie 1000ml — ₪6.46 עלות רכיבים לכוס, ₪39 בתפריט, 80% רווח. אם זה עובד, אני מוסיף את זה למשלוח הקרוב.",,,
2026-11-01,ראשון,אבי,שיחה — אבי,שיחה 1,טראק במושבה,T2,עומק,ספיישלטי,צפון,שלישי,מאצ׳ה 500g ₪590,GT-SHI-CER-500,GT-HIB-FRE-1L · סנגריה ורודה 1 ל׳ ₪45,,תפריט הקטגוריה של המשפחה,1988,14354,,,"היי טראק במושבה, אתם על ₪590 מאצ'ה בשנה; בתי עסק כמוכם על ₪1,238. להוסיף יחידה אחת Shizuoka Ceremonial Matcha Bag 500g למשלוח הקרוב? כן/לא","מאצ'ה כבר נמצאת ב-1 מתוך 2 הסניפים שלכם, ובכל אחד מהם הכמות נמוכה מחצי ממה שבית עסק דומה מזמין — ₪648 לסניף בשנה, ₪648 לרשת.",אני מוסיף Shizuoka Ceremonial Matcha Bag 500g — יחידה אחת לסניף (1 לרשת) למשלוח הקרוב שלכם. שום דבר אחר בהזמנה לא משתנה.,,,
2026-11-01,ראשון,תום,וואטסאפ — תום,וואטסאפ 3 — סגירה,"כרמלים בשכונה בע""מ",T3,עומק,בר,צפון,שלישי,סנגריה ורודה 1 ל׳ ₪45,GTCC-PIN-SAN-1L,,,תפריט הקטגוריה של המשפחה,2455,12706,,,,,אני מוסיף GT Pink Sangria Cocktail 1000ml — 5 יחידות למשלוח הקרוב שלכם. שום דבר אחר בהזמנה לא משתנה.,,,
2026-11-01,ראשון,תום,וואטסאפ — תום,וואטסאפ 3 — סגירה,אבני עמית ואלפסי שחף (קפה דאז),T3,רוחב,מעורב,צפון,שלישי,DETOX 1 ל׳ ₪65 ⚠מלאי0,GT-LUI-LOW-1L,,,תפריט קטגוריה · כרטיס מתכון · דף ציוד לאבקות,2151,9314,,,,,"אני קופץ אליכם לרבע שעה ומראה לבריסטה את חליטת תות לואיזה על DETOX 1000ml — ₪4.80 עלות רכיבים לכוס, ₪31 בתפריט, 82% רווח. אם זה עובד, אני מוסיף את זה למשלוח הקרוב.",,,
2026-11-01,ראשון,תום,וואטסאפ — תום,וואטסאפ 3 — סגירה,"סאנה (ני - וואה בע""מ)",T3,עומק,תה בלבד,צפון,שלישי,NAMASTEA 1 ל׳ ₪65,GT-MAS-CHA-1L,DETOX 1 ל׳ ₪65 ⚠מלאי0,,תפריט הקטגוריה של המשפחה,2127,3822,,,,,אני מוסיף NAMASTEA 1000ml — 2 יחידות למשלוח הקרוב שלכם. שום דבר אחר בהזמנה לא משתנה.,,,
2026-11-01,ראשון,תום,וואטסאפ — תום,וואטסאפ 2 — תוכן אחר,"כרמלים בשכונה בע""מ",T3,עומק,בר,צפון,שלישי,סנגריה ורודה 1 ל׳ ₪45,GTCC-PIN-SAN-1L,,,תפריט הקטגוריה של המשפחה,2455,12706,,,,,,,,
2026-11-01,ראשון,תום,וואטסאפ — תום,וואטסאפ 2 — תוכן אחר,"סאנה (ני - וואה בע""מ)",T3,עומק,תה בלבד,צפון,שלישי,NAMASTEA 1 ל׳ ₪65,GT-MAS-CHA-1L,DETOX 1 ל׳ ₪65 ⚠מלאי0,,תפריט הקטגוריה של המשפחה,2127,3822,,,,,,,,
2026-11-01,ראשון,תום,וואטסאפ — תום,וואטסאפ 2 — תוכן אחר,שני פרוינד (בליקמח במושבה),T3,עומק,מעורב,צפון,שלישי,GT-LUI-FRE-1L,GT-LUI-FRE-1L,סנגריה ורודה 1 ל׳ ₪45,,תפריט הקטגוריה של המשפחה,2045,7470,,,,,,,,
2026-11-01,ראשון,תום,וואטסאפ — תום,וואטסאפ 2 — תוכן אחר,הסגלגלה - טופז שפירא,T3,עומק,מעורב,צפון,שלישי,GT-LUI-FRE-0.5L,GT-LUI-FRE-0.5L,סנגריה ורודה 1 ל׳ ₪45,,תפריט הקטגוריה של המשפחה,1916,6569,,,,,,,,
2026-11-01,ראשון,תום,וואטסאפ — תום,וואטסאפ 2 — תוכן אחר,עידן שהרבני (החצר האסייתית),T3,עומק,תה בלבד,דרום,רביעי,FRESH 1 ל׳ ₪65 ⚠מלאי0,GT-HIB-LOW-1L,DETOX 1 ל׳ ₪65 ⚠מלאי0,,תפריט הקטגוריה של המשפחה,1798,2151,,,,,,,,
2026-11-01,ראשון,תום,וואטסאפ — תום,וואטסאפ 2 — תוכן אחר,ספתא (דור),T3,עומק,תה בלבד,צפון,שלישי,GT-LUI-FRE-0.5L,GT-LUI-FRE-0.5L,GT-HIB-FRE-0.5L,,תפריט הקטגוריה של המשפחה,1733,3267,,,,,,,,
2026-11-01,ראשון,תום,וואטסאפ — תום,וואטסאפ 2 — תוכן אחר,הלחם והחמאה,T3,עומק,ספיישלטי,דרום,רביעי,DETOX 1 ל׳ ₪65 ⚠מלאי0,GT-LUI-LOW-1L,מחית תות ₪60,,תפריט הקטגוריה של המשפחה,1412,8034,,,,,,,,
2026-11-01,ראשון,תום,משימת מערכת,משימת מערכת,לוח התוצאות השבועי — q4_scoreboard.py,—,—,,,,,,,,,,,,,,,,נקרא עם תמונת התזרים של ראשון,,
2026-11-02,שני,אלכס+אבי,פגישה — אלכס + אבי,פגישה משותפת,קפה גן סיפור,T1,רוחב,מעורב,מרכז,ראשון/שני/חמישי,סנגריה ורודה 1 ל׳ ₪45,GTCC-PIN-SAN-1L,מחית תות ₪60 · CALM 1 ל׳ ₪65,,תפריט קטגוריה · כרטיס מתכון · דף ציוד לאבקות,15557,102922,,,"היי קפה גן סיפור, עברתי על ההזמנות שלכם. סנגריה אף פעם לא נכנסה אליכם, ו-45.3% מבתי עסק עם תפריט מעורב קונים סנגריה. שווה ₪10,949 בשנה. להוסיף GT Pink Sangria Cocktail 1000ml למשלוח הקרוב? כן/לא","8 סניפים שלכם מזמינים מאיתנו, וסנגריה לא נכנסה לאף אחד מהם. 45.3% מבתי עסק עם תפריט מעורב קונים סנגריה.",אני מוסיף GT Pink Sangria Cocktail 1000ml — 2 יחידות לסניף (12 לרשת) למשלוח הקרוב שלכם. שום דבר אחר בהזמנה לא משתנה.,הרחבת חשבון אסטרטגי,,
2026-11-02,שני,תום,וואטסאפ — תום,וואטסאפ 3 — סגירה,שני פרוינד (בליקמח במושבה),T3,עומק,מעורב,צפון,שלישי,GT-LUI-FRE-1L,GT-LUI-FRE-1L,סנגריה ורודה 1 ל׳ ₪45,,תפריט הקטגוריה של המשפחה,2045,7470,,,,,אני מוסיף DETOX Sugar-Free 1000ml — 3 יחידות למשלוח הקרוב שלכם. שום דבר אחר בהזמנה לא משתנה.,,,
2026-11-02,שני,תום,וואטסאפ — תום,וואטסאפ 3 — סגירה,"טאיו אשיאן פוד א.א.ט בע""מ (ראשון לציון)",T3,עומק,ספיישלטי,דרום,רביעי,GT-SHI-CER-18*22,GT-SHI-CER-18*22,GT-LUI-LOW-0.5L · GT-MAS-CHA-0.5L,,תפריט הקטגוריה של המשפחה,6491,10833,,,,,אני מוסיף Shizuoka Ceremonial Matcha 22x18g bags — יחידה אחת למשלוח הקרוב שלכם. שום דבר אחר בהזמנה לא משתנה.,,,
2026-11-02,שני,תום,וואטסאפ — תום,וואטסאפ 2 — תוכן אחר,"פתפותים- לחמים ומאפים קמח כוסמין בע""מ",T3,עומק,תה בלבד,צפון,שלישי,NAMASTEA 1 ל׳ ₪65,GT-MAS-CHA-1L,DETOX 1 ל׳ ₪65 ⚠מלאי0,,תפריט הקטגוריה של המשפחה,1321,2462,,,,,,,,
2026-11-02,שני,תום,וואטסאפ — תום,וואטסאפ 2 — תוכן אחר,קפה אמיצ׳י,T3,עומק,ספיישלטי,צפון,שלישי,GT-SHI-CER-18*22,GT-SHI-CER-18*22,,,תפריט הקטגוריה של המשפחה,1295,5521,,,,,,,,
2026-11-02,שני,תום,וואטסאפ — תום,וואטסאפ 2 — תוכן אחר,פודטראק במשתלה בע״מ,T3,עומק,מעורב,צפון,שלישי,GT-MAS-CHA-0.5L,GT-MAS-CHA-0.5L,סנגריה ורודה 1 ל׳ ₪45,,תפריט הקטגוריה של המשפחה,1213,4052,,,,,,,,
2026-11-02,שני,תום,וואטסאפ — תום,וואטסאפ 2 — תוכן אחר,בנחל עגלת קפה (קפה בנחל),T3,עומק,ספיישלטי,דרום,רביעי,UBE 1ק״ג ₪340,UBE-POWDER-1-KG,CALM 1 ל׳ ₪65,,תפריט הקטגוריה של המשפחה,1209,22451,,,,,,,,
2026-11-02,שני,תום,וואטסאפ — תום,וואטסאפ 1,עגלת קפה פרנצ'י (גל פרץ),T3,עומק,מעורב,דרום,רביעי,סנגריה ורודה 1 ל׳ ₪45,GTCC-PIN-SAN-1L,,,תפריט הקטגוריה של המשפחה,1094,9080,,,"היי עגלת קפה פרנצ'י, אתם על ₪540 סנגריה בשנה; בתי עסק כמוכם על ₪1,634. להוסיף 2 יחידות GT Pink Sangria Cocktail 1000ml למשלוח הקרוב? כן/לא","אתם מזמינים סנגריה באופן קבוע — ₪540 ב-12 החודשים האחרונים, בקצב של הזמנה כל 28 ימים.",אני מוסיף GT Pink Sangria Cocktail 1000ml — 2 יחידות למשלוח הקרוב שלכם. שום דבר אחר בהזמנה לא משתנה.,עומק — יותר ממה שכבר קונים,,
2026-11-02,שני,תום,וואטסאפ — תום,וואטסאפ 1,טרוי,T3,עומק,תה בלבד,צפון,שלישי,DETOX 1 ל׳ ₪65 ⚠מלאי0,GT-LUI-LOW-1L,,,תפריט הקטגוריה של המשפחה,1032,6519,,,"היי טרוי, אתם על ₪494 דיטוקס בשנה; בתי עסק כמוכם על ₪1,526. להוסיף 4 יחידות DETOX 1000ml למשלוח הקרוב? כן/לא","אתם מזמינים דיטוקס באופן קבוע — ₪494 ב-12 החודשים האחרונים, בקצב של הזמנה כל 86 ימים.",אני מוסיף DETOX 1000ml — 4 יחידות למשלוח הקרוב שלכם. שום דבר אחר בהזמנה לא משתנה.,עומק — יותר ממה שכבר קונים,,
2026-11-02,שני,תום,וואטסאפ — תום,וואטסאפ 1,"אמלולה בגינה (ריבלין בע""מ)",T3,עומק,ספיישלטי,דרום,רביעי,מחית מנגו ₪60,GT-ODK-MAN-1,,,תפריט הקטגוריה של המשפחה,837,8045,,,"היי אמלולה בגינה, אתם על ₪330 מחית פרי ODK בשנה; בתי עסק כמוכם על ₪1,167. להוסיף יחידה אחת ODK Mango Smoothie 1000ml למשלוח הקרוב? כן/לא","אתם מזמינים מחית פרי ODK באופן קבוע — ₪330 ב-12 החודשים האחרונים, בקצב של הזמנה כל 30 ימים.",אני מוסיף ODK Mango Smoothie 1000ml — יחידה אחת למשלוח הקרוב שלכם. שום דבר אחר בהזמנה לא משתנה.,עומק — יותר ממה שכבר קונים,,
2026-11-02,שני,תום,וואטסאפ — תום,וואטסאפ 1,"ים ברים בע""מ (פטפוט)",T3,עומק,תה בלבד,דרום,רביעי,GT-MAS-CHA-0.5L,GT-MAS-CHA-0.5L,,,תפריט הקטגוריה של המשפחה,672,6430,,,"היי ים ברים, אתם על ₪328 נמסטיאה (צ'אי מסאלה) בשנה; בתי עסק כמוכם על ₪1,000. להוסיף 2 יחידות NAMASTEA 500ml למשלוח הקרוב? כן/לא","אתם מזמינים נמסטיאה (צ'אי מסאלה) באופן קבוע — ₪328 ב-12 החודשים האחרונים, בקצב של הזמנה כל 28 ימים.",אני מוסיף NAMASTEA 500ml — 2 יחידות למשלוח הקרוב שלכם. שום דבר אחר בהזמנה לא משתנה.,עומק — יותר ממה שכבר קונים,,
2026-11-03,שלישי,אבי,פגישה — אלכס + אבי,מעקב 2 — סגירה,ויוינו,T1,רוחב,תה בלבד,מרכז,ראשון/שני/חמישי,FRESH 1 ל׳ ₪65 ⚠מלאי0,GT-HIB-LOW-1L,NAMASTEA 1 ל׳ ₪65 · CONSCIOUSNESS 1 ל׳ ₪65,,תפריט קטגוריה · כרטיס מתכון · דף ציוד לאבקות,30202,86056,,,,,"אני קופץ אליכם לרבע שעה ומראה לבריסטה את חליטת היביסקוס וליים על FRESH 1000ml — ₪3.25 עלות רכיבים לכוס, ₪20 בתפריט, 81% רווח. אם זה עובד, אני מוסיף את זה למשלוח הקרוב.",,,
2026-11-03,שלישי,אבי,שיחה — אבי,שיחה 3 — סגירה,קפה לאגו,T2,רוחב,מעורב,מרכז,ראשון/שני/חמישי,סנגריה ורודה 1 ל׳ ₪45,GTCC-PIN-SAN-1L,,,תפריט קטגוריה · כרטיס מתכון · דף ציוד לאבקות,1352,12941,,,,,אני מוסיף GT Pink Sangria Cocktail 1000ml — 2 יחידות לסניף (4 לרשת) למשלוח הקרוב שלכם. שום דבר אחר בהזמנה לא משתנה.,,,
2026-11-03,שלישי,אבי,משימת מערכת,משימת מערכת,לכידת טלפונים — מנה 16 (10 חשבונות),—,—,,,,,,,,,,,,,,,,"מ-Green Invoice, מסירות LionWheel ורשומות ההזמנה. 0 מתוך 153 בשופיפיי",,
2026-11-03,שלישי,תום,וואטסאפ — תום,וואטסאפ 3 — סגירה,קפה יוענה 770,T3,עומק,ספיישלטי,מרכז,ראשון/שני/חמישי,מחית מנגו ₪60,GT-ODK-MAN-1,NAMASTEA 1 ל׳ ₪65,,תפריט הקטגוריה של המשפחה,2634,11005,,,,,אני מוסיף ODK Mango Smoothie 1000ml — 4 יחידות למשלוח הקרוב שלכם. שום דבר אחר בהזמנה לא משתנה.,,,
2026-11-03,שלישי,תום,וואטסאפ — תום,וואטסאפ 3 — סגירה,"גרוזדומיצין בע""מ (שישקו קפה הכובשים)",T3,עומק,תה בלבד,מרכז,ראשון/שני/חמישי,FRESH 1 ל׳ ₪65 ⚠מלאי0,GT-HIB-LOW-1L,DETOX 1 ל׳ ₪65 ⚠מלאי0,,תפריט הקטגוריה של המשפחה,2236,4178,,,,,אני מוסיף FRESH 1000ml — 3 יחידות למשלוח הקרוב שלכם. שום דבר אחר בהזמנה לא משתנה.,,,
2026-11-03,שלישי,תום,וואטסאפ — תום,וואטסאפ 3 — סגירה,נורדאו 2 (נורדאו 2 בית מאפה בע״מ),T3,עומק,ספיישלטי,מרכז,ראשון/שני/חמישי,GT-HIB-LOW-0.5L,GT-HIB-LOW-0.5L,מחית תות ₪60,,תפריט הקטגוריה של המשפחה,2190,12258,,,,,אני מוסיף FRESH 500ml — 2 יחידות למשלוח הקרוב שלכם. שום דבר אחר בהזמנה לא משתנה.,,,
2026-11-03,שלישי,תום,וואטסאפ — תום,וואטסאפ 3 — סגירה,"ברדקלאב בייקרי בע""מ (בראדקלאב שרונים)",T3,עומק,מעורב,מרכז,ראשון/שני/חמישי,NAMASTEA 1 ל׳ ₪65,GT-MAS-CHA-1L,סנגריה ורודה 1 ל׳ ₪45,,תפריט הקטגוריה של המשפחה,2075,7573,,,,,אני מוסיף NAMASTEA 1000ml — 2 יחידות למשלוח הקרוב שלכם. שום דבר אחר בהזמנה לא משתנה.,,,
2026-11-03,שלישי,תום,וואטסאפ — תום,וואטסאפ 3 — סגירה,קלאוד ניין,T3,עומק,ספיישלטי,מרכז,ראשון/שני/חמישי,GT-LUI-FRE-1L,GT-LUI-FRE-1L,מחית תות ₪60,,תפריט הקטגוריה של המשפחה,1973,8910,,,,,אני מוסיף DETOX Sugar-Free 1000ml — 2 יחידות למשלוח הקרוב שלכם. שום דבר אחר בהזמנה לא משתנה.,,,
2026-11-03,שלישי,תום,וואטסאפ — תום,וואטסאפ 3 — סגירה,קפה בוסקו,T3,עומק,מעורב,מרכז,ראשון/שני/חמישי,NAMASTEA 1 ל׳ ₪65,GT-MAS-CHA-1L,סנגריה ורודה 1 ל׳ ₪45,,תפריט הקטגוריה של המשפחה,1958,5940,,,,,אני מוסיף NAMASTEA 1000ml — 3 יחידות למשלוח הקרוב שלכם. שום דבר אחר בהזמנה לא משתנה.,,,
2026-11-03,שלישי,תום,וואטסאפ — תום,וואטסאפ 3 — סגירה,אלוף (בני ציון הבימה בע״מ),T3,עומק,תה בלבד,מרכז,ראשון/שני/חמישי,ENERGY 1 ל׳ ₪65,GT-LEM-LOW-1L,CALM 1 ל׳ ₪65,,תפריט הקטגוריה של המשפחה,1851,13115,,,,,אני מוסיף ENERGY 1000ml — יחידה אחת למשלוח הקרוב שלכם. שום דבר אחר בהזמנה לא משתנה.,,,
2026-11-03,שלישי,תום,וואטסאפ — תום,וואטסאפ 3 — סגירה,"רשת פט אנד פאף בע""מ",T3,עומק,תה בלבד,מרכז,ראשון/שני/חמישי,REVIVE 1 ל׳ ₪65,GT-SEN-LOW-1L,CALM 1 ל׳ ₪65,,תפריט הקטגוריה של המשפחה,1851,13176,,,,,אני מוסיף REVIVE 1000ml — יחידה אחת למשלוח הקרוב שלכם. שום דבר אחר בהזמנה לא משתנה.,,,
2026-11-03,שלישי,תום,וואטסאפ — תום,וואטסאפ 1,"מ.ג בן חמו מסעדנות בע""מ (ביגה ראשון לציון)",T3,עומק,ספיישלטי,דרום,רביעי,NAMASTEA 1 ל׳ ₪65,GT-MAS-CHA-1L,,,תפריט הקטגוריה של המשפחה,604,7195,,,"היי מ.ג בן חמו מסעדנות, אתם על ₪122 נמסטיאה (צ'אי מסאלה) בשנה; בתי עסק כמוכם על ₪726. להוסיף יחידה אחת NAMASTEA 1000ml למשלוח הקרוב? כן/לא","אתם מזמינים נמסטיאה (צ'אי מסאלה) באופן קבוע — ₪122 ב-12 החודשים האחרונים, בקצב של הזמנה כל 52 ימים.",אני מוסיף NAMASTEA 1000ml — יחידה אחת למשלוח הקרוב שלכם. שום דבר אחר בהזמנה לא משתנה.,עומק — יותר ממה שכבר קונים,,
2026-11-03,שלישי,תום,וואטסאפ — תום,וואטסאפ 1,ג׳וליה בייקרי,T3,עומק,ספיישלטי,דרום,רביעי,GT-HIB-FRE-1L,GT-HIB-FRE-1L,,,תפריט הקטגוריה של המשפחה,560,9287,,,"היי ג׳וליה בייקרי, אתם על ₪366 פרש בשנה; בתי עסק כמוכם על ₪926. להוסיף יחידה אחת FRESH Sugar-Free 1000ml למשלוח הקרוב? כן/לא","אתם מזמינים פרש באופן קבוע — ₪366 ב-12 החודשים האחרונים, בקצב של הזמנה כל 60 ימים.",אני מוסיף FRESH Sugar-Free 1000ml — יחידה אחת למשלוח הקרוב שלכם. שום דבר אחר בהזמנה לא משתנה.,עומק — יותר ממה שכבר קונים,,
2026-11-04,רביעי,אבי,משימת מערכת,משימת מערכת,לכידת טלפונים — מנה 17 (10 חשבונות),—,—,,,,,,,,,,,,,,,,"מ-Green Invoice, מסירות LionWheel ורשומות ההזמנה. 0 מתוך 153 בשופיפיי",,
2026-11-04,רביעי,אלכס,משימת מערכת,משימת מערכת,13:00 עם תום — 10 דקות על היעדים,—,—,,,,,,,,,,,,,,,,בפגישה שכבר קיימת,,
2026-11-05,חמישי,אבי,פגישה — אלכס + אבי,מעקב 1 — אבי,קפה גן סיפור,T1,רוחב,מעורב,מרכז,ראשון/שני/חמישי,סנגריה ורודה 1 ל׳ ₪45,GTCC-PIN-SAN-1L,מחית תות ₪60 · CALM 1 ל׳ ₪65,,תפריט קטגוריה · כרטיס מתכון · דף ציוד לאבקות,15557,102922,,,,,אני מוסיף GT Pink Sangria Cocktail 1000ml — 2 יחידות לסניף (12 לרשת) למשלוח הקרוב שלכם. שום דבר אחר בהזמנה לא משתנה.,,,
2026-11-05,חמישי,תום,וואטסאפ — תום,וואטסאפ 3 — סגירה,"עמיתה ביאליק (א.אנד מ. בייקרי בע""מ)",T3,עומק,תה בלבד,מרכז,ראשון/שני/חמישי,GT-LEM-LOW-0.5L,GT-LEM-LOW-0.5L,GT-CHA-LOW-0.5L · GT-SEN-LOW-0.5L,,תפריט הקטגוריה של המשפחה,1838,9192,,,,,אני מוסיף ENERGY 500ml — 2 יחידות למשלוח הקרוב שלכם. שום דבר אחר בהזמנה לא משתנה.,,,
2026-11-05,חמישי,תום,וואטסאפ — תום,וואטסאפ 3 — סגירה,"א.מ בייקרי גבעתיים בע""מ (תחנת לחם גבעתיים)",T3,עומק,מעורב,מרכז,ראשון/שני/חמישי,NAMASTEA 1 ל׳ ₪65,GT-MAS-CHA-1L,סנגריה ורודה 1 ל׳ ₪45,,תפריט הקטגוריה של המשפחה,1678,5692,,,,,אני מוסיף NAMASTEA 1000ml — 4 יחידות למשלוח הקרוב שלכם. שום דבר אחר בהזמנה לא משתנה.,,,
2026-11-05,חמישי,תום,וואטסאפ — תום,וואטסאפ 3 — סגירה,קפה גינה,T3,החלפת מוזה,ספיישלטי,מרכז,ראשון/שני/חמישי,CALM 1 ל׳ ₪65,GT-CHA-LOW-1L,FRESH 1 ל׳ ₪65 ⚠מלאי0 · סנגריה ורודה 1 ל׳ ₪45,"M1 אותו בקבוק, תפריט ערב · M3 סנגריה ורודה",כרטיסי הגשה FRESH/CALM · מפת המעבר ממוזה · דף סנגריה ורודה,1665,9409,576,459,,,"אני שולח כרטיס הגשה, ומוסיף עוד תרכיז למשלוח הקרוב כדי שיהיה מספיק לשני חלקי התפריט. אפס מוצר חדש, אפס מדף חדש.",,,
2026-11-05,חמישי,תום,וואטסאפ — תום,וואטסאפ 1,"א.ר.נ. מסעדות קריית אונו בע""מ (קיסו - Kisu)",T3,רוחב,תה בלבד,מרכז,ראשון/שני/חמישי,DETOX 1 ל׳ ₪65 ⚠מלאי0,GT-LUI-LOW-1L,FRESH 1 ל׳ ₪65 ⚠מלאי0 · NAMASTEA 1 ל׳ ₪65,,תפריט קטגוריה · כרטיס מתכון · דף ציוד לאבקות,8799,10248,,,"היי א.ר.נ. מסעדות קריית אונו, עברתי על ההזמנות שלכם. דיטוקס אף פעם לא נכנסה אליכם, ו-78.8% מבתי עסק שמוכרים בעיקר תה קר קונים דיטוקס. שווה ₪3,246 בשנה. להוסיף DETOX 1000ml למשלוח הקרוב? כן/לא",אתם מזמינים מאיתנו ריווייב — ודיטוקס אף פעם לא נכנסה להזמנה. 78.8% מבתי עסק שמוכרים בעיקר תה קר קונים דיטוקס.,"אני קופץ אליכם לרבע שעה ומראה לבריסטה את חליטת תות לואיזה על DETOX 1000ml — ₪4.80 עלות רכיבים לכוס, ₪31 בתפריט, 82% רווח. אם זה עובד, אני מוסיף את זה למשלוח הקרוב.",רוחב — קו חדש,,
2026-11-05,חמישי,תום,וואטסאפ — תום,וואטסאפ 1,קפה אנסטסיה בע״מ,T3,רוחב,ספיישלטי,מרכז,ראשון/שני/חמישי,DETOX 1 ל׳ ₪65 ⚠מלאי0,GT-LUI-LOW-1L,NAMASTEA 1 ל׳ ₪65 · FRESH 1 ל׳ ₪65 ⚠מלאי0,,תפריט קטגוריה · כרטיס מתכון · דף ציוד לאבקות,7788,24370,,,"היי קפה אנסטסיה, עברתי על ההזמנות שלכם. דיטוקס אף פעם לא נכנסה אליכם, ו-75.3% מבתי קפה שמוכרים מאצ'ה וסמוזי קונים דיטוקס. שווה ₪2,778 בשנה. להוסיף DETOX 1000ml למשלוח הקרוב? כן/לא","אתם מזמינים מאיתנו מאצ'ה, מחית פרי ODK, אובה — ודיטוקס אף פעם לא נכנסה להזמנה. 75.3% מבתי קפה שמוכרים מאצ'ה וסמוזי קונים דיטוקס.","אני קופץ אליכם לרבע שעה ומראה לבריסטה את חליטת תות לואיזה על DETOX 1000ml — ₪4.80 עלות רכיבים לכוס, ₪31 בתפריט, 82% רווח. אם זה עובד, אני מוסיף את זה למשלוח הקרוב.",רוחב — קו חדש,,
2026-11-05,חמישי,תום,וואטסאפ — תום,וואטסאפ 1,סברה קפה בע״מ,T3,רוחב,מעורב,מרכז,ראשון/שני/חמישי,מאצ׳ה 500g ₪590,GT-SHI-CER-500,סנגריה ורודה 1 ל׳ ₪45 · GT-JAS-LOW-0.5L,,תפריט קטגוריה · כרטיס מתכון · דף ציוד לאבקות,6573,13267,,,"היי סברה קפה, עברתי על ההזמנות שלכם. מאצ'ה אף פעם לא נכנסה אליכם, ו-79.2% מבתי עסק עם תפריט מעורב קונים מאצ'ה. שווה ₪2,942 בשנה. להוסיף Shizuoka Ceremonial Matcha Bag 500g למשלוח הקרוב? כן/לא","אתם מזמינים מאיתנו דיטוקס, אובה, פרש — ומאצ'ה אף פעם לא נכנסה להזמנה. 79.2% מבתי עסק עם תפריט מעורב קונים מאצ'ה.","אני קופץ אליכם לרבע שעה ומראה לבריסטה את אייס אובה מאצ'ה על Shizuoka Ceremonial Matcha Bag 500g — ₪4.96 עלות רכיבים לכוס, ₪28 בתפריט, 79% רווח. אם זה עובד, אני מוסיף את זה למשלוח הקרוב.",רוחב — קו חדש,,
2026-11-05,חמישי,תום,וואטסאפ — תום,וואטסאפ 1,"שולה בחצר בע""מ",T3,רוחב,תה בלבד,מרכז,ראשון/שני/חמישי,DETOX 1 ל׳ ₪65 ⚠מלאי0,GT-LUI-LOW-1L,DESERTEA 1 ל׳ ₪65 · FRESH 1 ל׳ ₪65 ⚠מלאי0,,תפריט קטגוריה · כרטיס מתכון · דף ציוד לאבקות,5602,6903,,,"היי שולה בחצר, עברתי על ההזמנות שלכם. דיטוקס אף פעם לא נכנסה אליכם, ו-78.8% מבתי עסק שמוכרים בעיקר תה קר קונים דיטוקס. שווה ₪2,187 בשנה. להוסיף DETOX 1000ml למשלוח הקרוב? כן/לא","אתם מזמינים מאיתנו אנרג'י, דזרטי — ודיטוקס אף פעם לא נכנסה להזמנה. 78.8% מבתי עסק שמוכרים בעיקר תה קר קונים דיטוקס.","אני קופץ אליכם לרבע שעה ומראה לבריסטה את חליטת תות לואיזה על DETOX 1000ml — ₪4.80 עלות רכיבים לכוס, ₪31 בתפריט, 82% רווח. אם זה עובד, אני מוסיף את זה למשלוח הקרוב.",רוחב — קו חדש,,
2026-11-05,חמישי,תום,וואטסאפ — תום,וואטסאפ 1,דלגונה עבד גלגולי (דלגונה),T3,רוחב,ספיישלטי,מרכז,ראשון/שני/חמישי,DETOX 1 ל׳ ₪65 ⚠מלאי0,GT-LUI-LOW-1L,NAMASTEA 1 ל׳ ₪65 · FRESH 1 ל׳ ₪65 ⚠מלאי0,,תפריט קטגוריה · כרטיס מתכון · דף ציוד לאבקות,5215,16320,,,"היי דלגונה עבד גלגולי, עברתי על ההזמנות שלכם. דיטוקס אף פעם לא נכנסה אליכם, ו-75.3% מבתי קפה שמוכרים מאצ'ה וסמוזי קונים דיטוקס. שווה ₪1,861 בשנה. להוסיף DETOX 1000ml למשלוח הקרוב? כן/לא","אתם מזמינים מאיתנו מאצ'ה, מחית פרי ODK — ודיטוקס אף פעם לא נכנסה להזמנה. 75.3% מבתי קפה שמוכרים מאצ'ה וסמוזי קונים דיטוקס.","אני קופץ אליכם לרבע שעה ומראה לבריסטה את חליטת תות לואיזה על DETOX 1000ml — ₪4.80 עלות רכיבים לכוס, ₪31 בתפריט, 82% רווח. אם זה עובד, אני מוסיף את זה למשלוח הקרוב.",רוחב — קו חדש,,
2026-11-05,חמישי,תום,וואטסאפ — תום,וואטסאפ 1,ליאוני,T3,רוחב,מעורב,מרכז,ראשון/שני/חמישי,סנגריה ורודה 1 ל׳ ₪45,GTCC-PIN-SAN-1L,GT-INF-DES-0.5L,,תפריט קטגוריה · כרטיס מתכון · דף ציוד לאבקות,4721,24278,,,"היי ליאוני, עברתי על ההזמנות שלכם. סנגריה אף פעם לא נכנסה אליכם, ו-45.3% מבתי עסק עם תפריט מעורב קונים סנגריה. שווה ₪3,783 בשנה. להוסיף GT Pink Sangria Cocktail 1000ml למשלוח הקרוב? כן/לא","אתם מזמינים מאיתנו מאצ'ה, דיטוקס, נמסטיאה (צ'אי מסאלה) — וסנגריה אף פעם לא נכנסה להזמנה. 45.3% מבתי עסק עם תפריט מעורב קונים סנגריה.",אני מוסיף GT Pink Sangria Cocktail 1000ml — 5 יחידות למשלוח הקרוב שלכם. שום דבר אחר בהזמנה לא משתנה.,רוחב — קו חדש,,
2026-11-05,חמישי,תום,וואטסאפ — תום,וואטסאפ 1,"פריים רמת החייל מסעדנות בע""מ",T3,רוחב,תה בלבד,מרכז,ראשון/שני/חמישי,DETOX 1 ל׳ ₪65 ⚠מלאי0,GT-LUI-LOW-1L,FRESH 1 ל׳ ₪65 ⚠מלאי0 · NAMASTEA 1 ל׳ ₪65,,תפריט קטגוריה · כרטיס מתכון · דף ציוד לאבקות,3740,5856,,,"היי פריים רמת החייל מסעדנות, עברתי על ההזמנות שלכם. דיטוקס אף פעם לא נכנסה אליכם, ו-78.8% מבתי עסק שמוכרים בעיקר תה קר קונים דיטוקס. שווה ₪1,855 בשנה. להוסיף DETOX 1000ml למשלוח הקרוב? כן/לא",אתם מזמינים מאיתנו אנרג'י — ודיטוקס אף פעם לא נכנסה להזמנה. 78.8% מבתי עסק שמוכרים בעיקר תה קר קונים דיטוקס.,"אני קופץ אליכם לרבע שעה ומראה לבריסטה את חליטת תות לואיזה על DETOX 1000ml — ₪4.80 עלות רכיבים לכוס, ₪31 בתפריט, 82% רווח. אם זה עובד, אני מוסיף את זה למשלוח הקרוב.",רוחב — קו חדש,,
2026-11-08,ראשון,אבי,שיחה — אבי,שיחה 3 — סגירה,האופט,T2,עומק,תה בלבד,צפון,שלישי,ENERGY 1 ל׳ ₪65,GT-LEM-LOW-1L,CONSCIOUSNESS 1 ל׳ ₪65 · REVIVE 1 ל׳ ₪65,,תפריט הקטגוריה של המשפחה,5098,30479,,,,,אני מוסיף ENERGY 1000ml — 2 יחידות לסניף (4 לרשת) למשלוח הקרוב שלכם. שום דבר אחר בהזמנה לא משתנה.,,,
2026-11-08,ראשון,אבי,שיחה — אבי,שיחה 3 — סגירה,"מולה בוטני בע""מ",T2,עומק,תה בלבד,דרום,רביעי,מחית תות ₪60,GT-ODK-STR-1,GT-JAS-LOW-0.5L · GT-INF-DES-0.5L,,תפריט הקטגוריה של המשפחה,4448,46296,,,,,אני מוסיף ODK Strawberry Smoothie 1000ml — יחידה אחת למשלוח הקרוב שלכם. שום דבר אחר בהזמנה לא משתנה.,,,
2026-11-08,ראשון,אבי,שיחה — אבי,שיחה 3 — סגירה,קמפאי,T2,רוחב,תה בלבד,דרום,רביעי,NAMASTEA 1 ל׳ ₪65,GT-MAS-CHA-1L,CALM 1 ל׳ ₪65,,תפריט קטגוריה · כרטיס מתכון · דף ציוד לאבקות,2781,16225,,,,,"אני קופץ אליכם לרבע שעה ומראה לבריסטה את לימונדת צ'אי מסאלה על NAMASTEA 1000ml — ₪3.95 עלות רכיבים לכוס, ₪22 בתפריט, 79% רווח. אם זה עובד, אני מוסיף את זה למשלוח הקרוב.",,,
2026-11-08,ראשון,אבי,שיחה — אבי,שיחה 3 — סגירה,החצר האחורית,T2,עומק,ספיישלטי,צפון,שלישי,GT-MAS-CHA-0.5L,GT-MAS-CHA-0.5L,סנגריה ורודה 1 ל׳ ₪45 · DETOX 1 ל׳ ₪65 ⚠מלאי0,,תפריט הקטגוריה של המשפחה,2435,11732,,,,,אני מוסיף NAMASTEA 500ml — 4 יחידות לסניף (7 לרשת) למשלוח הקרוב שלכם. שום דבר אחר בהזמנה לא משתנה.,,,
2026-11-08,ראשון,תום,וואטסאפ — תום,וואטסאפ 3 — סגירה,"ברדא פוראבר בע""מ",T3,עומק,ספיישלטי,צפון,שלישי,סנגריה ורודה 1 ל׳ ₪45,GTCC-PIN-SAN-1L,NAMASTEA 1 ל׳ ₪65 · מחית תות ₪60,,תפריט הקטגוריה של המשפחה,9103,18123,,,,,אני מוסיף GT Pink Sangria Cocktail 1000ml — יחידה אחת למשלוח הקרוב שלכם. שום דבר אחר בהזמנה לא משתנה.,,,
2026-11-08,ראשון,תום,וואטסאפ — תום,וואטסאפ 3 — סגירה,"לופן בייקרי בע""מ",T3,עומק,ספיישלטי,צפון,שלישי,NAMASTEA 1 ל׳ ₪65,GT-MAS-CHA-1L,מחית תות ₪60 · FRESH 1 ל׳ ₪65 ⚠מלאי0,,תפריט הקטגוריה של המשפחה,3282,14408,,,,,אני מוסיף NAMASTEA 1000ml — 2 יחידות למשלוח הקרוב שלכם. שום דבר אחר בהזמנה לא משתנה.,,,
2026-11-08,ראשון,תום,וואטסאפ — תום,וואטסאפ 2 — תוכן אחר,עגלת קפה פרנצ'י (גל פרץ),T3,עומק,מעורב,דרום,רביעי,סנגריה ורודה 1 ל׳ ₪45,GTCC-PIN-SAN-1L,,,תפריט הקטגוריה של המשפחה,1094,9080,,,,,,,,
2026-11-08,ראשון,תום,וואטסאפ — תום,וואטסאפ 2 — תוכן אחר,טרוי,T3,עומק,תה בלבד,צפון,שלישי,DETOX 1 ל׳ ₪65 ⚠מלאי0,GT-LUI-LOW-1L,,,תפריט הקטגוריה של המשפחה,1032,6519,,,,,,,,
2026-11-08,ראשון,תום,וואטסאפ — תום,וואטסאפ 2 — תוכן אחר,"אמלולה בגינה (ריבלין בע""מ)",T3,עומק,ספיישלטי,דרום,רביעי,מחית מנגו ₪60,GT-ODK-MAN-1,,,תפריט הקטגוריה של המשפחה,837,8045,,,,,,,,
2026-11-08,ראשון,תום,וואטסאפ — תום,וואטסאפ 2 — תוכן אחר,"ים ברים בע""מ (פטפוט)",T3,עומק,תה בלבד,דרום,רביעי,GT-MAS-CHA-0.5L,GT-MAS-CHA-0.5L,,,תפריט הקטגוריה של המשפחה,672,6430,,,,,,,,
2026-11-08,ראשון,תום,וואטסאפ — תום,וואטסאפ 1,לחם סער,T3,עומק,תה בלבד,צפון,שלישי,GT-LUI-LOW-0.5L,GT-LUI-LOW-0.5L,,,תפריט הקטגוריה של המשפחה,604,3564,,,"היי לחם סער, אתם על ₪535 דיטוקס בשנה; בתי עסק כמוכם על ₪1,139. להוסיף 3 יחידות DETOX 500ml למשלוח הקרוב? כן/לא","אתם מזמינים דיטוקס באופן קבוע — ₪535 ב-12 החודשים האחרונים, בקצב של הזמנה כל 68 ימים.",אני מוסיף DETOX 500ml — 3 יחידות למשלוח הקרוב שלכם. שום דבר אחר בהזמנה לא משתנה.,עומק — יותר ממה שכבר קונים,,
2026-11-08,ראשון,תום,וואטסאפ — תום,וואטסאפ 1,"נאדי בתי קפה בע""מ",T3,עומק,תה בלבד,דרום,רביעי,NAMASTEA 1 ל׳ ₪65,GT-MAS-CHA-1L,,,תפריט הקטגוריה של המשפחה,507,4763,,,"היי נאדי בתי קפה, אתם על ₪195 נמסטיאה (צ'אי מסאלה) בשנה; בתי עסק כמוכם על ₪702. להוסיף יחידה אחת NAMASTEA 1000ml למשלוח הקרוב? כן/לא","אתם מזמינים נמסטיאה (צ'אי מסאלה) באופן קבוע — ₪195 ב-12 החודשים האחרונים, בקצב של הזמנה כל 63 ימים.",אני מוסיף NAMASTEA 1000ml — יחידה אחת למשלוח הקרוב שלכם. שום דבר אחר בהזמנה לא משתנה.,עומק — יותר ממה שכבר קונים,,
2026-11-08,ראשון,תום,וואטסאפ — תום,וואטסאפ 1,"אסייתית באשדוד בע""מ Sazanca",T3,רוחב,תה בלבד,דרום,רביעי,DETOX 1 ל׳ ₪65 ⚠מלאי0,GT-LUI-LOW-1L,FRESH 1 ל׳ ₪65 ⚠מלאי0 · NAMASTEA 1 ל׳ ₪65,,תפריט קטגוריה · כרטיס מתכון · דף ציוד לאבקות,13101,15258,,,"היי אסייתית באשדוד Sazanca, עברתי על ההזמנות שלכם. דיטוקס אף פעם לא נכנסה אליכם, ו-78.8% מבתי עסק שמוכרים בעיקר תה קר קונים דיטוקס. שווה ₪4,833 בשנה. להוסיף DETOX 1000ml למשלוח הקרוב? כן/לא","אתם מזמינים מאיתנו ריווייב, מאצ'ה — ודיטוקס אף פעם לא נכנסה להזמנה. 78.8% מבתי עסק שמוכרים בעיקר תה קר קונים דיטוקס.","אני קופץ אליכם לרבע שעה ומראה לבריסטה את חליטת תות לואיזה על DETOX 1000ml — ₪4.80 עלות רכיבים לכוס, ₪31 בתפריט, 82% רווח. אם זה עובד, אני מוסיף את זה למשלוח הקרוב.",רוחב — קו חדש,,
2026-11-08,ראשון,תום,וואטסאפ — תום,וואטסאפ 1,"ENSō - אסייתית במודיעין בע""מ (אנזו)",T3,רוחב,תה בלבד,דרום,רביעי,DETOX 1 ל׳ ₪65 ⚠מלאי0,GT-LUI-LOW-1L,FRESH 1 ל׳ ₪65 ⚠מלאי0 · NAMASTEA 1 ל׳ ₪65,,תפריט קטגוריה · כרטיס מתכון · דף ציוד לאבקות,6485,8052,,,"היי ENSō - אסייתית במודיעין, עברתי על ההזמנות שלכם. דיטוקס אף פעם לא נכנסה אליכם, ו-78.8% מבתי עסק שמוכרים בעיקר תה קר קונים דיטוקס. שווה ₪2,551 בשנה. להוסיף DETOX 1000ml למשלוח הקרוב? כן/לא",אתם מזמינים מאיתנו ריווייב — ודיטוקס אף פעם לא נכנסה להזמנה. 78.8% מבתי עסק שמוכרים בעיקר תה קר קונים דיטוקס.,"אני קופץ אליכם לרבע שעה ומראה לבריסטה את חליטת תות לואיזה על DETOX 1000ml — ₪4.80 עלות רכיבים לכוס, ₪31 בתפריט, 82% רווח. אם זה עובד, אני מוסיף את זה למשלוח הקרוב.",רוחב — קו חדש,,
2026-11-08,ראשון,תום,משימת מערכת,משימת מערכת,לוח התוצאות השבועי — q4_scoreboard.py,—,—,,,,,,,,,,,,,,,,נקרא עם תמונת התזרים של ראשון,,
2026-11-09,שני,אבי,שיחה — אבי,שיחה 3 — סגירה,"קסם מזנונים בע""מ (אוטביה)",T2,עומק,ספיישלטי,דרום,רביעי,NAMASTEA 1 ל׳ ₪65,GT-MAS-CHA-1L,,,תפריט הקטגוריה של המשפחה,2340,27250,,,,,אני מוסיף NAMASTEA 1000ml — 3 יחידות למשלוח הקרוב שלכם. שום דבר אחר בהזמנה לא משתנה.,,,
2026-11-09,שני,אבי,שיחה — אבי,שיחה 2 — תוכן אחר,טראק במושבה,T2,עומק,ספיישלטי,צפון,שלישי,מאצ׳ה 500g ₪590,GT-SHI-CER-500,GT-HIB-FRE-1L · סנגריה ורודה 1 ל׳ ₪45,,תפריט הקטגוריה של המשפחה,1988,14354,,,,,,,,
2026-11-09,שני,אבי,שיחה — אבי,שיחה 3 — סגירה,פרש דה מרקט,T2,רוחב,תה בלבד,מרכז,ראשון/שני/חמישי,NAMASTEA 1 ל׳ ₪65,GT-MAS-CHA-1L,,,תפריט קטגוריה · כרטיס מתכון · דף ציוד לאבקות,590,7039,,,,,"אני קופץ אליכם לרבע שעה ומראה לבריסטה את לימונדת צ'אי מסאלה על NAMASTEA 1000ml — ₪3.95 עלות רכיבים לכוס, ₪22 בתפריט, 79% רווח. אם זה עובד, אני מוסיף את זה למשלוח הקרוב.",,,
2026-11-09,שני,אלכס+אבי,פגישה — אלכס + אבי,פגישה משותפת,וויקס,T1,רוחב,תה בלבד,מרכז,ראשון/שני/חמישי,CONSCIOUSNESS 1 ל׳ ₪65,GT-JAS-LOW-1L,FRESH 1 ל׳ ₪65 ⚠מלאי0 · REVIVE 1 ל׳ ₪65,,תפריט קטגוריה · כרטיס מתכון · דף ציוד לאבקות,10659,64254,,,"היי וויקס, עברתי על ההזמנות שלכם. קונשסנס אף פעם לא נכנסה אליכם, ו-39.4% מבתי עסק שמוכרים בעיקר תה קר קונים קונשסנס. שווה ₪2,200 בשנה. להוסיף CONSCIOUSNESS 1000ml למשלוח הקרוב? כן/לא","2 סניפים שלכם מזמינים מאיתנו, וקונשסנס לא נכנסה לאף אחד מהם. 39.4% מבתי עסק שמוכרים בעיקר תה קר קונים קונשסנס.","אני קופץ אליכם לרבע שעה ומראה לבריסטה את חליטת יסמין וליצ'י על CONSCIOUSNESS 1000ml — ₪3.25 עלות רכיבים לכוס, ₪20 בתפריט, 81% רווח. אם זה עובד, אני מוסיף את זה למשלוח הקרוב.",הרחבת חשבון אסטרטגי,,
2026-11-09,שני,תום,וואטסאפ — תום,וואטסאפ 3 — סגירה,בוטקה,T3,עומק,תה בלבד,דרום,רביעי,NAMASTEA 1 ל׳ ₪65,GT-MAS-CHA-1L,DETOX 1 ל׳ ₪65 ⚠מלאי0,,תפריט הקטגוריה של המשפחה,2404,4680,,,,,אני מוסיף NAMASTEA 1000ml — 2 יחידות למשלוח הקרוב שלכם. שום דבר אחר בהזמנה לא משתנה.,,,
2026-11-09,שני,תום,וואטסאפ — תום,וואטסאפ 2 — תוכן אחר,"מ.ג בן חמו מסעדנות בע""מ (ביגה ראשון לציון)",T3,עומק,ספיישלטי,דרום,רביעי,NAMASTEA 1 ל׳ ₪65,GT-MAS-CHA-1L,,,תפריט הקטגוריה של המשפחה,604,7195,,,,,,,,
2026-11-09,שני,תום,וואטסאפ — תום,וואטסאפ 2 — תוכן אחר,ג׳וליה בייקרי,T3,עומק,ספיישלטי,דרום,רביעי,GT-HIB-FRE-1L,GT-HIB-FRE-1L,,,תפריט הקטגוריה של המשפחה,560,9287,,,,,,,,
2026-11-09,שני,תום,וואטסאפ — תום,וואטסאפ 1,"בית העם קונדיטוריה ויין בע""מ",T3,רוחב,תה בלבד,דרום,רביעי,ENERGY 1 ל׳ ₪65,GT-LEM-LOW-1L,CALM 1 ל׳ ₪65 · REVIVE 1 ל׳ ₪65,,תפריט קטגוריה · כרטיס מתכון · דף ציוד לאבקות,4869,17335,,,"היי בית העם קונדיטוריה ויין, עברתי על ההזמנות שלכם. אנרג'י אף פעם לא נכנסה אליכם, ו-53.9% מבתי עסק שמוכרים בעיקר תה קר קונים אנרג'י. שווה ₪1,623 בשנה. להוסיף ENERGY 1000ml למשלוח הקרוב? כן/לא","אתם מזמינים מאיתנו נמסטיאה (צ'אי מסאלה), פרש, דיטוקס — ואנרג'י אף פעם לא נכנסה להזמנה. 53.9% מבתי עסק שמוכרים בעיקר תה קר קונים אנרג'י.","אני קופץ אליכם לרבע שעה ומראה לבריסטה את חליטת תה ירוק ולמון גראס על ENERGY 1000ml — ₪3.25 עלות רכיבים לכוס, ₪20 בתפריט, 81% רווח. אם זה עובד, אני מוסיף את זה למשלוח הקרוב.",רוחב — קו חדש,,
2026-11-09,שני,תום,וואטסאפ — תום,וואטסאפ 1,בריסטה (וגדי טריף),T3,רוחב,ספיישלטי,צפון,שלישי,מחית תות ₪60,GT-ODK-STR-1,UBE 1ק״ג ₪340 · DETOX 1 ל׳ ₪65 ⚠מלאי0,,תפריט קטגוריה · כרטיס מתכון · דף ציוד לאבקות,4205,9835,,,"היי בריסטה, עברתי על ההזמנות שלכם. מחית פרי ODK אף פעם לא נכנסה אליכם, ו-53.2% מבתי קפה שמוכרים מאצ'ה וסמוזי קונים מחית פרי ODK. שווה ₪873 בשנה. להוסיף ODK Strawberry Smoothie 1000ml למשלוח הקרוב? כן/לא","אתם מזמינים מאיתנו מאצ'ה, אובה — ומחית פרי ODK אף פעם לא נכנסה להזמנה. 53.2% מבתי קפה שמוכרים מאצ'ה וסמוזי קונים מחית פרי ODK.","אני קופץ אליכם לרבע שעה ומראה לבריסטה את אייס מאצ'ה תות על ODK Strawberry Smoothie 1000ml — ₪6.46 עלות רכיבים לכוס, ₪39 בתפריט, 80% רווח. אם זה עובד, אני מוסיף את זה למשלוח הקרוב.",רוחב — קו חדש,,
2026-11-09,שני,תום,וואטסאפ — תום,וואטסאפ 1,נאבי,T3,רוחב,מעורב,מרכז,ראשון/שני/חמישי,סנגריה ורודה 1 ל׳ ₪45,GTCC-PIN-SAN-1L,FRESH 1 ל׳ ₪65 ⚠מלאי0,,תפריט קטגוריה · כרטיס מתכון · דף ציוד לאבקות,3546,15528,,,"היי נאבי, עברתי על ההזמנות שלכם. סנגריה אף פעם לא נכנסה אליכם, ו-45.3% מבתי עסק עם תפריט מעורב קונים סנגריה. שווה ₪2,420 בשנה. להוסיף GT Pink Sangria Cocktail 1000ml למשלוח הקרוב? כן/לא","אתם מזמינים מאיתנו מאצ'ה, אנרג'י, דיטוקס — וסנגריה אף פעם לא נכנסה להזמנה. 45.3% מבתי עסק עם תפריט מעורב קונים סנגריה.",אני מוסיף GT Pink Sangria Cocktail 1000ml — 2 יחידות למשלוח הקרוב שלכם. שום דבר אחר בהזמנה לא משתנה.,רוחב — קו חדש,,
2026-11-09,שני,תום,וואטסאפ — תום,וואטסאפ 1,נולי עגלת קפה,T3,רוחב,מעורב,מרכז,ראשון/שני/חמישי,מאצ׳ה 500g ₪590,GT-SHI-CER-500,סנגריה ורודה 1 ל׳ ₪45,,תפריט קטגוריה · כרטיס מתכון · דף ציוד לאבקות,3468,9185,,,"היי נולי עגלת קפה, עברתי על ההזמנות שלכם. מאצ'ה אף פעם לא נכנסה אליכם, ו-79.2% מבתי עסק עם תפריט מעורב קונים מאצ'ה. שווה ₪2,036 בשנה. להוסיף Shizuoka Ceremonial Matcha Bag 500g למשלוח הקרוב? כן/לא","אתם מזמינים מאיתנו מחית פרי ODK, פרש, דיטוקס — ומאצ'ה אף פעם לא נכנסה להזמנה. 79.2% מבתי עסק עם תפריט מעורב קונים מאצ'ה.","אני קופץ אליכם לרבע שעה ומראה לבריסטה את אייס מאצ'ה קלאסי על Shizuoka Ceremonial Matcha Bag 500g — ₪4.26 עלות רכיבים לכוס, ₪26 בתפריט, 81% רווח. אם זה עובד, אני מוסיף את זה למשלוח הקרוב.",רוחב — קו חדש,,
2026-11-09,שני,תום,וואטסאפ — תום,וואטסאפ 1,ת.מ דרום בע''מ (אוליבר עגלת קפה),T3,רוחב,תה בלבד,דרום,רביעי,NAMASTEA 1 ל׳ ₪65,GT-MAS-CHA-1L,ENERGY 1 ל׳ ₪65 · REVIVE 1 ל׳ ₪65,,תפריט קטגוריה · כרטיס מתכון · דף ציוד לאבקות,3302,10016,,,"היי ת.מ דרום בע''מ, עברתי על ההזמנות שלכם. נמסטיאה (צ'אי מסאלה) אף פעם לא נכנסה אליכם, ו-55.8% מבתי עסק שמוכרים בעיקר תה קר קונים נמסטיאה (צ'אי מסאלה). שווה ₪1,221 בשנה. להוסיף NAMASTEA 1000ml למשלוח הקרוב? כן/לא","אתם מזמינים מאיתנו דיטוקס, פרש, קאלם — ונמסטיאה (צ'אי מסאלה) אף פעם לא נכנסה להזמנה. 55.8% מבתי עסק שמוכרים בעיקר תה קר קונים נמסטיאה (צ'אי מסאלה).","אני קופץ אליכם לרבע שעה ומראה לבריסטה את לימונדת צ'אי מסאלה על NAMASTEA 1000ml — ₪3.95 עלות רכיבים לכוס, ₪22 בתפריט, 79% רווח. אם זה עובד, אני מוסיף את זה למשלוח הקרוב.",רוחב — קו חדש,,
2026-11-09,שני,תום,וואטסאפ — תום,וואטסאפ 1,"אסייתית במושבה בע""מ (נאי-לון Nay-Lon)",T3,רוחב,תה בלבד,מרכז,ראשון/שני/חמישי,DETOX 1 ל׳ ₪65 ⚠מלאי0,GT-LUI-LOW-1L,FRESH 1 ל׳ ₪65 ⚠מלאי0 · NAMASTEA 1 ל׳ ₪65,,תפריט קטגוריה · כרטיס מתכון · דף ציוד לאבקות,3273,5124,,,"היי אסייתית במושבה, עברתי על ההזמנות שלכם. דיטוקס אף פעם לא נכנסה אליכם, ו-78.8% מבתי עסק שמוכרים בעיקר תה קר קונים דיטוקס. שווה ₪1,623 בשנה. להוסיף DETOX 1000ml למשלוח הקרוב? כן/לא",אתם מזמינים מאיתנו ריווייב — ודיטוקס אף פעם לא נכנסה להזמנה. 78.8% מבתי עסק שמוכרים בעיקר תה קר קונים דיטוקס.,"אני קופץ אליכם לרבע שעה ומראה לבריסטה את חליטת תות לואיזה על DETOX 1000ml — ₪4.80 עלות רכיבים לכוס, ₪31 בתפריט, 82% רווח. אם זה עובד, אני מוסיף את זה למשלוח הקרוב.",רוחב — קו חדש,,
2026-11-09,שני,תום,וואטסאפ — תום,וואטסאפ 1,מיכאל הררי (זולא),T3,רוחב,מעורב,מרכז,ראשון/שני/חמישי,DETOX 1 ל׳ ₪65 ⚠מלאי0,GT-LUI-LOW-1L,NAMASTEA 1 ל׳ ₪65 · סנגריה ורודה 1 ל׳ ₪45,,תפריט קטגוריה · כרטיס מתכון · דף ציוד לאבקות,3253,5605,,,"היי מיכאל הררי, עברתי על ההזמנות שלכם. דיטוקס אף פעם לא נכנסה אליכם, ו-84.9% מבתי עסק עם תפריט מעורב קונים דיטוקס. שווה ₪1,294 בשנה. להוסיף DETOX 1000ml למשלוח הקרוב? כן/לא","אתם מזמינים מאיתנו פרש, מאצ'ה, קאלם — ודיטוקס אף פעם לא נכנסה להזמנה. 84.9% מבתי עסק עם תפריט מעורב קונים דיטוקס.","אני קופץ אליכם לרבע שעה ומראה לבריסטה את חליטת תות לואיזה על DETOX 1000ml — ₪4.80 עלות רכיבים לכוס, ₪31 בתפריט, 82% רווח. אם זה עובד, אני מוסיף את זה למשלוח הקרוב.",רוחב — קו חדש,,
2026-11-10,שלישי,אבי,פגישה — אלכס + אבי,מעקב 2 — סגירה,R2M,T1,עומק,תה בלבד,מרכז,ראשון/שני/חמישי,NAMASTEA 1 ל׳ ₪65,GT-MAS-CHA-1L,REVIVE 1 ל׳ ₪65 · FRESH 1 ל׳ ₪65 ⚠מלאי0,,תפריט הקטגוריה של המשפחה,21947,120726,,,,,אני מוסיף NAMASTEA 1000ml — יחידה אחת לסניף (6 לרשת) למשלוח הקרוב שלכם. שום דבר אחר בהזמנה לא משתנה.,,,
2026-11-10,שלישי,אבי,משימת מערכת,משימת מערכת,לכידת טלפונים — מנה 18 (10 חשבונות),—,—,,,,,,,,,,,,,,,,"מ-Green Invoice, מסירות LionWheel ורשומות ההזמנה. 0 מתוך 153 בשופיפיי",,
2026-11-10,שלישי,תום,וואטסאפ — תום,וואטסאפ 3 — סגירה,שפרה בייקרי בע״מ,T3,עומק,תה בלבד,מרכז,ראשון/שני/חמישי,NAMASTEA 1 ל׳ ₪65,GT-MAS-CHA-1L,ENERGY 1 ל׳ ₪65,,תפריט הקטגוריה של המשפחה,1638,7217,,,,,אני מוסיף NAMASTEA 1000ml — 2 יחידות למשלוח הקרוב שלכם. שום דבר אחר בהזמנה לא משתנה.,,,
2026-11-10,שלישי,תום,וואטסאפ — תום,וואטסאפ 3 — סגירה,"זוריק זה טוב בע""מ (זוריק סלוניקי)",T3,עומק,תה בלבד,מרכז,ראשון/שני/חמישי,NAMASTEA 1 ל׳ ₪65,GT-MAS-CHA-1L,CALM 1 ל׳ ₪65,,תפריט הקטגוריה של המשפחה,1597,7686,,,,,אני מוסיף NAMASTEA 1000ml — 2 יחידות למשלוח הקרוב שלכם. שום דבר אחר בהזמנה לא משתנה.,,,
2026-11-10,שלישי,תום,וואטסאפ — תום,וואטסאפ 3 — סגירה,"הספסל (הספסל בע""מ)",T3,עומק,תה בלבד,מרכז,ראשון/שני/חמישי,REVIVE 1 ל׳ ₪65,GT-SEN-LOW-1L,ENERGY 1 ל׳ ₪65,,תפריט הקטגוריה של המשפחה,1255,7020,,,,,אני מוסיף REVIVE 1000ml — יחידה אחת למשלוח הקרוב שלכם. שום דבר אחר בהזמנה לא משתנה.,,,
2026-11-10,שלישי,תום,וואטסאפ — תום,וואטסאפ 3 — סגירה,"ג'מה ר.ג בע""מ (ג'מה)",T3,עומק,תה בלבד,מרכז,ראשון/שני/חמישי,DETOX 1 ל׳ ₪65 ⚠מלאי0,GT-LUI-LOW-1L,,,תפריט הקטגוריה של המשפחה,1124,3953,,,,,אני מוסיף DETOX 1000ml — 5 יחידות למשלוח הקרוב שלכם. שום דבר אחר בהזמנה לא משתנה.,,,
2026-11-10,שלישי,תום,וואטסאפ — תום,וואטסאפ 2 — תוכן אחר,"א.ר.נ. מסעדות קריית אונו בע""מ (קיסו - Kisu)",T3,רוחב,תה בלבד,מרכז,ראשון/שני/חמישי,DETOX 1 ל׳ ₪65 ⚠מלאי0,GT-LUI-LOW-1L,FRESH 1 ל׳ ₪65 ⚠מלאי0 · NAMASTEA 1 ל׳ ₪65,,תפריט קטגוריה · כרטיס מתכון · דף ציוד לאבקות,8799,10248,,,,,,,,
2026-11-10,שלישי,תום,וואטסאפ — תום,וואטסאפ 2 — תוכן אחר,קפה אנסטסיה בע״מ,T3,רוחב,ספיישלטי,מרכז,ראשון/שני/חמישי,DETOX 1 ל׳ ₪65 ⚠מלאי0,GT-LUI-LOW-1L,NAMASTEA 1 ל׳ ₪65 · FRESH 1 ל׳ ₪65 ⚠מלאי0,,תפריט קטגוריה · כרטיס מתכון · דף ציוד לאבקות,7788,24370,,,,,,,,
2026-11-10,שלישי,תום,וואטסאפ — תום,וואטסאפ 2 — תוכן אחר,סברה קפה בע״מ,T3,רוחב,מעורב,מרכז,ראשון/שני/חמישי,מאצ׳ה 500g ₪590,GT-SHI-CER-500,סנגריה ורודה 1 ל׳ ₪45 · GT-JAS-LOW-0.5L,,תפריט קטגוריה · כרטיס מתכון · דף ציוד לאבקות,6573,13267,,,,,,,,
2026-11-10,שלישי,תום,וואטסאפ — תום,וואטסאפ 2 — תוכן אחר,"שולה בחצר בע""מ",T3,רוחב,תה בלבד,מרכז,ראשון/שני/חמישי,DETOX 1 ל׳ ₪65 ⚠מלאי0,GT-LUI-LOW-1L,DESERTEA 1 ל׳ ₪65 · FRESH 1 ל׳ ₪65 ⚠מלאי0,,תפריט קטגוריה · כרטיס מתכון · דף ציוד לאבקות,5602,6903,,,,,,,,
2026-11-10,שלישי,תום,וואטסאפ — תום,וואטסאפ 2 — תוכן אחר,דלגונה עבד גלגולי (דלגונה),T3,רוחב,ספיישלטי,מרכז,ראשון/שני/חמישי,DETOX 1 ל׳ ₪65 ⚠מלאי0,GT-LUI-LOW-1L,NAMASTEA 1 ל׳ ₪65 · FRESH 1 ל׳ ₪65 ⚠מלאי0,,תפריט קטגוריה · כרטיס מתכון · דף ציוד לאבקות,5215,16320,,,,,,,,
2026-11-10,שלישי,תום,וואטסאפ — תום,וואטסאפ 2 — תוכן אחר,ליאוני,T3,רוחב,מעורב,מרכז,ראשון/שני/חמישי,סנגריה ורודה 1 ל׳ ₪45,GTCC-PIN-SAN-1L,GT-INF-DES-0.5L,,תפריט קטגוריה · כרטיס מתכון · דף ציוד לאבקות,4721,24278,,,,,,,,
2026-11-11,רביעי,אבי,משימת מערכת,משימת מערכת,לכידת טלפונים — מנה 19 (10 חשבונות),—,—,,,,,,,,,,,,,,,,"מ-Green Invoice, מסירות LionWheel ורשומות ההזמנה. 0 מתוך 153 בשופיפיי",,
2026-11-11,רביעי,אלכס,משימת מערכת,משימת מערכת,13:00 עם תום — 10 דקות על היעדים,—,—,,,,,,,,,,,,,,,,בפגישה שכבר קיימת,,
2026-11-12,חמישי,אבי,פגישה — אלכס + אבי,מעקב 1 — אבי,וויקס,T1,רוחב,תה בלבד,מרכז,ראשון/שני/חמישי,CONSCIOUSNESS 1 ל׳ ₪65,GT-JAS-LOW-1L,FRESH 1 ל׳ ₪65 ⚠מלאי0 · REVIVE 1 ל׳ ₪65,,תפריט קטגוריה · כרטיס מתכון · דף ציוד לאבקות,10659,64254,,,,,"אני קופץ אליכם לרבע שעה ומראה לבריסטה את חליטת יסמין וליצ'י על CONSCIOUSNESS 1000ml — ₪3.25 עלות רכיבים לכוס, ₪20 בתפריט, 81% רווח. אם זה עובד, אני מוסיף את זה למשלוח הקרוב.",,,
2026-11-12,חמישי,תום,וואטסאפ — תום,וואטסאפ 2 — תוכן אחר,"פריים רמת החייל מסעדנות בע""מ",T3,רוחב,תה בלבד,מרכז,ראשון/שני/חמישי,DETOX 1 ל׳ ₪65 ⚠מלאי0,GT-LUI-LOW-1L,FRESH 1 ל׳ ₪65 ⚠מלאי0 · NAMASTEA 1 ל׳ ₪65,,תפריט קטגוריה · כרטיס מתכון · דף ציוד לאבקות,3740,5856,,,,,,,,
2026-11-12,חמישי,תום,וואטסאפ — תום,וואטסאפ 1,"קפה זוריק בע""מ (כיכר מילאנו)",T3,רוחב,תה בלבד,מרכז,ראשון/שני/חמישי,ENERGY 1 ל׳ ₪65,GT-LEM-LOW-1L,REVIVE 1 ל׳ ₪65 · CONSCIOUSNESS 1 ל׳ ₪65,,תפריט קטגוריה · כרטיס מתכון · דף ציוד לאבקות,2738,13176,,,"היי קפה זוריק, עברתי על ההזמנות שלכם. אנרג'י אף פעם לא נכנסה אליכם, ו-53.9% מבתי עסק שמוכרים בעיקר תה קר קונים אנרג'י. שווה ₪1,234 בשנה. להוסיף ENERGY 1000ml למשלוח הקרוב? כן/לא","אתם מזמינים מאיתנו נמסטיאה (צ'אי מסאלה), דיטוקס, פרש — ואנרג'י אף פעם לא נכנסה להזמנה. 53.9% מבתי עסק שמוכרים בעיקר תה קר קונים אנרג'י.","אני קופץ אליכם לרבע שעה ומראה לבריסטה את חליטת תה ירוק ולמון גראס על ENERGY 1000ml — ₪3.25 עלות רכיבים לכוס, ₪20 בתפריט, 81% רווח. אם זה עובד, אני מוסיף את זה למשלוח הקרוב.",רוחב — קו חדש,,
2026-11-12,חמישי,תום,וואטסאפ — תום,וואטסאפ 1,יונייטד פאסט קז'ואל אינק (פוקי סניף הרצליה),T3,רוחב,תה בלבד,מרכז,ראשון/שני/חמישי,NAMASTEA 1 ל׳ ₪65,GT-MAS-CHA-1L,ENERGY 1 ל׳ ₪65 · CALM 1 ל׳ ₪65,,תפריט קטגוריה · כרטיס מתכון · דף ציוד לאבקות,2175,7535,,,"היי יונייטד פאסט קז'ואל אינק, עברתי על ההזמנות שלכם. נמסטיאה (צ'אי מסאלה) אף פעם לא נכנסה אליכם, ו-55.8% מבתי עסק שמוכרים בעיקר תה קר קונים נמסטיאה (צ'אי מסאלה). שווה ₪918 בשנה. להוסיף NAMASTEA 1000ml למשלוח הקרוב? כן/לא","אתם מזמינים מאיתנו דיטוקס, פרש — ונמסטיאה (צ'אי מסאלה) אף פעם לא נכנסה להזמנה. 55.8% מבתי עסק שמוכרים בעיקר תה קר קונים נמסטיאה (צ'אי מסאלה).","אני קופץ אליכם לרבע שעה ומראה לבריסטה את לימונדת צ'אי מסאלה על NAMASTEA 1000ml — ₪3.95 עלות רכיבים לכוס, ₪22 בתפריט, 79% רווח. אם זה עובד, אני מוסיף את זה למשלוח הקרוב.",רוחב — קו חדש,,
2026-11-12,חמישי,תום,וואטסאפ — תום,וואטסאפ 1,"פטיט פוד בע""מ (קפה ארצי)",T3,רוחב,תה בלבד,מרכז,ראשון/שני/חמישי,CALM 1 ל׳ ₪65,GT-CHA-LOW-1L,ENERGY 1 ל׳ ₪65 · REVIVE 1 ל׳ ₪65,,תפריט קטגוריה · כרטיס מתכון · דף ציוד לאבקות,2101,9227,,,"היי פטיט פוד, עברתי על ההזמנות שלכם. קאלם אף פעם לא נכנסה אליכם, ו-57.6% מבתי עסק שמוכרים בעיקר תה קר קונים קאלם. שווה ₪674 בשנה. להוסיף CALM 1000ml למשלוח הקרוב? כן/לא","אתם מזמינים מאיתנו פרש, דיטוקס, נמסטיאה (צ'אי מסאלה) — וקאלם אף פעם לא נכנסה להזמנה. 57.6% מבתי עסק שמוכרים בעיקר תה קר קונים קאלם.","אני קופץ אליכם לרבע שעה ומראה לבריסטה את חליטת קמומיל ותפוח על CALM 1000ml — ₪3.25 עלות רכיבים לכוס, ₪20 בתפריט, 81% רווח. אם זה עובד, אני מוסיף את זה למשלוח הקרוב.",רוחב — קו חדש,,
2026-11-12,חמישי,תום,וואטסאפ — תום,וואטסאפ 1,קפה וכו׳ בע״מ (קפה עם),T3,רוחב,תה בלבד,מרכז,ראשון/שני/חמישי,ENERGY 1 ל׳ ₪65,GT-LEM-LOW-1L,REVIVE 1 ל׳ ₪65,,תפריט קטגוריה · כרטיס מתכון · דף ציוד לאבקות,2070,13391,,,"היי קפה וכו׳, עברתי על ההזמנות שלכם. אנרג'י אף פעם לא נכנסה אליכם, ו-53.9% מבתי עסק שמוכרים בעיקר תה קר קונים אנרג'י. שווה ₪1,254 בשנה. להוסיף ENERGY 1000ml למשלוח הקרוב? כן/לא","אתם מזמינים מאיתנו נמסטיאה (צ'אי מסאלה), מאצ'ה, דיטוקס — ואנרג'י אף פעם לא נכנסה להזמנה. 53.9% מבתי עסק שמוכרים בעיקר תה קר קונים אנרג'י.","אני קופץ אליכם לרבע שעה ומראה לבריסטה את חליטת תה ירוק ולמון גראס על ENERGY 1000ml — ₪3.25 עלות רכיבים לכוס, ₪20 בתפריט, 81% רווח. אם זה עובד, אני מוסיף את זה למשלוח הקרוב.",רוחב — קו חדש,,
2026-11-12,חמישי,תום,וואטסאפ — תום,וואטסאפ 1,"עגלת קפה על המזח (טים טראק בע""מ)",T3,רוחב,ספיישלטי,מרכז,ראשון/שני/חמישי,מחית תות ₪60,GT-ODK-STR-1,DETOX 1 ל׳ ₪65 ⚠מלאי0 · FRESH 1 ל׳ ₪65 ⚠מלאי0,,תפריט קטגוריה · כרטיס מתכון · דף ציוד לאבקות,1916,6815,,,"היי עגלת קפה על המזח, עברתי על ההזמנות שלכם. מחית פרי ODK אף פעם לא נכנסה אליכם, ו-53.2% מבתי קפה שמוכרים מאצ'ה וסמוזי קונים מחית פרי ODK. שווה ₪605 בשנה. להוסיף ODK Strawberry Smoothie 1000ml למשלוח הקרוב? כן/לא","אתם מזמינים מאיתנו מאצ'ה, נמסטיאה (צ'אי מסאלה), דזרטי — ומחית פרי ODK אף פעם לא נכנסה להזמנה. 53.2% מבתי קפה שמוכרים מאצ'ה וסמוזי קונים מחית פרי ODK.","אני קופץ אליכם לרבע שעה ומראה לבריסטה את אייס מאצ'ה תות על ODK Strawberry Smoothie 1000ml — ₪6.46 עלות רכיבים לכוס, ₪39 בתפריט, 80% רווח. אם זה עובד, אני מוסיף את זה למשלוח הקרוב.",רוחב — קו חדש,,
2026-11-12,חמישי,תום,וואטסאפ — תום,וואטסאפ 1,"(נוצ' נודלס בע""מ) 'נוצ - NOOCH",T3,רוחב,תה בלבד,מרכז,ראשון/שני/חמישי,DETOX 1 ל׳ ₪65 ⚠מלאי0,GT-LUI-LOW-1L,FRESH 1 ל׳ ₪65 ⚠מלאי0,,תפריט קטגוריה · כרטיס מתכון · דף ציוד לאבקות,1892,3660,,,"היי 'נוצ - NOOCH, עברתי על ההזמנות שלכם. דיטוקס אף פעם לא נכנסה אליכם, ו-78.8% מבתי עסק שמוכרים בעיקר תה קר קונים דיטוקס. שווה ₪1,159 בשנה. להוסיף DETOX 1000ml למשלוח הקרוב? כן/לא",אתם מזמינים מאיתנו ריווייב — ודיטוקס אף פעם לא נכנסה להזמנה. 78.8% מבתי עסק שמוכרים בעיקר תה קר קונים דיטוקס.,"אני קופץ אליכם לרבע שעה ומראה לבריסטה את חליטת תות לואיזה על DETOX 1000ml — ₪4.80 עלות רכיבים לכוס, ₪31 בתפריט, 82% רווח. אם זה עובד, אני מוסיף את זה למשלוח הקרוב.",רוחב — קו חדש,,
2026-11-12,חמישי,תום,וואטסאפ — תום,וואטסאפ 1,"גן סיפור פארק משפחות בע""מ",T3,רוחב,מעורב,מרכז,ראשון/שני/חמישי,סנגריה ורודה 1 ל׳ ₪45,GTCC-PIN-SAN-1L,,,תפריט קטגוריה · כרטיס מתכון · דף ציוד לאבקות,1827,11724,,,"היי גן סיפור פארק משפחות, עברתי על ההזמנות שלכם. סנגריה אף פעם לא נכנסה אליכם, ו-45.3% מבתי עסק עם תפריט מעורב קונים סנגריה. שווה ₪1,827 בשנה. להוסיף GT Pink Sangria Cocktail 1000ml למשלוח הקרוב? כן/לא","אתם מזמינים מאיתנו מאצ'ה, פרש, דיטוקס — וסנגריה אף פעם לא נכנסה להזמנה. 45.3% מבתי עסק עם תפריט מעורב קונים סנגריה.",אני מוסיף GT Pink Sangria Cocktail 1000ml — 2 יחידות למשלוח הקרוב שלכם. שום דבר אחר בהזמנה לא משתנה.,רוחב — קו חדש,,
2026-11-12,חמישי,תום,וואטסאפ — תום,וואטסאפ 1,"קפה אלג'יר בע""מ",T3,רוחב,תה בלבד,מרכז,ראשון/שני/חמישי,FRESH 1 ל׳ ₪65 ⚠מלאי0,GT-HIB-LOW-1L,ENERGY 1 ל׳ ₪65,,תפריט קטגוריה · כרטיס מתכון · דף ציוד לאבקות,1737,5915,,,"היי קפה אלג'יר, עברתי על ההזמנות שלכם. פרש אף פעם לא נכנסה אליכם, ו-77.0% מבתי עסק שמוכרים בעיקר תה קר קונים פרש. שווה ₪1,183 בשנה. להוסיף FRESH 1000ml למשלוח הקרוב? כן/לא","אתם מזמינים מאיתנו נמסטיאה (צ'אי מסאלה), דיטוקס — ופרש אף פעם לא נכנסה להזמנה. 77.0% מבתי עסק שמוכרים בעיקר תה קר קונים פרש.","אני קופץ אליכם לרבע שעה ומראה לבריסטה את חליטת היביסקוס וליים על FRESH 1000ml — ₪3.25 עלות רכיבים לכוס, ₪20 בתפריט, 81% רווח. אם זה עובד, אני מוסיף את זה למשלוח הקרוב.",רוחב — קו חדש,,
2026-11-12,חמישי,תום,וואטסאפ — תום,וואטסאפ 1,"ק.ג. עוגן גלעד בע""מ (מסעדה רנו אמיליה)",T3,רוחב,תה בלבד,מרכז,ראשון/שני/חמישי,FRESH 1 ל׳ ₪65 ⚠מלאי0,GT-HIB-LOW-1L,NAMASTEA 1 ל׳ ₪65,,תפריט קטגוריה · כרטיס מתכון · דף ציוד לאבקות,1649,5124,,,"היי ק.ג. עוגן גלעד, עברתי על ההזמנות שלכם. פרש אף פעם לא נכנסה אליכם, ו-77.0% מבתי עסק שמוכרים בעיקר תה קר קונים פרש. שווה ₪1,025 בשנה. להוסיף FRESH 1000ml למשלוח הקרוב? כן/לא",אתם מזמינים מאיתנו דיטוקס — ופרש אף פעם לא נכנסה להזמנה. 77.0% מבתי עסק שמוכרים בעיקר תה קר קונים פרש.,"אני קופץ אליכם לרבע שעה ומראה לבריסטה את חליטת היביסקוס וליים על FRESH 1000ml — ₪3.25 עלות רכיבים לכוס, ₪20 בתפריט, 81% רווח. אם זה עובד, אני מוסיף את זה למשלוח הקרוב.",רוחב — קו חדש,,
2026-11-15,ראשון,תום,וואטסאפ — תום,וואטסאפ 3 — סגירה,"כרמלים בשכונה בע""מ",T3,עומק,בר,צפון,שלישי,סנגריה ורודה 1 ל׳ ₪45,GTCC-PIN-SAN-1L,,,תפריט הקטגוריה של המשפחה,2455,12706,,,,,אני מוסיף GT Pink Sangria Cocktail 1000ml — 5 יחידות למשלוח הקרוב שלכם. שום דבר אחר בהזמנה לא משתנה.,,,
2026-11-15,ראשון,תום,וואטסאפ — תום,וואטסאפ 3 — סגירה,"סאנה (ני - וואה בע""מ)",T3,עומק,תה בלבד,צפון,שלישי,NAMASTEA 1 ל׳ ₪65,GT-MAS-CHA-1L,DETOX 1 ל׳ ₪65 ⚠מלאי0,,תפריט הקטגוריה של המשפחה,2127,3822,,,,,אני מוסיף NAMASTEA 1000ml — 2 יחידות למשלוח הקרוב שלכם. שום דבר אחר בהזמנה לא משתנה.,,,
2026-11-15,ראשון,תום,וואטסאפ — תום,וואטסאפ 3 — סגירה,שני פרוינד (בליקמח במושבה),T3,עומק,מעורב,צפון,שלישי,GT-LUI-FRE-1L,GT-LUI-FRE-1L,סנגריה ורודה 1 ל׳ ₪45,,תפריט הקטגוריה של המשפחה,2045,7470,,,,,אני מוסיף DETOX Sugar-Free 1000ml — 3 יחידות למשלוח הקרוב שלכם. שום דבר אחר בהזמנה לא משתנה.,,,
2026-11-15,ראשון,תום,וואטסאפ — תום,וואטסאפ 3 — סגירה,הסגלגלה - טופז שפירא,T3,עומק,מעורב,צפון,שלישי,GT-LUI-FRE-0.5L,GT-LUI-FRE-0.5L,סנגריה ורודה 1 ל׳ ₪45,,תפריט הקטגוריה של המשפחה,1916,6569,,,,,אני מוסיף DETOX Sugar-Free 500ml — 3 יחידות למשלוח הקרוב שלכם. שום דבר אחר בהזמנה לא משתנה.,,,
2026-11-15,ראשון,תום,וואטסאפ — תום,וואטסאפ 3 — סגירה,עידן שהרבני (החצר האסייתית),T3,עומק,תה בלבד,דרום,רביעי,FRESH 1 ל׳ ₪65 ⚠מלאי0,GT-HIB-LOW-1L,DETOX 1 ל׳ ₪65 ⚠מלאי0,,תפריט הקטגוריה של המשפחה,1798,2151,,,,,אני מוסיף FRESH 1000ml — 4 יחידות למשלוח הקרוב שלכם. שום דבר אחר בהזמנה לא משתנה.,,,
2026-11-15,ראשון,תום,וואטסאפ — תום,וואטסאפ 3 — סגירה,ספתא (דור),T3,עומק,תה בלבד,צפון,שלישי,GT-LUI-FRE-0.5L,GT-LUI-FRE-0.5L,GT-HIB-FRE-0.5L,,תפריט הקטגוריה של המשפחה,1733,3267,,,,,אני מוסיף DETOX Sugar-Free 500ml — 4 יחידות למשלוח הקרוב שלכם. שום דבר אחר בהזמנה לא משתנה.,,,
2026-11-15,ראשון,תום,וואטסאפ — תום,וואטסאפ 3 — סגירה,הלחם והחמאה,T3,עומק,ספיישלטי,דרום,רביעי,DETOX 1 ל׳ ₪65 ⚠מלאי0,GT-LUI-LOW-1L,מחית תות ₪60,,תפריט הקטגוריה של המשפחה,1412,8034,,,,,אני מוסיף DETOX 1000ml — יחידה אחת למשלוח הקרוב שלכם. שום דבר אחר בהזמנה לא משתנה.,,,
2026-11-15,ראשון,תום,וואטסאפ — תום,וואטסאפ 3 — סגירה,"פתפותים- לחמים ומאפים קמח כוסמין בע""מ",T3,עומק,תה בלבד,צפון,שלישי,NAMASTEA 1 ל׳ ₪65,GT-MAS-CHA-1L,DETOX 1 ל׳ ₪65 ⚠מלאי0,,תפריט הקטגוריה של המשפחה,1321,2462,,,,,אני מוסיף NAMASTEA 1000ml — 2 יחידות למשלוח הקרוב שלכם. שום דבר אחר בהזמנה לא משתנה.,,,
2026-11-15,ראשון,תום,וואטסאפ — תום,וואטסאפ 3 — סגירה,קפה אמיצ׳י,T3,עומק,ספיישלטי,צפון,שלישי,GT-SHI-CER-18*22,GT-SHI-CER-18*22,,,תפריט הקטגוריה של המשפחה,1295,5521,,,,,אני מוסיף Shizuoka Ceremonial Matcha 22x18g bags — יחידה אחת למשלוח הקרוב שלכם. שום דבר אחר בהזמנה לא משתנה.,,,
2026-11-15,ראשון,תום,וואטסאפ — תום,וואטסאפ 3 — סגירה,פודטראק במשתלה בע״מ,T3,עומק,מעורב,צפון,שלישי,GT-MAS-CHA-0.5L,GT-MAS-CHA-0.5L,סנגריה ורודה 1 ל׳ ₪45,,תפריט הקטגוריה של המשפחה,1213,4052,,,,,אני מוסיף NAMASTEA 500ml — 2 יחידות למשלוח הקרוב שלכם. שום דבר אחר בהזמנה לא משתנה.,,,
2026-11-15,ראשון,תום,משימת מערכת,משימת מערכת,לוח התוצאות השבועי — q4_scoreboard.py,—,—,,,,,,,,,,,,,,,,נקרא עם תמונת התזרים של ראשון,,
2026-11-16,שני,אבי,פגישה — אלכס + אבי,מעקב 2 — סגירה,קפה גן סיפור,T1,רוחב,מעורב,מרכז,ראשון/שני/חמישי,סנגריה ורודה 1 ל׳ ₪45,GTCC-PIN-SAN-1L,מחית תות ₪60 · CALM 1 ל׳ ₪65,,תפריט קטגוריה · כרטיס מתכון · דף ציוד לאבקות,15557,102922,,,,,אני מוסיף GT Pink Sangria Cocktail 1000ml — 2 יחידות לסניף (12 לרשת) למשלוח הקרוב שלכם. שום דבר אחר בהזמנה לא משתנה.,,,
2026-11-16,שני,אלכס+אבי,פגישה — אלכס + אבי,פגישה משותפת,נורד,T1,עומק,תה בלבד,מרכז,ראשון/שני/חמישי,NAMASTEA 1 ל׳ ₪65,GT-MAS-CHA-1L,GT-LEM-LOW-0.5L · DESERTEA 1 ל׳ ₪65,,תפריט הקטגוריה של המשפחה,10471,64736,,,"היי נורד, אתם על ₪540 נמסטיאה (צ'אי מסאלה) בשנה; בתי עסק כמוכם על ₪6,468. להוסיף 2 יחידות NAMASTEA 1000ml למשלוח הקרוב? כן/לא","נמסטיאה (צ'אי מסאלה) כבר נמצאת ב-2 מתוך 3 הסניפים שלכם, ובכל אחד מהם הכמות נמוכה מחצי ממה שבית עסק דומה מזמין — ₪2,964 לסניף בשנה, ₪5,928 לרשת.",אני מוסיף NAMASTEA 1000ml — 2 יחידות לסניף (6 לרשת) למשלוח הקרוב שלכם. שום דבר אחר בהזמנה לא משתנה.,הרחבת חשבון אסטרטגי,,
2026-11-16,שני,תום,וואטסאפ — תום,וואטסאפ 3 — סגירה,בנחל עגלת קפה (קפה בנחל),T3,עומק,ספיישלטי,דרום,רביעי,UBE 1ק״ג ₪340,UBE-POWDER-1-KG,CALM 1 ל׳ ₪65,,תפריט הקטגוריה של המשפחה,1209,22451,,,,,אני מוסיף Ube Powder 1 KG — יחידה אחת למשלוח הקרוב שלכם. שום דבר אחר בהזמנה לא משתנה.,,,
2026-11-16,שני,תום,וואטסאפ — תום,וואטסאפ 2 — תוכן אחר,לחם סער,T3,עומק,תה בלבד,צפון,שלישי,GT-LUI-LOW-0.5L,GT-LUI-LOW-0.5L,,,תפריט הקטגוריה של המשפחה,604,3564,,,,,,,,
2026-11-16,שני,תום,וואטסאפ — תום,וואטסאפ 2 — תוכן אחר,"נאדי בתי קפה בע""מ",T3,עומק,תה בלבד,דרום,רביעי,NAMASTEA 1 ל׳ ₪65,GT-MAS-CHA-1L,,,תפריט הקטגוריה של המשפחה,507,4763,,,,,,,,
2026-11-16,שני,תום,וואטסאפ — תום,וואטסאפ 2 — תוכן אחר,"אסייתית באשדוד בע""מ Sazanca",T3,רוחב,תה בלבד,דרום,רביעי,DETOX 1 ל׳ ₪65 ⚠מלאי0,GT-LUI-LOW-1L,FRESH 1 ל׳ ₪65 ⚠מלאי0 · NAMASTEA 1 ל׳ ₪65,,תפריט קטגוריה · כרטיס מתכון · דף ציוד לאבקות,13101,15258,,,,,,,,
2026-11-16,שני,תום,וואטסאפ — תום,וואטסאפ 2 — תוכן אחר,"ENSō - אסייתית במודיעין בע""מ (אנזו)",T3,רוחב,תה בלבד,דרום,רביעי,DETOX 1 ל׳ ₪65 ⚠מלאי0,GT-LUI-LOW-1L,FRESH 1 ל׳ ₪65 ⚠מלאי0 · NAMASTEA 1 ל׳ ₪65,,תפריט קטגוריה · כרטיס מתכון · דף ציוד לאבקות,6485,8052,,,,,,,,
2026-11-16,שני,תום,וואטסאפ — תום,וואטסאפ 2 — תוכן אחר,"בית העם קונדיטוריה ויין בע""מ",T3,רוחב,תה בלבד,דרום,רביעי,ENERGY 1 ל׳ ₪65,GT-LEM-LOW-1L,CALM 1 ל׳ ₪65 · REVIVE 1 ל׳ ₪65,,תפריט קטגוריה · כרטיס מתכון · דף ציוד לאבקות,4869,17335,,,,,,,,
2026-11-16,שני,תום,וואטסאפ — תום,וואטסאפ 2 — תוכן אחר,בריסטה (וגדי טריף),T3,רוחב,ספיישלטי,צפון,שלישי,מחית תות ₪60,GT-ODK-STR-1,UBE 1ק״ג ₪340 · DETOX 1 ל׳ ₪65 ⚠מלאי0,,תפריט קטגוריה · כרטיס מתכון · דף ציוד לאבקות,4205,9835,,,,,,,,
2026-11-16,שני,תום,וואטסאפ — תום,וואטסאפ 2 — תוכן אחר,נאבי,T3,רוחב,מעורב,מרכז,ראשון/שני/חמישי,סנגריה ורודה 1 ל׳ ₪45,GTCC-PIN-SAN-1L,FRESH 1 ל׳ ₪65 ⚠מלאי0,,תפריט קטגוריה · כרטיס מתכון · דף ציוד לאבקות,3546,15528,,,,,,,,
2026-11-16,שני,תום,וואטסאפ — תום,וואטסאפ 2 — תוכן אחר,נולי עגלת קפה,T3,רוחב,מעורב,מרכז,ראשון/שני/חמישי,מאצ׳ה 500g ₪590,GT-SHI-CER-500,סנגריה ורודה 1 ל׳ ₪45,,תפריט קטגוריה · כרטיס מתכון · דף ציוד לאבקות,3468,9185,,,,,,,,
2026-11-16,שני,תום,וואטסאפ — תום,וואטסאפ 2 — תוכן אחר,ת.מ דרום בע''מ (אוליבר עגלת קפה),T3,רוחב,תה בלבד,דרום,רביעי,NAMASTEA 1 ל׳ ₪65,GT-MAS-CHA-1L,ENERGY 1 ל׳ ₪65 · REVIVE 1 ל׳ ₪65,,תפריט קטגוריה · כרטיס מתכון · דף ציוד לאבקות,3302,10016,,,,,,,,
2026-11-17,שלישי,אבי,משימת מערכת,משימת מערכת,לכידת טלפונים — מנה 20 (10 חשבונות),—,—,,,,,,,,,,,,,,,,"מ-Green Invoice, מסירות LionWheel ורשומות ההזמנה. 0 מתוך 153 בשופיפיי",,
2026-11-17,שלישי,תום,וואטסאפ — תום,וואטסאפ 2 — תוכן אחר,"אסייתית במושבה בע""מ (נאי-לון Nay-Lon)",T3,רוחב,תה בלבד,מרכז,ראשון/שני/חמישי,DETOX 1 ל׳ ₪65 ⚠מלאי0,GT-LUI-LOW-1L,FRESH 1 ל׳ ₪65 ⚠מלאי0 · NAMASTEA 1 ל׳ ₪65,,תפריט קטגוריה · כרטיס מתכון · דף ציוד לאבקות,3273,5124,,,,,,,,
2026-11-17,שלישי,תום,וואטסאפ — תום,וואטסאפ 2 — תוכן אחר,מיכאל הררי (זולא),T3,רוחב,מעורב,מרכז,ראשון/שני/חמישי,DETOX 1 ל׳ ₪65 ⚠מלאי0,GT-LUI-LOW-1L,NAMASTEA 1 ל׳ ₪65 · סנגריה ורודה 1 ל׳ ₪45,,תפריט קטגוריה · כרטיס מתכון · דף ציוד לאבקות,3253,5605,,,,,,,,
2026-11-17,שלישי,תום,וואטסאפ — תום,וואטסאפ 2 — תוכן אחר,"קפה זוריק בע""מ (כיכר מילאנו)",T3,רוחב,תה בלבד,מרכז,ראשון/שני/חמישי,ENERGY 1 ל׳ ₪65,GT-LEM-LOW-1L,REVIVE 1 ל׳ ₪65 · CONSCIOUSNESS 1 ל׳ ₪65,,תפריט קטגוריה · כרטיס מתכון · דף ציוד לאבקות,2738,13176,,,,,,,,
2026-11-17,שלישי,תום,וואטסאפ — תום,וואטסאפ 1,"קפה פאזל בע""מ",T3,רוחב,תה בלבד,דרום,רביעי,FRESH 1 ל׳ ₪65 ⚠מלאי0,GT-HIB-LOW-1L,NAMASTEA 1 ל׳ ₪65 · ENERGY 1 ל׳ ₪65,,תפריט קטגוריה · כרטיס מתכון · דף ציוד לאבקות,2433,5856,,,"היי קפה פאזל, עברתי על ההזמנות שלכם. פרש אף פעם לא נכנסה אליכם, ו-77.0% מבתי עסק שמוכרים בעיקר תה קר קונים פרש. שווה ₪1,171 בשנה. להוסיף FRESH 1000ml למשלוח הקרוב? כן/לא",אתם מזמינים מאיתנו דיטוקס — ופרש אף פעם לא נכנסה להזמנה. 77.0% מבתי עסק שמוכרים בעיקר תה קר קונים פרש.,"אני קופץ אליכם לרבע שעה ומראה לבריסטה את חליטת היביסקוס וליים על FRESH 1000ml — ₪3.25 עלות רכיבים לכוס, ₪20 בתפריט, 81% רווח. אם זה עובד, אני מוסיף את זה למשלוח הקרוב.",רוחב — קו חדש,,
2026-11-17,שלישי,תום,וואטסאפ — תום,וואטסאפ 2 — תוכן אחר,יונייטד פאסט קז'ואל אינק (פוקי סניף הרצליה),T3,רוחב,תה בלבד,מרכז,ראשון/שני/חמישי,NAMASTEA 1 ל׳ ₪65,GT-MAS-CHA-1L,ENERGY 1 ל׳ ₪65 · CALM 1 ל׳ ₪65,,תפריט קטגוריה · כרטיס מתכון · דף ציוד לאבקות,2175,7535,,,,,,,,
2026-11-17,שלישי,תום,וואטסאפ — תום,וואטסאפ 1,קפה במפעל א.ד.ם בע״מ,T3,רוחב,תה בלבד,דרום,רביעי,DETOX 1 ל׳ ₪65 ⚠מלאי0,GT-LUI-LOW-1L,FRESH 1 ל׳ ₪65 ⚠מלאי0,,תפריט קטגוריה · כרטיס מתכון · דף ציוד לאבקות,2129,4120,,,"היי קפה במפעל א.ד.ם, עברתי על ההזמנות שלכם. דיטוקס אף פעם לא נכנסה אליכם, ו-78.8% מבתי עסק שמוכרים בעיקר תה קר קונים דיטוקס. שווה ₪1,305 בשנה. להוסיף DETOX 1000ml למשלוח הקרוב? כן/לא","אתם מזמינים מאיתנו נמסטיאה (צ'אי מסאלה), מאצ'ה — ודיטוקס אף פעם לא נכנסה להזמנה. 78.8% מבתי עסק שמוכרים בעיקר תה קר קונים דיטוקס.","אני קופץ אליכם לרבע שעה ומראה לבריסטה את חליטת תות לואיזה על DETOX 1000ml — ₪4.80 עלות רכיבים לכוס, ₪31 בתפריט, 82% רווח. אם זה עובד, אני מוסיף את זה למשלוח הקרוב.",רוחב — קו חדש,,
2026-11-17,שלישי,תום,וואטסאפ — תום,וואטסאפ 2 — תוכן אחר,"פטיט פוד בע""מ (קפה ארצי)",T3,רוחב,תה בלבד,מרכז,ראשון/שני/חמישי,CALM 1 ל׳ ₪65,GT-CHA-LOW-1L,ENERGY 1 ל׳ ₪65 · REVIVE 1 ל׳ ₪65,,תפריט קטגוריה · כרטיס מתכון · דף ציוד לאבקות,2101,9227,,,,,,,,
2026-11-17,שלישי,תום,וואטסאפ — תום,וואטסאפ 2 — תוכן אחר,קפה וכו׳ בע״מ (קפה עם),T3,רוחב,תה בלבד,מרכז,ראשון/שני/חמישי,ENERGY 1 ל׳ ₪65,GT-LEM-LOW-1L,REVIVE 1 ל׳ ₪65,,תפריט קטגוריה · כרטיס מתכון · דף ציוד לאבקות,2070,13391,,,,,,,,
2026-11-17,שלישי,תום,וואטסאפ — תום,וואטסאפ 1,קפה שוורצמן,T3,רוחב,ספיישלטי,דרום,רביעי,מחית תות ₪60,GT-ODK-STR-1,CALM 1 ל׳ ₪65,,תפריט קטגוריה · כרטיס מתכון · דף ציוד לאבקות,2031,15233,,,"היי קפה שוורצמן, עברתי על ההזמנות שלכם. מחית פרי ODK אף פעם לא נכנסה אליכם, ו-53.2% מבתי קפה שמוכרים מאצ'ה וסמוזי קונים מחית פרי ODK. שווה ₪1,353 בשנה. להוסיף ODK Strawberry Smoothie 1000ml למשלוח הקרוב? כן/לא","אתם מזמינים מאיתנו מאצ'ה, נמסטיאה (צ'אי מסאלה), פרש — ומחית פרי ODK אף פעם לא נכנסה להזמנה. 53.2% מבתי קפה שמוכרים מאצ'ה וסמוזי קונים מחית פרי ODK.","אני קופץ אליכם לרבע שעה ומראה לבריסטה את אייס מאצ'ה תות על ODK Strawberry Smoothie 1000ml — ₪6.46 עלות רכיבים לכוס, ₪39 בתפריט, 80% רווח. אם זה עובד, אני מוסיף את זה למשלוח הקרוב.",רוחב — קו חדש,,
2026-11-17,שלישי,תום,וואטסאפ — תום,וואטסאפ 2 — תוכן אחר,"עגלת קפה על המזח (טים טראק בע""מ)",T3,רוחב,ספיישלטי,מרכז,ראשון/שני/חמישי,מחית תות ₪60,GT-ODK-STR-1,DETOX 1 ל׳ ₪65 ⚠מלאי0 · FRESH 1 ל׳ ₪65 ⚠מלאי0,,תפריט קטגוריה · כרטיס מתכון · דף ציוד לאבקות,1916,6815,,,,,,,,
2026-11-18,רביעי,אבי,משימת מערכת,משימת מערכת,לכידת טלפונים — מנה 21 (10 חשבונות),—,—,,,,,,,,,,,,,,,,"מ-Green Invoice, מסירות LionWheel ורשומות ההזמנה. 0 מתוך 153 בשופיפיי",,
2026-11-18,רביעי,אלכס,משימת מערכת,משימת מערכת,13:00 עם תום — 10 דקות על היעדים,—,—,,,,,,,,,,,,,,,,בפגישה שכבר קיימת,,
2026-11-19,חמישי,אבי,פגישה — אלכס + אבי,מעקב 1 — אבי,נורד,T1,עומק,תה בלבד,מרכז,ראשון/שני/חמישי,NAMASTEA 1 ל׳ ₪65,GT-MAS-CHA-1L,GT-LEM-LOW-0.5L · DESERTEA 1 ל׳ ₪65,,תפריט הקטגוריה של המשפחה,10471,64736,,,,,אני מוסיף NAMASTEA 1000ml — 2 יחידות לסניף (6 לרשת) למשלוח הקרוב שלכם. שום דבר אחר בהזמנה לא משתנה.,,,
2026-11-19,חמישי,תום,וואטסאפ — תום,וואטסאפ 2 — תוכן אחר,"(נוצ' נודלס בע""מ) 'נוצ - NOOCH",T3,רוחב,תה בלבד,מרכז,ראשון/שני/חמישי,DETOX 1 ל׳ ₪65 ⚠מלאי0,GT-LUI-LOW-1L,FRESH 1 ל׳ ₪65 ⚠מלאי0,,תפריט קטגוריה · כרטיס מתכון · דף ציוד לאבקות,1892,3660,,,,,,,,
2026-11-19,חמישי,תום,וואטסאפ — תום,וואטסאפ 2 — תוכן אחר,"גן סיפור פארק משפחות בע""מ",T3,רוחב,מעורב,מרכז,ראשון/שני/חמישי,סנגריה ורודה 1 ל׳ ₪45,GTCC-PIN-SAN-1L,,,תפריט קטגוריה · כרטיס מתכון · דף ציוד לאבקות,1827,11724,,,,,,,,
2026-11-19,חמישי,תום,וואטסאפ — תום,וואטסאפ 2 — תוכן אחר,"קפה אלג'יר בע""מ",T3,רוחב,תה בלבד,מרכז,ראשון/שני/חמישי,FRESH 1 ל׳ ₪65 ⚠מלאי0,GT-HIB-LOW-1L,ENERGY 1 ל׳ ₪65,,תפריט קטגוריה · כרטיס מתכון · דף ציוד לאבקות,1737,5915,,,,,,,,
2026-11-19,חמישי,תום,וואטסאפ — תום,וואטסאפ 2 — תוכן אחר,"ק.ג. עוגן גלעד בע""מ (מסעדה רנו אמיליה)",T3,רוחב,תה בלבד,מרכז,ראשון/שני/חמישי,FRESH 1 ל׳ ₪65 ⚠מלאי0,GT-HIB-LOW-1L,NAMASTEA 1 ל׳ ₪65,,תפריט קטגוריה · כרטיס מתכון · דף ציוד לאבקות,1649,5124,,,,,,,,
2026-11-19,חמישי,תום,וואטסאפ — תום,וואטסאפ 1,"(לאט לאט מהר מהר בע""מ) Mamie",T3,רוחב,תה בלבד,מרכז,ראשון/שני/חמישי,NAMASTEA 1 ל׳ ₪65,GT-MAS-CHA-1L,CALM 1 ל׳ ₪65,,תפריט קטגוריה · כרטיס מתכון · דף ציוד לאבקות,1485,7617,,,"היי Mamie, עברתי על ההזמנות שלכם. נמסטיאה (צ'אי מסאלה) אף פעם לא נכנסה אליכם, ו-55.8% מבתי עסק שמוכרים בעיקר תה קר קונים נמסטיאה (צ'אי מסאלה). שווה ₪928 בשנה. להוסיף NAMASTEA 1000ml למשלוח הקרוב? כן/לא","אתם מזמינים מאיתנו אנרג'י, דיטוקס, פרש — ונמסטיאה (צ'אי מסאלה) אף פעם לא נכנסה להזמנה. 55.8% מבתי עסק שמוכרים בעיקר תה קר קונים נמסטיאה (צ'אי מסאלה).","אני קופץ אליכם לרבע שעה ומראה לבריסטה את לימונדת צ'אי מסאלה על NAMASTEA 1000ml — ₪3.95 עלות רכיבים לכוס, ₪22 בתפריט, 79% רווח. אם זה עובד, אני מוסיף את זה למשלוח הקרוב.",רוחב — קו חדש,,
2026-11-19,חמישי,תום,וואטסאפ — תום,וואטסאפ 1,"ג'וסה קולד פרס בע""מ",T3,רוחב,תה בלבד,מרכז,ראשון/שני/חמישי,NAMASTEA 1 ל׳ ₪65,GT-MAS-CHA-1L,ENERGY 1 ל׳ ₪65,,תפריט קטגוריה · כרטיס מתכון · דף ציוד לאבקות,1376,6384,,,"היי ג'וסה קולד פרס, עברתי על ההזמנות שלכם. נמסטיאה (צ'אי מסאלה) אף פעם לא נכנסה אליכם, ו-55.8% מבתי עסק שמוכרים בעיקר תה קר קונים נמסטיאה (צ'אי מסאלה). שווה ₪778 בשנה. להוסיף NAMASTEA 1000ml למשלוח הקרוב? כן/לא","אתם מזמינים מאיתנו דיטוקס, פרש — ונמסטיאה (צ'אי מסאלה) אף פעם לא נכנסה להזמנה. 55.8% מבתי עסק שמוכרים בעיקר תה קר קונים נמסטיאה (צ'אי מסאלה).","אני קופץ אליכם לרבע שעה ומראה לבריסטה את לימונדת צ'אי מסאלה על NAMASTEA 1000ml — ₪3.95 עלות רכיבים לכוס, ₪22 בתפריט, 79% רווח. אם זה עובד, אני מוסיף את זה למשלוח הקרוב.",רוחב — קו חדש,,
2026-11-19,חמישי,תום,וואטסאפ — תום,וואטסאפ 1,מסעדת ראיסה,T3,רוחב,תה בלבד,מרכז,ראשון/שני/חמישי,FRESH 1 ל׳ ₪65 ⚠מלאי0,GT-HIB-LOW-1L,NAMASTEA 1 ל׳ ₪65,,תפריט קטגוריה · כרטיס מתכון · דף ציוד לאבקות,1375,4270,,,"היי מסעדת ראיסה, עברתי על ההזמנות שלכם. פרש אף פעם לא נכנסה אליכם, ו-77.0% מבתי עסק שמוכרים בעיקר תה קר קונים פרש. שווה ₪854 בשנה. להוסיף FRESH 1000ml למשלוח הקרוב? כן/לא","אתם מזמינים מאיתנו דיטוקס, מאצ'ה — ופרש אף פעם לא נכנסה להזמנה. 77.0% מבתי עסק שמוכרים בעיקר תה קר קונים פרש.","אני קופץ אליכם לרבע שעה ומראה לבריסטה את חליטת היביסקוס וליים על FRESH 1000ml — ₪3.25 עלות רכיבים לכוס, ₪20 בתפריט, 81% רווח. אם זה עובד, אני מוסיף את זה למשלוח הקרוב.",רוחב — קו חדש,,
2026-11-19,חמישי,תום,וואטסאפ — תום,וואטסאפ 1,"קפה ספסל בע""מ",T3,רוחב,תה בלבד,מרכז,ראשון/שני/חמישי,CALM 1 ל׳ ₪65,GT-CHA-LOW-1L,ENERGY 1 ל׳ ₪65,,תפריט קטגוריה · כרטיס מתכון · דף ציוד לאבקות,1317,7898,,,"היי קפה ספסל, עברתי על ההזמנות שלכם. קאלם אף פעם לא נכנסה אליכם, ו-57.6% מבתי עסק שמוכרים בעיקר תה קר קונים קאלם. שווה ₪577 בשנה. להוסיף CALM 1000ml למשלוח הקרוב? כן/לא","אתם מזמינים מאיתנו נמסטיאה (צ'אי מסאלה), דיטוקס, דזרטי — וקאלם אף פעם לא נכנסה להזמנה. 57.6% מבתי עסק שמוכרים בעיקר תה קר קונים קאלם.","אני קופץ אליכם לרבע שעה ומראה לבריסטה את חליטת קמומיל ותפוח על CALM 1000ml — ₪3.25 עלות רכיבים לכוס, ₪20 בתפריט, 81% רווח. אם זה עובד, אני מוסיף את זה למשלוח הקרוב.",רוחב — קו חדש,,
2026-11-19,חמישי,תום,וואטסאפ — תום,וואטסאפ 1,"נועם משאל השקעות בע""מ (קפה הכרם)",T3,רוחב,תה בלבד,מרכז,ראשון/שני/חמישי,ENERGY 1 ל׳ ₪65,GT-LEM-LOW-1L,CALM 1 ל׳ ₪65,,תפריט קטגוריה · כרטיס מתכון · דף ציוד לאבקות,1290,7737,,,"היי נועם משאל השקעות, עברתי על ההזמנות שלכם. אנרג'י אף פעם לא נכנסה אליכם, ו-53.9% מבתי עסק שמוכרים בעיקר תה קר קונים אנרג'י. שווה ₪725 בשנה. להוסיף ENERGY 1000ml למשלוח הקרוב? כן/לא","אתם מזמינים מאיתנו דיטוקס, פרש, נמסטיאה (צ'אי מסאלה) — ואנרג'י אף פעם לא נכנסה להזמנה. 53.9% מבתי עסק שמוכרים בעיקר תה קר קונים אנרג'י.","אני קופץ אליכם לרבע שעה ומראה לבריסטה את חליטת תה ירוק ולמון גראס על ENERGY 1000ml — ₪3.25 עלות רכיבים לכוס, ₪20 בתפריט, 81% רווח. אם זה עובד, אני מוסיף את זה למשלוח הקרוב.",רוחב — קו חדש,,
2026-11-19,חמישי,תום,וואטסאפ — תום,וואטסאפ 1,"חוף הילטון (בייז חוף הילטון בע""מ)",T3,רוחב,ספיישלטי,מרכז,ראשון/שני/חמישי,DETOX 1 ל׳ ₪65 ⚠מלאי0,GT-LUI-LOW-1L,FRESH 1 ל׳ ₪65 ⚠מלאי0,,תפריט קטגוריה · כרטיס מתכון · דף ציוד לאבקות,1238,6440,,,"היי חוף הילטון, עברתי על ההזמנות שלכם. דיטוקס אף פעם לא נכנסה אליכם, ו-75.3% מבתי קפה שמוכרים מאצ'ה וסמוזי קונים דיטוקס. שווה ₪734 בשנה. להוסיף DETOX 1000ml למשלוח הקרוב? כן/לא","אתם מזמינים מאיתנו מאצ'ה, נמסטיאה (צ'אי מסאלה), מחית פרי ODK — ודיטוקס אף פעם לא נכנסה להזמנה. 75.3% מבתי קפה שמוכרים מאצ'ה וסמוזי קונים דיטוקס.","אני קופץ אליכם לרבע שעה ומראה לבריסטה את חליטת תות לואיזה על DETOX 1000ml — ₪4.80 עלות רכיבים לכוס, ₪31 בתפריט, 82% רווח. אם זה עובד, אני מוסיף את זה למשלוח הקרוב.",רוחב — קו חדש,,
2026-11-22,ראשון,אבי,שיחה — אבי,שיחה 3 — סגירה,טראק במושבה,T2,עומק,ספיישלטי,צפון,שלישי,מאצ׳ה 500g ₪590,GT-SHI-CER-500,GT-HIB-FRE-1L · סנגריה ורודה 1 ל׳ ₪45,,תפריט הקטגוריה של המשפחה,1988,14354,,,,,אני מוסיף Shizuoka Ceremonial Matcha Bag 500g — יחידה אחת לסניף (1 לרשת) למשלוח הקרוב שלכם. שום דבר אחר בהזמנה לא משתנה.,,,
2026-11-22,ראשון,תום,וואטסאפ — תום,וואטסאפ 3 — סגירה,עגלת קפה פרנצ'י (גל פרץ),T3,עומק,מעורב,דרום,רביעי,סנגריה ורודה 1 ל׳ ₪45,GTCC-PIN-SAN-1L,,,תפריט הקטגוריה של המשפחה,1094,9080,,,,,אני מוסיף GT Pink Sangria Cocktail 1000ml — 2 יחידות למשלוח הקרוב שלכם. שום דבר אחר בהזמנה לא משתנה.,,,
2026-11-22,ראשון,תום,וואטסאפ — תום,וואטסאפ 3 — סגירה,טרוי,T3,עומק,תה בלבד,צפון,שלישי,DETOX 1 ל׳ ₪65 ⚠מלאי0,GT-LUI-LOW-1L,,,תפריט הקטגוריה של המשפחה,1032,6519,,,,,אני מוסיף DETOX 1000ml — 4 יחידות למשלוח הקרוב שלכם. שום דבר אחר בהזמנה לא משתנה.,,,
2026-11-22,ראשון,תום,וואטסאפ — תום,וואטסאפ 3 — סגירה,"אמלולה בגינה (ריבלין בע""מ)",T3,עומק,ספיישלטי,דרום,רביעי,מחית מנגו ₪60,GT-ODK-MAN-1,,,תפריט הקטגוריה של המשפחה,837,8045,,,,,אני מוסיף ODK Mango Smoothie 1000ml — יחידה אחת למשלוח הקרוב שלכם. שום דבר אחר בהזמנה לא משתנה.,,,
2026-11-22,ראשון,תום,וואטסאפ — תום,וואטסאפ 3 — סגירה,"ים ברים בע""מ (פטפוט)",T3,עומק,תה בלבד,דרום,רביעי,GT-MAS-CHA-0.5L,GT-MAS-CHA-0.5L,,,תפריט הקטגוריה של המשפחה,672,6430,,,,,אני מוסיף NAMASTEA 500ml — 2 יחידות למשלוח הקרוב שלכם. שום דבר אחר בהזמנה לא משתנה.,,,
2026-11-22,ראשון,תום,וואטסאפ — תום,וואטסאפ 3 — סגירה,"מ.ג בן חמו מסעדנות בע""מ (ביגה ראשון לציון)",T3,עומק,ספיישלטי,דרום,רביעי,NAMASTEA 1 ל׳ ₪65,GT-MAS-CHA-1L,,,תפריט הקטגוריה של המשפחה,604,7195,,,,,אני מוסיף NAMASTEA 1000ml — יחידה אחת למשלוח הקרוב שלכם. שום דבר אחר בהזמנה לא משתנה.,,,
2026-11-22,ראשון,תום,וואטסאפ — תום,וואטסאפ 3 — סגירה,ג׳וליה בייקרי,T3,עומק,ספיישלטי,דרום,רביעי,GT-HIB-FRE-1L,GT-HIB-FRE-1L,,,תפריט הקטגוריה של המשפחה,560,9287,,,,,אני מוסיף FRESH Sugar-Free 1000ml — יחידה אחת למשלוח הקרוב שלכם. שום דבר אחר בהזמנה לא משתנה.,,,
2026-11-22,ראשון,תום,וואטסאפ — תום,וואטסאפ 1,"זיגו קפה מאפיה מטבח מקומי בע""מ (זיגו)",T3,רוחב,תה בלבד,צפון,שלישי,ENERGY 1 ל׳ ₪65,GT-LEM-LOW-1L,CONSCIOUSNESS 1 ל׳ ₪65,,תפריט קטגוריה · כרטיס מתכון · דף ציוד לאבקות,2726,18563,,,"היי זיגו קפה מאפיה מטבח מקומי, עברתי על ההזמנות שלכם. אנרג'י אף פעם לא נכנסה אליכם, ו-53.9% מבתי עסק שמוכרים בעיקר תה קר קונים אנרג'י. שווה ₪1,738 בשנה. להוסיף ENERGY 1000ml למשלוח הקרוב? כן/לא","אתם מזמינים מאיתנו דיטוקס, מאצ'ה, נמסטיאה (צ'אי מסאלה) — ואנרג'י אף פעם לא נכנסה להזמנה. 53.9% מבתי עסק שמוכרים בעיקר תה קר קונים אנרג'י.","אני קופץ אליכם לרבע שעה ומראה לבריסטה את חליטת תה ירוק ולמון גראס על ENERGY 1000ml — ₪3.25 עלות רכיבים לכוס, ₪20 בתפריט, 81% רווח. אם זה עובד, אני מוסיף את זה למשלוח הקרוב.",רוחב — קו חדש,,
2026-11-22,ראשון,תום,וואטסאפ — תום,וואטסאפ 1,אבני עמית ואלפסי שחף (קפה דאז),T3,רוחב,מעורב,צפון,שלישי,DETOX 1 ל׳ ₪65 ⚠מלאי0,GT-LUI-LOW-1L,,,תפריט קטגוריה · כרטיס מתכון · דף ציוד לאבקות,2151,9314,,,"היי אבני עמית ואלפסי שחף, עברתי על ההזמנות שלכם. דיטוקס אף פעם לא נכנסה אליכם, ו-84.9% מבתי עסק עם תפריט מעורב קונים דיטוקס. שווה ₪2,151 בשנה. להוסיף DETOX 1000ml למשלוח הקרוב? כן/לא","אתם מזמינים מאיתנו נמסטיאה (צ'אי מסאלה), סנגריה, מחית פרי ODK — ודיטוקס אף פעם לא נכנסה להזמנה. 84.9% מבתי עסק עם תפריט מעורב קונים דיטוקס.","אני קופץ אליכם לרבע שעה ומראה לבריסטה את חליטת תות לואיזה על DETOX 1000ml — ₪4.80 עלות רכיבים לכוס, ₪31 בתפריט, 82% רווח. אם זה עובד, אני מוסיף את זה למשלוח הקרוב.",רוחב — קו חדש,,
2026-11-22,ראשון,תום,וואטסאפ — תום,וואטסאפ 1,בלה מאפיה,T3,רוחב,תה בלבד,צפון,שלישי,DETOX 1 ל׳ ₪65 ⚠מלאי0,GT-LUI-LOW-1L,FRESH 1 ל׳ ₪65 ⚠מלאי0,,תפריט קטגוריה · כרטיס מתכון · דף ציוד לאבקות,1702,3294,,,"היי בלה מאפיה, עברתי על ההזמנות שלכם. דיטוקס אף פעם לא נכנסה אליכם, ו-78.8% מבתי עסק שמוכרים בעיקר תה קר קונים דיטוקס. שווה ₪1,043 בשנה. להוסיף DETOX 1000ml למשלוח הקרוב? כן/לא","אתם מזמינים מאיתנו אנרג'י, קאלם — ודיטוקס אף פעם לא נכנסה להזמנה. 78.8% מבתי עסק שמוכרים בעיקר תה קר קונים דיטוקס.","אני קופץ אליכם לרבע שעה ומראה לבריסטה את חליטת תות לואיזה על DETOX 1000ml — ₪4.80 עלות רכיבים לכוס, ₪31 בתפריט, 82% רווח. אם זה עובד, אני מוסיף את זה למשלוח הקרוב.",רוחב — קו חדש,,
2026-11-22,ראשון,תום,וואטסאפ — תום,וואטסאפ 1,Amore,T3,רוחב,תה בלבד,צפון,שלישי,ENERGY 1 ל׳ ₪65,GT-LEM-LOW-1L,REVIVE 1 ל׳ ₪65,,תפריט קטגוריה · כרטיס מתכון · דף ציוד לאבקות,1693,10953,,,"היי Amore, עברתי על ההזמנות שלכם. אנרג'י אף פעם לא נכנסה אליכם, ו-53.9% מבתי עסק שמוכרים בעיקר תה קר קונים אנרג'י. שווה ₪1,026 בשנה. להוסיף ENERGY 1000ml למשלוח הקרוב? כן/לא","אתם מזמינים מאיתנו פרש, נמסטיאה (צ'אי מסאלה), דיטוקס — ואנרג'י אף פעם לא נכנסה להזמנה. 53.9% מבתי עסק שמוכרים בעיקר תה קר קונים אנרג'י.","אני קופץ אליכם לרבע שעה ומראה לבריסטה את חליטת תה ירוק ולמון גראס על ENERGY 1000ml — ₪3.25 עלות רכיבים לכוס, ₪20 בתפריט, 81% רווח. אם זה עובד, אני מוסיף את זה למשלוח הקרוב.",רוחב — קו חדש,,
2026-11-22,ראשון,תום,משימת מערכת,משימת מערכת,לוח התוצאות השבועי — q4_scoreboard.py,—,—,,,,,,,,,,,,,,,,נקרא עם תמונת התזרים של ראשון,,
2026-11-23,שני,אבי,פגישה — אלכס + אבי,מעקב 2 — סגירה,וויקס,T1,רוחב,תה בלבד,מרכז,ראשון/שני/חמישי,CONSCIOUSNESS 1 ל׳ ₪65,GT-JAS-LOW-1L,FRESH 1 ל׳ ₪65 ⚠מלאי0 · REVIVE 1 ל׳ ₪65,,תפריט קטגוריה · כרטיס מתכון · דף ציוד לאבקות,10659,64254,,,,,"אני קופץ אליכם לרבע שעה ומראה לבריסטה את חליטת יסמין וליצ'י על CONSCIOUSNESS 1000ml — ₪3.25 עלות רכיבים לכוס, ₪20 בתפריט, 81% רווח. אם זה עובד, אני מוסיף את זה למשלוח הקרוב.",,,
2026-11-23,שני,אלכס+אבי,פגישה — אלכס + אבי,פגישה משותפת,"קבוצת מור דן פוד בע""מ (שי קדוש)",T1,עומק,ספיישלטי,דרום,רביעי,DETOX 1 ל׳ ₪65 ⚠מלאי0,GT-LUI-LOW-1L,מחית תות ₪60,,תפריט הקטגוריה של המשפחה,7957,82893,,,"היי קבוצת מור דן פוד, אתם על ₪468 דיטוקס בשנה; בתי עסק כמוכם על ₪3,805. להוסיף יחידה אחת DETOX 1000ml למשלוח הקרוב? כן/לא","אתם מזמינים דיטוקס באופן קבוע — ₪468 ב-12 החודשים האחרונים, בקצב של הזמנה כל 8 ימים.",אני מוסיף DETOX 1000ml — יחידה אחת למשלוח הקרוב שלכם. שום דבר אחר בהזמנה לא משתנה.,הרחבת חשבון אסטרטגי,,
2026-11-23,שני,תום,וואטסאפ — תום,וואטסאפ 3 — סגירה,"א.ר.נ. מסעדות קריית אונו בע""מ (קיסו - Kisu)",T3,רוחב,תה בלבד,מרכז,ראשון/שני/חמישי,DETOX 1 ל׳ ₪65 ⚠מלאי0,GT-LUI-LOW-1L,FRESH 1 ל׳ ₪65 ⚠מלאי0 · NAMASTEA 1 ל׳ ₪65,,תפריט קטגוריה · כרטיס מתכון · דף ציוד לאבקות,8799,10248,,,,,"אני קופץ אליכם לרבע שעה ומראה לבריסטה את חליטת תות לואיזה על DETOX 1000ml — ₪4.80 עלות רכיבים לכוס, ₪31 בתפריט, 82% רווח. אם זה עובד, אני מוסיף את זה למשלוח הקרוב.",,,
2026-11-23,שני,תום,וואטסאפ — תום,וואטסאפ 3 — סגירה,קפה אנסטסיה בע״מ,T3,רוחב,ספיישלטי,מרכז,ראשון/שני/חמישי,DETOX 1 ל׳ ₪65 ⚠מלאי0,GT-LUI-LOW-1L,NAMASTEA 1 ל׳ ₪65 · FRESH 1 ל׳ ₪65 ⚠מלאי0,,תפריט קטגוריה · כרטיס מתכון · דף ציוד לאבקות,7788,24370,,,,,"אני קופץ אליכם לרבע שעה ומראה לבריסטה את חליטת תות לואיזה על DETOX 1000ml — ₪4.80 עלות רכיבים לכוס, ₪31 בתפריט, 82% רווח. אם זה עובד, אני מוסיף את זה למשלוח הקרוב.",,,
2026-11-23,שני,תום,וואטסאפ — תום,וואטסאפ 3 — סגירה,סברה קפה בע״מ,T3,רוחב,מעורב,מרכז,ראשון/שני/חמישי,מאצ׳ה 500g ₪590,GT-SHI-CER-500,סנגריה ורודה 1 ל׳ ₪45 · GT-JAS-LOW-0.5L,,תפריט קטגוריה · כרטיס מתכון · דף ציוד לאבקות,6573,13267,,,,,"אני קופץ אליכם לרבע שעה ומראה לבריסטה את אייס אובה מאצ'ה על Shizuoka Ceremonial Matcha Bag 500g — ₪4.96 עלות רכיבים לכוס, ₪28 בתפריט, 79% רווח. אם זה עובד, אני מוסיף את זה למשלוח הקרוב.",,,
2026-11-23,שני,תום,וואטסאפ — תום,וואטסאפ 3 — סגירה,"שולה בחצר בע""מ",T3,רוחב,תה בלבד,מרכז,ראשון/שני/חמישי,DETOX 1 ל׳ ₪65 ⚠מלאי0,GT-LUI-LOW-1L,DESERTEA 1 ל׳ ₪65 · FRESH 1 ל׳ ₪65 ⚠מלאי0,,תפריט קטגוריה · כרטיס מתכון · דף ציוד לאבקות,5602,6903,,,,,"אני קופץ אליכם לרבע שעה ומראה לבריסטה את חליטת תות לואיזה על DETOX 1000ml — ₪4.80 עלות רכיבים לכוס, ₪31 בתפריט, 82% רווח. אם זה עובד, אני מוסיף את זה למשלוח הקרוב.",,,
2026-11-23,שני,תום,וואטסאפ — תום,וואטסאפ 3 — סגירה,דלגונה עבד גלגולי (דלגונה),T3,רוחב,ספיישלטי,מרכז,ראשון/שני/חמישי,DETOX 1 ל׳ ₪65 ⚠מלאי0,GT-LUI-LOW-1L,NAMASTEA 1 ל׳ ₪65 · FRESH 1 ל׳ ₪65 ⚠מלאי0,,תפריט קטגוריה · כרטיס מתכון · דף ציוד לאבקות,5215,16320,,,,,"אני קופץ אליכם לרבע שעה ומראה לבריסטה את חליטת תות לואיזה על DETOX 1000ml — ₪4.80 עלות רכיבים לכוס, ₪31 בתפריט, 82% רווח. אם זה עובד, אני מוסיף את זה למשלוח הקרוב.",,,
2026-11-23,שני,תום,וואטסאפ — תום,וואטסאפ 3 — סגירה,ליאוני,T3,רוחב,מעורב,מרכז,ראשון/שני/חמישי,סנגריה ורודה 1 ל׳ ₪45,GTCC-PIN-SAN-1L,GT-INF-DES-0.5L,,תפריט קטגוריה · כרטיס מתכון · דף ציוד לאבקות,4721,24278,,,,,אני מוסיף GT Pink Sangria Cocktail 1000ml — 5 יחידות למשלוח הקרוב שלכם. שום דבר אחר בהזמנה לא משתנה.,,,
2026-11-23,שני,תום,וואטסאפ — תום,וואטסאפ 2 — תוכן אחר,"קפה פאזל בע""מ",T3,רוחב,תה בלבד,דרום,רביעי,FRESH 1 ל׳ ₪65 ⚠מלאי0,GT-HIB-LOW-1L,NAMASTEA 1 ל׳ ₪65 · ENERGY 1 ל׳ ₪65,,תפריט קטגוריה · כרטיס מתכון · דף ציוד לאבקות,2433,5856,,,,,,,,
2026-11-23,שני,תום,וואטסאפ — תום,וואטסאפ 2 — תוכן אחר,קפה במפעל א.ד.ם בע״מ,T3,רוחב,תה בלבד,דרום,רביעי,DETOX 1 ל׳ ₪65 ⚠מלאי0,GT-LUI-LOW-1L,FRESH 1 ל׳ ₪65 ⚠מלאי0,,תפריט קטגוריה · כרטיס מתכון · דף ציוד לאבקות,2129,4120,,,,,,,,
2026-11-23,שני,תום,וואטסאפ — תום,וואטסאפ 2 — תוכן אחר,קפה שוורצמן,T3,רוחב,ספיישלטי,דרום,רביעי,מחית תות ₪60,GT-ODK-STR-1,CALM 1 ל׳ ₪65,,תפריט קטגוריה · כרטיס מתכון · דף ציוד לאבקות,2031,15233,,,,,,,,
2026-11-23,שני,תום,וואטסאפ — תום,וואטסאפ 1,קפה 79 (קונטאקט סוכנויות בע״מ),T3,רוחב,ספיישלטי,צפון,שלישי,מאצ׳ה 500g ₪590,GT-SHI-CER-500,,,תפריט קטגוריה · כרטיס מתכון · דף ציוד לאבקות,1621,3642,,,"היי קפה 79, עברתי על ההזמנות שלכם. מאצ'ה אף פעם לא נכנסה אליכם, ו-93.5% מבתי קפה שמוכרים מאצ'ה וסמוזי קונים מאצ'ה. שווה ₪1,621 בשנה. להוסיף Shizuoka Ceremonial Matcha Bag 500g למשלוח הקרוב? כן/לא","אתם מזמינים מאיתנו מחית פרי ODK, פרש, נמסטיאה (צ'אי מסאלה) — ומאצ'ה אף פעם לא נכנסה להזמנה. 93.5% מבתי קפה שמוכרים מאצ'ה וסמוזי קונים מאצ'ה.","אני קופץ אליכם לרבע שעה ומראה לבריסטה את אייס אובה מאצ'ה על Shizuoka Ceremonial Matcha Bag 500g — ₪4.96 עלות רכיבים לכוס, ₪28 בתפריט, 79% רווח. אם זה עובד, אני מוסיף את זה למשלוח הקרוב.",רוחב — קו חדש,,
2026-11-24,שלישי,אבי,משימת מערכת,משימת מערכת,לכידת טלפונים — מנה 22 (10 חשבונות),—,—,,,,,,,,,,,,,,,,"מ-Green Invoice, מסירות LionWheel ורשומות ההזמנה. 0 מתוך 153 בשופיפיי",,
2026-11-24,שלישי,תום,וואטסאפ — תום,וואטסאפ 3 — סגירה,"פריים רמת החייל מסעדנות בע""מ",T3,רוחב,תה בלבד,מרכז,ראשון/שני/חמישי,DETOX 1 ל׳ ₪65 ⚠מלאי0,GT-LUI-LOW-1L,FRESH 1 ל׳ ₪65 ⚠מלאי0 · NAMASTEA 1 ל׳ ₪65,,תפריט קטגוריה · כרטיס מתכון · דף ציוד לאבקות,3740,5856,,,,,"אני קופץ אליכם לרבע שעה ומראה לבריסטה את חליטת תות לואיזה על DETOX 1000ml — ₪4.80 עלות רכיבים לכוס, ₪31 בתפריט, 82% רווח. אם זה עובד, אני מוסיף את זה למשלוח הקרוב.",,,
2026-11-24,שלישי,תום,וואטסאפ — תום,וואטסאפ 2 — תוכן אחר,"(לאט לאט מהר מהר בע""מ) Mamie",T3,רוחב,תה בלבד,מרכז,ראשון/שני/חמישי,NAMASTEA 1 ל׳ ₪65,GT-MAS-CHA-1L,CALM 1 ל׳ ₪65,,תפריט קטגוריה · כרטיס מתכון · דף ציוד לאבקות,1485,7617,,,,,,,,
2026-11-24,שלישי,תום,וואטסאפ — תום,וואטסאפ 2 — תוכן אחר,"ג'וסה קולד פרס בע""מ",T3,רוחב,תה בלבד,מרכז,ראשון/שני/חמישי,NAMASTEA 1 ל׳ ₪65,GT-MAS-CHA-1L,ENERGY 1 ל׳ ₪65,,תפריט קטגוריה · כרטיס מתכון · דף ציוד לאבקות,1376,6384,,,,,,,,
2026-11-24,שלישי,תום,וואטסאפ — תום,וואטסאפ 2 — תוכן אחר,מסעדת ראיסה,T3,רוחב,תה בלבד,מרכז,ראשון/שני/חמישי,FRESH 1 ל׳ ₪65 ⚠מלאי0,GT-HIB-LOW-1L,NAMASTEA 1 ל׳ ₪65,,תפריט קטגוריה · כרטיס מתכון · דף ציוד לאבקות,1375,4270,,,,,,,,
2026-11-24,שלישי,תום,וואטסאפ — תום,וואטסאפ 2 — תוכן אחר,"קפה ספסל בע""מ",T3,רוחב,תה בלבד,מרכז,ראשון/שני/חמישי,CALM 1 ל׳ ₪65,GT-CHA-LOW-1L,ENERGY 1 ל׳ ₪65,,תפריט קטגוריה · כרטיס מתכון · דף ציוד לאבקות,1317,7898,,,,,,,,
2026-11-24,שלישי,תום,וואטסאפ — תום,וואטסאפ 2 — תוכן אחר,"נועם משאל השקעות בע""מ (קפה הכרם)",T3,רוחב,תה בלבד,מרכז,ראשון/שני/חמישי,ENERGY 1 ל׳ ₪65,GT-LEM-LOW-1L,CALM 1 ל׳ ₪65,,תפריט קטגוריה · כרטיס מתכון · דף ציוד לאבקות,1290,7737,,,,,,,,
2026-11-24,שלישי,תום,וואטסאפ — תום,וואטסאפ 2 — תוכן אחר,"חוף הילטון (בייז חוף הילטון בע""מ)",T3,רוחב,ספיישלטי,מרכז,ראשון/שני/חמישי,DETOX 1 ל׳ ₪65 ⚠מלאי0,GT-LUI-LOW-1L,FRESH 1 ל׳ ₪65 ⚠מלאי0,,תפריט קטגוריה · כרטיס מתכון · דף ציוד לאבקות,1238,6440,,,,,,,,
2026-11-24,שלישי,תום,וואטסאפ — תום,וואטסאפ 1,דודה איתי דמתי (קפה דודה),T3,רוחב,תה בלבד,מרכז,ראשון/שני/חמישי,DETOX 1 ל׳ ₪65 ⚠מלאי0,GT-LUI-LOW-1L,,,תפריט קטגוריה · כרטיס מתכון · דף ציוד לאבקות,1219,3848,,,"היי דודה איתי דמתי, עברתי על ההזמנות שלכם. דיטוקס אף פעם לא נכנסה אליכם, ו-78.8% מבתי עסק שמוכרים בעיקר תה קר קונים דיטוקס. שווה ₪1,219 בשנה. להוסיף DETOX 1000ml למשלוח הקרוב? כן/לא","אתם מזמינים מאיתנו פרש, נמסטיאה (צ'אי מסאלה), מאצ'ה — ודיטוקס אף פעם לא נכנסה להזמנה. 78.8% מבתי עסק שמוכרים בעיקר תה קר קונים דיטוקס.","אני קופץ אליכם לרבע שעה ומראה לבריסטה את חליטת תות לואיזה על DETOX 1000ml — ₪4.80 עלות רכיבים לכוס, ₪31 בתפריט, 82% רווח. אם זה עובד, אני מוסיף את זה למשלוח הקרוב.",רוחב — קו חדש,,
2026-11-24,שלישי,תום,וואטסאפ — תום,וואטסאפ 1,6 במאי בע״מ,T3,רוחב,ספיישלטי,מרכז,ראשון/שני/חמישי,DETOX 1 ל׳ ₪65 ⚠מלאי0,GT-LUI-LOW-1L,NAMASTEA 1 ל׳ ₪65,,תפריט קטגוריה · כרטיס מתכון · דף ציוד לאבקות,1204,5740,,,"היי 6 במאי, עברתי על ההזמנות שלכם. דיטוקס אף פעם לא נכנסה אליכם, ו-75.3% מבתי קפה שמוכרים מאצ'ה וסמוזי קונים דיטוקס. שווה ₪654 בשנה. להוסיף DETOX 1000ml למשלוח הקרוב? כן/לא","אתם מזמינים מאיתנו מאצ'ה, מחית פרי ODK, אובה — ודיטוקס אף פעם לא נכנסה להזמנה. 75.3% מבתי קפה שמוכרים מאצ'ה וסמוזי קונים דיטוקס.","אני קופץ אליכם לרבע שעה ומראה לבריסטה את חליטת תות לואיזה על DETOX 1000ml — ₪4.80 עלות רכיבים לכוס, ₪31 בתפריט, 82% רווח. אם זה עובד, אני מוסיף את זה למשלוח הקרוב.",רוחב — קו חדש,,
2026-11-24,שלישי,תום,וואטסאפ — תום,וואטסאפ 1,פינת הבילויים (״פינתה קפה ולחם בע״מ״),T3,רוחב,תה בלבד,דרום,רביעי,ENERGY 1 ל׳ ₪65,GT-LEM-LOW-1L,CALM 1 ל׳ ₪65,,תפריט קטגוריה · כרטיס מתכון · דף ציוד לאבקות,1196,7176,,,"היי פינת הבילויים, עברתי על ההזמנות שלכם. אנרג'י אף פעם לא נכנסה אליכם, ו-53.9% מבתי עסק שמוכרים בעיקר תה קר קונים אנרג'י. שווה ₪672 בשנה. להוסיף ENERGY 1000ml למשלוח הקרוב? כן/לא","אתם מזמינים מאיתנו פרש, דיטוקס, נמסטיאה (צ'אי מסאלה) — ואנרג'י אף פעם לא נכנסה להזמנה. 53.9% מבתי עסק שמוכרים בעיקר תה קר קונים אנרג'י.","אני קופץ אליכם לרבע שעה ומראה לבריסטה את חליטת תה ירוק ולמון גראס על ENERGY 1000ml — ₪3.25 עלות רכיבים לכוס, ₪20 בתפריט, 81% רווח. אם זה עובד, אני מוסיף את זה למשלוח הקרוב.",רוחב — קו חדש,,
2026-11-25,רביעי,אבי,משימת מערכת,משימת מערכת,לכידת טלפונים — מנה 23 (10 חשבונות),—,—,,,,,,,,,,,,,,,,"מ-Green Invoice, מסירות LionWheel ורשומות ההזמנה. 0 מתוך 153 בשופיפיי",,
2026-11-25,רביעי,אלכס,משימת מערכת,משימת מערכת,13:00 עם תום — 10 דקות על היעדים,—,—,,,,,,,,,,,,,,,,בפגישה שכבר קיימת,,
2026-11-26,חמישי,תום,וואטסאפ — תום,וואטסאפ 1,"ח.צ. סושי בר בע""מ (אוקינאווה לבונטין)",T3,רוחב,תה בלבד,מרכז,ראשון/שני/חמישי,DETOX 1 ל׳ ₪65 ⚠מלאי0,GT-LUI-LOW-1L,,,תפריט קטגוריה · כרטיס מתכון · דף ציוד לאבקות,1112,3510,,,"היי ח.צ. סושי בר, עברתי על ההזמנות שלכם. דיטוקס אף פעם לא נכנסה אליכם, ו-78.8% מבתי עסק שמוכרים בעיקר תה קר קונים דיטוקס. שווה ₪1,112 בשנה. להוסיף DETOX 1000ml למשלוח הקרוב? כן/לא","אתם מזמינים מאיתנו פרש, קונשסנס — ודיטוקס אף פעם לא נכנסה להזמנה. 78.8% מבתי עסק שמוכרים בעיקר תה קר קונים דיטוקס.","אני קופץ אליכם לרבע שעה ומראה לבריסטה את חליטת תות לואיזה על DETOX 1000ml — ₪4.80 עלות רכיבים לכוס, ₪31 בתפריט, 82% רווח. אם זה עובד, אני מוסיף את זה למשלוח הקרוב.",רוחב — קו חדש,,
2026-11-26,חמישי,תום,וואטסאפ — תום,וואטסאפ 1,גן סיפור פתח תקווה,T3,רוחב,ספיישלטי,מרכז,ראשון/שני/חמישי,מחית תות ₪60,GT-ODK-STR-1,,,תפריט קטגוריה · כרטיס מתכון · דף ציוד לאבקות,1058,11918,,,"היי גן סיפור פתח תקווה, עברתי על ההזמנות שלכם. מחית פרי ODK אף פעם לא נכנסה אליכם, ו-53.2% מבתי קפה שמוכרים מאצ'ה וסמוזי קונים מחית פרי ODK. שווה ₪1,058 בשנה. להוסיף ODK Strawberry Smoothie 1000ml למשלוח הקרוב? כן/לא","אתם מזמינים מאיתנו מאצ'ה, דיטוקס, פרש — ומחית פרי ODK אף פעם לא נכנסה להזמנה. 53.2% מבתי קפה שמוכרים מאצ'ה וסמוזי קונים מחית פרי ODK.","אני קופץ אליכם לרבע שעה ומראה לבריסטה את אייס מאצ'ה תות על ODK Strawberry Smoothie 1000ml — ₪6.46 עלות רכיבים לכוס, ₪39 בתפריט, 80% רווח. אם זה עובד, אני מוסיף את זה למשלוח הקרוב.",רוחב — קו חדש,,
2026-11-26,חמישי,תום,וואטסאפ — תום,וואטסאפ 1,"צייט פור ברוט בע""מ",T3,רוחב,תה בלבד,מרכז,ראשון/שני/חמישי,DETOX 1 ל׳ ₪65 ⚠מלאי0,GT-LUI-LOW-1L,,,תפריט קטגוריה · כרטיס מתכון · דף ציוד לאבקות,1038,3276,,,"היי צייט פור ברוט, עברתי על ההזמנות שלכם. דיטוקס אף פעם לא נכנסה אליכם, ו-78.8% מבתי עסק שמוכרים בעיקר תה קר קונים דיטוקס. שווה ₪1,038 בשנה. להוסיף DETOX 1000ml למשלוח הקרוב? כן/לא","אתם מזמינים מאיתנו פרש, אנרג'י, נמסטיאה (צ'אי מסאלה) — ודיטוקס אף פעם לא נכנסה להזמנה. 78.8% מבתי עסק שמוכרים בעיקר תה קר קונים דיטוקס.","אני קופץ אליכם לרבע שעה ומראה לבריסטה את חליטת תות לואיזה על DETOX 1000ml — ₪4.80 עלות רכיבים לכוס, ₪31 בתפריט, 82% רווח. אם זה עובד, אני מוסיף את זה למשלוח הקרוב.",רוחב — קו חדש,,
2026-11-26,חמישי,תום,וואטסאפ — תום,וואטסאפ 1,"(Coffee Point) פינס בייקרי בע""מ",T3,רוחב,ספיישלטי,מרכז,ראשון/שני/חמישי,מאצ׳ה 500g ₪590,GT-SHI-CER-500,,,תפריט קטגוריה · כרטיס מתכון · דף ציוד לאבקות,862,1937,,,"היי פינס בייקרי, עברתי על ההזמנות שלכם. מאצ'ה אף פעם לא נכנסה אליכם, ו-93.5% מבתי קפה שמוכרים מאצ'ה וסמוזי קונים מאצ'ה. שווה ₪862 בשנה. להוסיף Shizuoka Ceremonial Matcha Bag 500g למשלוח הקרוב? כן/לא","אתם מזמינים מאיתנו מחית פרי ODK, פרש, דיטוקס — ומאצ'ה אף פעם לא נכנסה להזמנה. 93.5% מבתי קפה שמוכרים מאצ'ה וסמוזי קונים מאצ'ה.","אני קופץ אליכם לרבע שעה ומראה לבריסטה את אייס מאצ'ה קלאסי על Shizuoka Ceremonial Matcha Bag 500g — ₪4.26 עלות רכיבים לכוס, ₪26 בתפריט, 81% רווח. אם זה עובד, אני מוסיף את זה למשלוח הקרוב.",רוחב — קו חדש,,
2026-11-26,חמישי,תום,וואטסאפ — תום,וואטסאפ 1,"פטלינה בע""מ",T3,רוחב,תה בלבד,מרכז,ראשון/שני/חמישי,FRESH 1 ל׳ ₪65 ⚠מלאי0,GT-HIB-LOW-1L,,,תפריט קטגוריה · כרטיס מתכון · דף ציוד לאבקות,805,4026,,,"היי פטלינה, עברתי על ההזמנות שלכם. פרש אף פעם לא נכנסה אליכם, ו-77.0% מבתי עסק שמוכרים בעיקר תה קר קונים פרש. שווה ₪805 בשנה. להוסיף FRESH 1000ml למשלוח הקרוב? כן/לא",אתם מזמינים מאיתנו דיטוקס — ופרש אף פעם לא נכנסה להזמנה. 77.0% מבתי עסק שמוכרים בעיקר תה קר קונים פרש.,"אני קופץ אליכם לרבע שעה ומראה לבריסטה את חליטת היביסקוס וליים על FRESH 1000ml — ₪3.25 עלות רכיבים לכוס, ₪20 בתפריט, 81% רווח. אם זה עובד, אני מוסיף את זה למשלוח הקרוב.",רוחב — קו חדש,,
2026-11-26,חמישי,תום,וואטסאפ — תום,וואטסאפ 1,"איטלקיה בפקריס בע""מ (פיאטו)",T3,רוחב,תה בלבד,מרכז,ראשון/שני/חמישי,DETOX 1 ל׳ ₪65 ⚠מלאי0,GT-LUI-LOW-1L,,,תפריט קטגוריה · כרטיס מתכון · דף ציוד לאבקות,800,2524,,,"היי איטלקיה בפקריס, עברתי על ההזמנות שלכם. דיטוקס אף פעם לא נכנסה אליכם, ו-78.8% מבתי עסק שמוכרים בעיקר תה קר קונים דיטוקס. שווה ₪800 בשנה. להוסיף DETOX 1000ml למשלוח הקרוב? כן/לא","אתם מזמינים מאיתנו פרש, נמסטיאה (צ'אי מסאלה), קונשסנס — ודיטוקס אף פעם לא נכנסה להזמנה. 78.8% מבתי עסק שמוכרים בעיקר תה קר קונים דיטוקס.","אני קופץ אליכם לרבע שעה ומראה לבריסטה את חליטת תות לואיזה על DETOX 1000ml — ₪4.80 עלות רכיבים לכוס, ₪31 בתפריט, 82% רווח. אם זה עובד, אני מוסיף את זה למשלוח הקרוב.",רוחב — קו חדש,,
2026-11-26,חמישי,תום,וואטסאפ — תום,וואטסאפ 1,"משק ימיני (ג.ל.י גפן בע""מ)",T3,רוחב,תה בלבד,מרכז,ראשון/שני/חמישי,FRESH 1 ל׳ ₪65 ⚠מלאי0,GT-HIB-LOW-1L,,,תפריט קטגוריה · כרטיס מתכון · דף ציוד לאבקות,723,3615,,,"היי משק ימיני, עברתי על ההזמנות שלכם. פרש אף פעם לא נכנסה אליכם, ו-77.0% מבתי עסק שמוכרים בעיקר תה קר קונים פרש. שווה ₪723 בשנה. להוסיף FRESH 1000ml למשלוח הקרוב? כן/לא","אתם מזמינים מאיתנו דיטוקס, נמסטיאה (צ'אי מסאלה), אנרג'י — ופרש אף פעם לא נכנסה להזמנה. 77.0% מבתי עסק שמוכרים בעיקר תה קר קונים פרש.","אני קופץ אליכם לרבע שעה ומראה לבריסטה את חליטת היביסקוס וליים על FRESH 1000ml — ₪3.25 עלות רכיבים לכוס, ₪20 בתפריט, 81% רווח. אם זה עובד, אני מוסיף את זה למשלוח הקרוב.",רוחב — קו חדש,,
2026-11-26,חמישי,תום,וואטסאפ — תום,וואטסאפ 1,"טואר בנמל בע""מ (פו סושי - FU)",T3,רוחב,תה בלבד,מרכז,ראשון/שני/חמישי,DETOX 1 ל׳ ₪65 ⚠מלאי0,GT-LUI-LOW-1L,,,תפריט קטגוריה · כרטיס מתכון · דף ציוד לאבקות,696,2196,,,"היי טואר בנמל, עברתי על ההזמנות שלכם. דיטוקס אף פעם לא נכנסה אליכם, ו-78.8% מבתי עסק שמוכרים בעיקר תה קר קונים דיטוקס. שווה ₪696 בשנה. להוסיף DETOX 1000ml למשלוח הקרוב? כן/לא",אתם מזמינים מאיתנו ריווייב — ודיטוקס אף פעם לא נכנסה להזמנה. 78.8% מבתי עסק שמוכרים בעיקר תה קר קונים דיטוקס.,"אני קופץ אליכם לרבע שעה ומראה לבריסטה את חליטת תות לואיזה על DETOX 1000ml — ₪4.80 עלות רכיבים לכוס, ₪31 בתפריט, 82% רווח. אם זה עובד, אני מוסיף את זה למשלוח הקרוב.",רוחב — קו חדש,,
2026-11-26,חמישי,תום,וואטסאפ — תום,וואטסאפ 1,פסיליטי,T3,רוחב,תה בלבד,מרכז,ראשון/שני/חמישי,DETOX 1 ל׳ ₪65 ⚠מלאי0,GT-LUI-LOW-1L,,,תפריט קטגוריה · כרטיס מתכון · דף ציוד לאבקות,694,2191,,,"היי פסיליטי, עברתי על ההזמנות שלכם. דיטוקס אף פעם לא נכנסה אליכם, ו-78.8% מבתי עסק שמוכרים בעיקר תה קר קונים דיטוקס. שווה ₪694 בשנה. להוסיף DETOX 1000ml למשלוח הקרוב? כן/לא","אתם מזמינים מאיתנו פרש, אנרג'י, נמסטיאה (צ'אי מסאלה) — ודיטוקס אף פעם לא נכנסה להזמנה. 78.8% מבתי עסק שמוכרים בעיקר תה קר קונים דיטוקס.","אני קופץ אליכם לרבע שעה ומראה לבריסטה את חליטת תות לואיזה על DETOX 1000ml — ₪4.80 עלות רכיבים לכוס, ₪31 בתפריט, 82% רווח. אם זה עובד, אני מוסיף את זה למשלוח הקרוב.",רוחב — קו חדש,,
2026-11-26,חמישי,תום,וואטסאפ — תום,וואטסאפ 1,בילגי בע״מ (קפה לורן),T3,רוחב,ספיישלטי,מרכז,ראשון/שני/חמישי,מחית תות ₪60,GT-ODK-STR-1,,,תפריט קטגוריה · כרטיס מתכון · דף ציוד לאבקות,624,7024,,,"היי בילגי, עברתי על ההזמנות שלכם. מחית פרי ODK אף פעם לא נכנסה אליכם, ו-53.2% מבתי קפה שמוכרים מאצ'ה וסמוזי קונים מחית פרי ODK. שווה ₪624 בשנה. להוסיף ODK Strawberry Smoothie 1000ml למשלוח הקרוב? כן/לא","אתם מזמינים מאיתנו מאצ'ה, דיטוקס, נמסטיאה (צ'אי מסאלה) — ומחית פרי ODK אף פעם לא נכנסה להזמנה. 53.2% מבתי קפה שמוכרים מאצ'ה וסמוזי קונים מחית פרי ODK.","אני קופץ אליכם לרבע שעה ומראה לבריסטה את אייס מאצ'ה תות על ODK Strawberry Smoothie 1000ml — ₪6.46 עלות רכיבים לכוס, ₪39 בתפריט, 80% רווח. אם זה עובד, אני מוסיף את זה למשלוח הקרוב.",רוחב — קו חדש,,
2026-11-29,ראשון,אבי,פגישה — אלכס + אבי,מעקב 1 — אבי,"קבוצת מור דן פוד בע""מ (שי קדוש)",T1,עומק,ספיישלטי,דרום,רביעי,DETOX 1 ל׳ ₪65 ⚠מלאי0,GT-LUI-LOW-1L,מחית תות ₪60,,תפריט הקטגוריה של המשפחה,7957,82893,,,,,אני מוסיף DETOX 1000ml — יחידה אחת למשלוח הקרוב שלכם. שום דבר אחר בהזמנה לא משתנה.,,,
2026-11-29,ראשון,תום,וואטסאפ — תום,וואטסאפ 3 — סגירה,לחם סער,T3,עומק,תה בלבד,צפון,שלישי,GT-LUI-LOW-0.5L,GT-LUI-LOW-0.5L,,,תפריט הקטגוריה של המשפחה,604,3564,,,,,אני מוסיף DETOX 500ml — 3 יחידות למשלוח הקרוב שלכם. שום דבר אחר בהזמנה לא משתנה.,,,
2026-11-29,ראשון,תום,וואטסאפ — תום,וואטסאפ 3 — סגירה,"נאדי בתי קפה בע""מ",T3,עומק,תה בלבד,דרום,רביעי,NAMASTEA 1 ל׳ ₪65,GT-MAS-CHA-1L,,,תפריט הקטגוריה של המשפחה,507,4763,,,,,אני מוסיף NAMASTEA 1000ml — יחידה אחת למשלוח הקרוב שלכם. שום דבר אחר בהזמנה לא משתנה.,,,
2026-11-29,ראשון,תום,וואטסאפ — תום,וואטסאפ 3 — סגירה,"אסייתית באשדוד בע""מ Sazanca",T3,רוחב,תה בלבד,דרום,רביעי,DETOX 1 ל׳ ₪65 ⚠מלאי0,GT-LUI-LOW-1L,FRESH 1 ל׳ ₪65 ⚠מלאי0 · NAMASTEA 1 ל׳ ₪65,,תפריט קטגוריה · כרטיס מתכון · דף ציוד לאבקות,13101,15258,,,,,"אני קופץ אליכם לרבע שעה ומראה לבריסטה את חליטת תות לואיזה על DETOX 1000ml — ₪4.80 עלות רכיבים לכוס, ₪31 בתפריט, 82% רווח. אם זה עובד, אני מוסיף את זה למשלוח הקרוב.",,,
2026-11-29,ראשון,תום,וואטסאפ — תום,וואטסאפ 3 — סגירה,"ENSō - אסייתית במודיעין בע""מ (אנזו)",T3,רוחב,תה בלבד,דרום,רביעי,DETOX 1 ל׳ ₪65 ⚠מלאי0,GT-LUI-LOW-1L,FRESH 1 ל׳ ₪65 ⚠מלאי0 · NAMASTEA 1 ל׳ ₪65,,תפריט קטגוריה · כרטיס מתכון · דף ציוד לאבקות,6485,8052,,,,,"אני קופץ אליכם לרבע שעה ומראה לבריסטה את חליטת תות לואיזה על DETOX 1000ml — ₪4.80 עלות רכיבים לכוס, ₪31 בתפריט, 82% רווח. אם זה עובד, אני מוסיף את זה למשלוח הקרוב.",,,
2026-11-29,ראשון,תום,וואטסאפ — תום,וואטסאפ 3 — סגירה,"בית העם קונדיטוריה ויין בע""מ",T3,רוחב,תה בלבד,דרום,רביעי,ENERGY 1 ל׳ ₪65,GT-LEM-LOW-1L,CALM 1 ל׳ ₪65 · REVIVE 1 ל׳ ₪65,,תפריט קטגוריה · כרטיס מתכון · דף ציוד לאבקות,4869,17335,,,,,"אני קופץ אליכם לרבע שעה ומראה לבריסטה את חליטת תה ירוק ולמון גראס על ENERGY 1000ml — ₪3.25 עלות רכיבים לכוס, ₪20 בתפריט, 81% רווח. אם זה עובד, אני מוסיף את זה למשלוח הקרוב.",,,
2026-11-29,ראשון,תום,וואטסאפ — תום,וואטסאפ 3 — סגירה,בריסטה (וגדי טריף),T3,רוחב,ספיישלטי,צפון,שלישי,מחית תות ₪60,GT-ODK-STR-1,UBE 1ק״ג ₪340 · DETOX 1 ל׳ ₪65 ⚠מלאי0,,תפריט קטגוריה · כרטיס מתכון · דף ציוד לאבקות,4205,9835,,,,,"אני קופץ אליכם לרבע שעה ומראה לבריסטה את אייס מאצ'ה תות על ODK Strawberry Smoothie 1000ml — ₪6.46 עלות רכיבים לכוס, ₪39 בתפריט, 80% רווח. אם זה עובד, אני מוסיף את זה למשלוח הקרוב.",,,
2026-11-29,ראשון,תום,וואטסאפ — תום,וואטסאפ 3 — סגירה,נאבי,T3,רוחב,מעורב,מרכז,ראשון/שני/חמישי,סנגריה ורודה 1 ל׳ ₪45,GTCC-PIN-SAN-1L,FRESH 1 ל׳ ₪65 ⚠מלאי0,,תפריט קטגוריה · כרטיס מתכון · דף ציוד לאבקות,3546,15528,,,,,אני מוסיף GT Pink Sangria Cocktail 1000ml — 2 יחידות למשלוח הקרוב שלכם. שום דבר אחר בהזמנה לא משתנה.,,,
2026-11-29,ראשון,תום,וואטסאפ — תום,וואטסאפ 3 — סגירה,נולי עגלת קפה,T3,רוחב,מעורב,מרכז,ראשון/שני/חמישי,מאצ׳ה 500g ₪590,GT-SHI-CER-500,סנגריה ורודה 1 ל׳ ₪45,,תפריט קטגוריה · כרטיס מתכון · דף ציוד לאבקות,3468,9185,,,,,"אני קופץ אליכם לרבע שעה ומראה לבריסטה את אייס מאצ'ה קלאסי על Shizuoka Ceremonial Matcha Bag 500g — ₪4.26 עלות רכיבים לכוס, ₪26 בתפריט, 81% רווח. אם זה עובד, אני מוסיף את זה למשלוח הקרוב.",,,
2026-11-29,ראשון,תום,וואטסאפ — תום,וואטסאפ 3 — סגירה,ת.מ דרום בע''מ (אוליבר עגלת קפה),T3,רוחב,תה בלבד,דרום,רביעי,NAMASTEA 1 ל׳ ₪65,GT-MAS-CHA-1L,ENERGY 1 ל׳ ₪65 · REVIVE 1 ל׳ ₪65,,תפריט קטגוריה · כרטיס מתכון · דף ציוד לאבקות,3302,10016,,,,,"אני קופץ אליכם לרבע שעה ומראה לבריסטה את לימונדת צ'אי מסאלה על NAMASTEA 1000ml — ₪3.95 עלות רכיבים לכוס, ₪22 בתפריט, 79% רווח. אם זה עובד, אני מוסיף את זה למשלוח הקרוב.",,,
2026-11-29,ראשון,תום,וואטסאפ — תום,וואטסאפ 2 — תוכן אחר,"זיגו קפה מאפיה מטבח מקומי בע""מ (זיגו)",T3,רוחב,תה בלבד,צפון,שלישי,ENERGY 1 ל׳ ₪65,GT-LEM-LOW-1L,CONSCIOUSNESS 1 ל׳ ₪65,,תפריט קטגוריה · כרטיס מתכון · דף ציוד לאבקות,2726,18563,,,,,,,,
2026-11-29,ראשון,תום,משימת מערכת,משימת מערכת,לוח התוצאות השבועי — q4_scoreboard.py,—,—,,,,,,,,,,,,,,,,נקרא עם תמונת התזרים של ראשון,,
2026-11-30,שני,אבי,פגישה — אלכס + אבי,מעקב 2 — סגירה,נורד,T1,עומק,תה בלבד,מרכז,ראשון/שני/חמישי,NAMASTEA 1 ל׳ ₪65,GT-MAS-CHA-1L,GT-LEM-LOW-0.5L · DESERTEA 1 ל׳ ₪65,,תפריט הקטגוריה של המשפחה,10471,64736,,,,,אני מוסיף NAMASTEA 1000ml — 2 יחידות לסניף (6 לרשת) למשלוח הקרוב שלכם. שום דבר אחר בהזמנה לא משתנה.,,,
2026-11-30,שני,אלכס+אבי,פגישה — אלכס + אבי,פגישה משותפת,ביסקוטי,T1,רוחב,ספיישלטי,מרכז,ראשון/שני/חמישי,NAMASTEA 1 ל׳ ₪65,GT-MAS-CHA-1L,DETOX 1 ל׳ ₪65 ⚠מלאי0 · סנגריה ורודה 1 ל׳ ₪45,,תפריט קטגוריה · כרטיס מתכון · דף ציוד לאבקות,6537,32550,,,"היי ביסקוטי, עברתי על ההזמנות שלכם. נמסטיאה (צ'אי מסאלה) אף פעם לא נכנסה אליכם, ו-55.8% מבתי עסק שמוכרים בעיקר תה קר קונים נמסטיאה (צ'אי מסאלה). שווה ₪3,502 בשנה. להוסיף NAMASTEA 1000ml למשלוח הקרוב? כן/לא","7 סניפים שלכם מזמינים מאיתנו, ונמסטיאה (צ'אי מסאלה) לא נכנסה לאף אחד מהם. 55.8% מבתי עסק שמוכרים בעיקר תה קר קונים נמסטיאה (צ'אי מסאלה).","אני קופץ אליכם לרבע שעה ומראה לבריסטה את אייס מאצ'ה מסאלה על NAMASTEA 1000ml — ₪6.86 עלות רכיבים לכוס, ₪37 בתפריט, 78% רווח. אם זה עובד, אני מוסיף את זה למשלוח הקרוב.",הרחבת חשבון אסטרטגי,,
2026-11-30,שני,תום,וואטסאפ — תום,וואטסאפ 3 — סגירה,"אסייתית במושבה בע""מ (נאי-לון Nay-Lon)",T3,רוחב,תה בלבד,מרכז,ראשון/שני/חמישי,DETOX 1 ל׳ ₪65 ⚠מלאי0,GT-LUI-LOW-1L,FRESH 1 ל׳ ₪65 ⚠מלאי0 · NAMASTEA 1 ל׳ ₪65,,תפריט קטגוריה · כרטיס מתכון · דף ציוד לאבקות,3273,5124,,,,,"אני קופץ אליכם לרבע שעה ומראה לבריסטה את חליטת תות לואיזה על DETOX 1000ml — ₪4.80 עלות רכיבים לכוס, ₪31 בתפריט, 82% רווח. אם זה עובד, אני מוסיף את זה למשלוח הקרוב.",,,
2026-11-30,שני,תום,וואטסאפ — תום,וואטסאפ 3 — סגירה,מיכאל הררי (זולא),T3,רוחב,מעורב,מרכז,ראשון/שני/חמישי,DETOX 1 ל׳ ₪65 ⚠מלאי0,GT-LUI-LOW-1L,NAMASTEA 1 ל׳ ₪65 · סנגריה ורודה 1 ל׳ ₪45,,תפריט קטגוריה · כרטיס מתכון · דף ציוד לאבקות,3253,5605,,,,,"אני קופץ אליכם לרבע שעה ומראה לבריסטה את חליטת תות לואיזה על DETOX 1000ml — ₪4.80 עלות רכיבים לכוס, ₪31 בתפריט, 82% רווח. אם זה עובד, אני מוסיף את זה למשלוח הקרוב.",,,
2026-11-30,שני,תום,וואטסאפ — תום,וואטסאפ 3 — סגירה,"קפה זוריק בע""מ (כיכר מילאנו)",T3,רוחב,תה בלבד,מרכז,ראשון/שני/חמישי,ENERGY 1 ל׳ ₪65,GT-LEM-LOW-1L,REVIVE 1 ל׳ ₪65 · CONSCIOUSNESS 1 ל׳ ₪65,,תפריט קטגוריה · כרטיס מתכון · דף ציוד לאבקות,2738,13176,,,,,"אני קופץ אליכם לרבע שעה ומראה לבריסטה את חליטת תה ירוק ולמון גראס על ENERGY 1000ml — ₪3.25 עלות רכיבים לכוס, ₪20 בתפריט, 81% רווח. אם זה עובד, אני מוסיף את זה למשלוח הקרוב.",,,
2026-11-30,שני,תום,וואטסאפ — תום,וואטסאפ 3 — סגירה,יונייטד פאסט קז'ואל אינק (פוקי סניף הרצליה),T3,רוחב,תה בלבד,מרכז,ראשון/שני/חמישי,NAMASTEA 1 ל׳ ₪65,GT-MAS-CHA-1L,ENERGY 1 ל׳ ₪65 · CALM 1 ל׳ ₪65,,תפריט קטגוריה · כרטיס מתכון · דף ציוד לאבקות,2175,7535,,,,,"אני קופץ אליכם לרבע שעה ומראה לבריסטה את לימונדת צ'אי מסאלה על NAMASTEA 1000ml — ₪3.95 עלות רכיבים לכוס, ₪22 בתפריט, 79% רווח. אם זה עובד, אני מוסיף את זה למשלוח הקרוב.",,,
2026-11-30,שני,תום,וואטסאפ — תום,וואטסאפ 2 — תוכן אחר,אבני עמית ואלפסי שחף (קפה דאז),T3,רוחב,מעורב,צפון,שלישי,DETOX 1 ל׳ ₪65 ⚠מלאי0,GT-LUI-LOW-1L,,,תפריט קטגוריה · כרטיס מתכון · דף ציוד לאבקות,2151,9314,,,,,,,,
2026-11-30,שני,תום,וואטסאפ — תום,וואטסאפ 3 — סגירה,"פטיט פוד בע""מ (קפה ארצי)",T3,רוחב,תה בלבד,מרכז,ראשון/שני/חמישי,CALM 1 ל׳ ₪65,GT-CHA-LOW-1L,ENERGY 1 ל׳ ₪65 · REVIVE 1 ל׳ ₪65,,תפריט קטגוריה · כרטיס מתכון · דף ציוד לאבקות,2101,9227,,,,,"אני קופץ אליכם לרבע שעה ומראה לבריסטה את חליטת קמומיל ותפוח על CALM 1000ml — ₪3.25 עלות רכיבים לכוס, ₪20 בתפריט, 81% רווח. אם זה עובד, אני מוסיף את זה למשלוח הקרוב.",,,
2026-11-30,שני,תום,וואטסאפ — תום,וואטסאפ 3 — סגירה,קפה וכו׳ בע״מ (קפה עם),T3,רוחב,תה בלבד,מרכז,ראשון/שני/חמישי,ENERGY 1 ל׳ ₪65,GT-LEM-LOW-1L,REVIVE 1 ל׳ ₪65,,תפריט קטגוריה · כרטיס מתכון · דף ציוד לאבקות,2070,13391,,,,,"אני קופץ אליכם לרבע שעה ומראה לבריסטה את חליטת תה ירוק ולמון גראס על ENERGY 1000ml — ₪3.25 עלות רכיבים לכוס, ₪20 בתפריט, 81% רווח. אם זה עובד, אני מוסיף את זה למשלוח הקרוב.",,,
2026-11-30,שני,תום,וואטסאפ — תום,וואטסאפ 3 — סגירה,"עגלת קפה על המזח (טים טראק בע""מ)",T3,רוחב,ספיישלטי,מרכז,ראשון/שני/חמישי,מחית תות ₪60,GT-ODK-STR-1,DETOX 1 ל׳ ₪65 ⚠מלאי0 · FRESH 1 ל׳ ₪65 ⚠מלאי0,,תפריט קטגוריה · כרטיס מתכון · דף ציוד לאבקות,1916,6815,,,,,"אני קופץ אליכם לרבע שעה ומראה לבריסטה את אייס מאצ'ה תות על ODK Strawberry Smoothie 1000ml — ₪6.46 עלות רכיבים לכוס, ₪39 בתפריט, 80% רווח. אם זה עובד, אני מוסיף את זה למשלוח הקרוב.",,,
2026-11-30,שני,תום,וואטסאפ — תום,וואטסאפ 2 — תוכן אחר,בלה מאפיה,T3,רוחב,תה בלבד,צפון,שלישי,DETOX 1 ל׳ ₪65 ⚠מלאי0,GT-LUI-LOW-1L,FRESH 1 ל׳ ₪65 ⚠מלאי0,,תפריט קטגוריה · כרטיס מתכון · דף ציוד לאבקות,1702,3294,,,,,,,,
2026-11-30,שני,תום,וואטסאפ — תום,וואטסאפ 2 — תוכן אחר,Amore,T3,רוחב,תה בלבד,צפון,שלישי,ENERGY 1 ל׳ ₪65,GT-LEM-LOW-1L,REVIVE 1 ל׳ ₪65,,תפריט קטגוריה · כרטיס מתכון · דף ציוד לאבקות,1693,10953,,,,,,,,
2026-12-01,שלישי,אבי,פגישה — אלכס + אבי,סגירת שנה — הזמנה חוזרת + פותח 2027,נונומימי,T1,החלפת מוזה,מעורב,מרכז,ראשון/שני/חמישי,סנגריה נונומימי ₪38,GTCC-NON-SAN-1L,,M3 סנגריה ורודה,כרטיסי הגשה FRESH/CALM · מפת המעבר ממוזה · דף סנגריה ורודה,72279,505061,27705,12902,,,,חלונות המשלוח האחרונים,,
2026-12-01,שלישי,אבי,פגישה — אלכס + אבי,סגירת שנה — הזמנה חוזרת + פותח 2027,בבקה,T1,החלפת מוזה,ספיישלטי,מרכז,ראשון/שני/חמישי,CALM 1 ל׳ ₪65,GT-CHA-LOW-1L,FRESH 1 ל׳ ₪65 ⚠מלאי0 · סנגריה ורודה 1 ל׳ ₪45,"M1 אותו בקבוק, תפריט ערב · M3 סנגריה ורודה",כרטיסי הגשה FRESH/CALM · מפת המעבר ממוזה · דף סנגריה ורודה,41963,187881,22920,18257,,,,חלונות המשלוח האחרונים,,
2026-12-01,שלישי,אבי,פגישה — אלכס + אבי,סגירת שנה — הזמנה חוזרת + פותח 2027,R2M,T1,עומק,תה בלבד,מרכז,ראשון/שני/חמישי,NAMASTEA 1 ל׳ ₪65,GT-MAS-CHA-1L,REVIVE 1 ל׳ ₪65 · FRESH 1 ל׳ ₪65 ⚠מלאי0,,תפריט הקטגוריה של המשפחה,21947,120726,,,,,,חלונות המשלוח האחרונים,,
2026-12-01,שלישי,אבי,פגישה — אלכס + אבי,סגירת שנה — הזמנה חוזרת + פותח 2027,קפה גן סיפור,T1,רוחב,מעורב,מרכז,ראשון/שני/חמישי,סנגריה ורודה 1 ל׳ ₪45,GTCC-PIN-SAN-1L,מחית תות ₪60 · CALM 1 ל׳ ₪65,,תפריט קטגוריה · כרטיס מתכון · דף ציוד לאבקות,15557,102922,,,,,,חלונות המשלוח האחרונים,,
2026-12-01,שלישי,תום,וואטסאפ — תום,וואטסאפ 3 — סגירה,"(נוצ' נודלס בע""מ) 'נוצ - NOOCH",T3,רוחב,תה בלבד,מרכז,ראשון/שני/חמישי,DETOX 1 ל׳ ₪65 ⚠מלאי0,GT-LUI-LOW-1L,FRESH 1 ל׳ ₪65 ⚠מלאי0,,תפריט קטגוריה · כרטיס מתכון · דף ציוד לאבקות,1892,3660,,,,,"אני קופץ אליכם לרבע שעה ומראה לבריסטה את חליטת תות לואיזה על DETOX 1000ml — ₪4.80 עלות רכיבים לכוס, ₪31 בתפריט, 82% רווח. אם זה עובד, אני מוסיף את זה למשלוח הקרוב.",,,
2026-12-01,שלישי,תום,וואטסאפ — תום,וואטסאפ 3 — סגירה,"גן סיפור פארק משפחות בע""מ",T3,רוחב,מעורב,מרכז,ראשון/שני/חמישי,סנגריה ורודה 1 ל׳ ₪45,GTCC-PIN-SAN-1L,,,תפריט קטגוריה · כרטיס מתכון · דף ציוד לאבקות,1827,11724,,,,,אני מוסיף GT Pink Sangria Cocktail 1000ml — 2 יחידות למשלוח הקרוב שלכם. שום דבר אחר בהזמנה לא משתנה.,,,
2026-12-01,שלישי,תום,וואטסאפ — תום,וואטסאפ 3 — סגירה,"קפה אלג'יר בע""מ",T3,רוחב,תה בלבד,מרכז,ראשון/שני/חמישי,FRESH 1 ל׳ ₪65 ⚠מלאי0,GT-HIB-LOW-1L,ENERGY 1 ל׳ ₪65,,תפריט קטגוריה · כרטיס מתכון · דף ציוד לאבקות,1737,5915,,,,,"אני קופץ אליכם לרבע שעה ומראה לבריסטה את חליטת היביסקוס וליים על FRESH 1000ml — ₪3.25 עלות רכיבים לכוס, ₪20 בתפריט, 81% רווח. אם זה עובד, אני מוסיף את זה למשלוח הקרוב.",,,
2026-12-01,שלישי,תום,וואטסאפ — תום,וואטסאפ 3 — סגירה,"ק.ג. עוגן גלעד בע""מ (מסעדה רנו אמיליה)",T3,רוחב,תה בלבד,מרכז,ראשון/שני/חמישי,FRESH 1 ל׳ ₪65 ⚠מלאי0,GT-HIB-LOW-1L,NAMASTEA 1 ל׳ ₪65,,תפריט קטגוריה · כרטיס מתכון · דף ציוד לאבקות,1649,5124,,,,,"אני קופץ אליכם לרבע שעה ומראה לבריסטה את חליטת היביסקוס וליים על FRESH 1000ml — ₪3.25 עלות רכיבים לכוס, ₪20 בתפריט, 81% רווח. אם זה עובד, אני מוסיף את זה למשלוח הקרוב.",,,
2026-12-01,שלישי,תום,וואטסאפ — תום,וואטסאפ 2 — תוכן אחר,דודה איתי דמתי (קפה דודה),T3,רוחב,תה בלבד,מרכז,ראשון/שני/חמישי,DETOX 1 ל׳ ₪65 ⚠מלאי0,GT-LUI-LOW-1L,,,תפריט קטגוריה · כרטיס מתכון · דף ציוד לאבקות,1219,3848,,,,,,,,
2026-12-01,שלישי,תום,וואטסאפ — תום,וואטסאפ 2 — תוכן אחר,6 במאי בע״מ,T3,רוחב,ספיישלטי,מרכז,ראשון/שני/חמישי,DETOX 1 ל׳ ₪65 ⚠מלאי0,GT-LUI-LOW-1L,NAMASTEA 1 ל׳ ₪65,,תפריט קטגוריה · כרטיס מתכון · דף ציוד לאבקות,1204,5740,,,,,,,,
2026-12-01,שלישי,תום,וואטסאפ — תום,וואטסאפ 2 — תוכן אחר,פינת הבילויים (״פינתה קפה ולחם בע״מ״),T3,רוחב,תה בלבד,דרום,רביעי,ENERGY 1 ל׳ ₪65,GT-LEM-LOW-1L,CALM 1 ל׳ ₪65,,תפריט קטגוריה · כרטיס מתכון · דף ציוד לאבקות,1196,7176,,,,,,,,
2026-12-01,שלישי,תום,וואטסאפ — תום,וואטסאפ 2 — תוכן אחר,"ח.צ. סושי בר בע""מ (אוקינאווה לבונטין)",T3,רוחב,תה בלבד,מרכז,ראשון/שני/חמישי,DETOX 1 ל׳ ₪65 ⚠מלאי0,GT-LUI-LOW-1L,,,תפריט קטגוריה · כרטיס מתכון · דף ציוד לאבקות,1112,3510,,,,,,,,
2026-12-01,שלישי,תום,וואטסאפ — תום,וואטסאפ 2 — תוכן אחר,גן סיפור פתח תקווה,T3,רוחב,ספיישלטי,מרכז,ראשון/שני/חמישי,מחית תות ₪60,GT-ODK-STR-1,,,תפריט קטגוריה · כרטיס מתכון · דף ציוד לאבקות,1058,11918,,,,,,,,
2026-12-01,שלישי,תום,וואטסאפ — תום,וואטסאפ 2 — תוכן אחר,"צייט פור ברוט בע""מ",T3,רוחב,תה בלבד,מרכז,ראשון/שני/חמישי,DETOX 1 ל׳ ₪65 ⚠מלאי0,GT-LUI-LOW-1L,,,תפריט קטגוריה · כרטיס מתכון · דף ציוד לאבקות,1038,3276,,,,,,,,
2026-12-02,רביעי,אבי,פגישה — אלכס + אבי,סגירת שנה — הזמנה חוזרת + פותח 2027,ויוינו,T1,רוחב,תה בלבד,מרכז,ראשון/שני/חמישי,FRESH 1 ל׳ ₪65 ⚠מלאי0,GT-HIB-LOW-1L,NAMASTEA 1 ל׳ ₪65 · CONSCIOUSNESS 1 ל׳ ₪65,,תפריט קטגוריה · כרטיס מתכון · דף ציוד לאבקות,30202,86056,,,,,,חלונות המשלוח האחרונים,,
2026-12-02,רביעי,אבי,פגישה — אלכס + אבי,סגירת שנה — הזמנה חוזרת + פותח 2027,נורד,T1,עומק,תה בלבד,מרכז,ראשון/שני/חמישי,NAMASTEA 1 ל׳ ₪65,GT-MAS-CHA-1L,GT-LEM-LOW-0.5L · DESERTEA 1 ל׳ ₪65,,תפריט הקטגוריה של המשפחה,10471,64736,,,,,,חלונות המשלוח האחרונים,,
2026-12-02,רביעי,אבי,פגישה — אלכס + אבי,סגירת שנה — הזמנה חוזרת + פותח 2027,וויקס,T1,רוחב,תה בלבד,מרכז,ראשון/שני/חמישי,CONSCIOUSNESS 1 ל׳ ₪65,GT-JAS-LOW-1L,FRESH 1 ל׳ ₪65 ⚠מלאי0 · REVIVE 1 ל׳ ₪65,,תפריט קטגוריה · כרטיס מתכון · דף ציוד לאבקות,10659,64254,,,,,,חלונות המשלוח האחרונים,,
2026-12-02,רביעי,אבי,פגישה — אלכס + אבי,סגירת שנה — הזמנה חוזרת + פותח 2027,דניאל שור (קפה פיורי),T1,עומק,ספיישלטי,מרכז,ראשון/שני/חמישי,DESERTEA 1 ל׳ ₪65,GT-INF-DES-1L,DETOX 1 ל׳ ₪65 ⚠מלאי0 · FRESH 1 ל׳ ₪65 ⚠מלאי0,,תפריט הקטגוריה של המשפחה,6359,53967,,,,,,חלונות המשלוח האחרונים,,
2026-12-02,רביעי,אלכס,משימת מערכת,משימת מערכת,13:00 עם תום — 10 דקות על היעדים,—,—,,,,,,,,,,,,,,,,בפגישה שכבר קיימת,,
2026-12-03,חמישי,אבי,פגישה — אלכס + אבי,מעקב 1 — אבי,ביסקוטי,T1,רוחב,ספיישלטי,מרכז,ראשון/שני/חמישי,NAMASTEA 1 ל׳ ₪65,GT-MAS-CHA-1L,DETOX 1 ל׳ ₪65 ⚠מלאי0 · סנגריה ורודה 1 ל׳ ₪45,,תפריט קטגוריה · כרטיס מתכון · דף ציוד לאבקות,6537,32550,,,,,"אני קופץ אליכם לרבע שעה ומראה לבריסטה את אייס מאצ'ה מסאלה על NAMASTEA 1000ml — ₪6.86 עלות רכיבים לכוס, ₪37 בתפריט, 78% רווח. אם זה עובד, אני מוסיף את זה למשלוח הקרוב.",,,
2026-12-03,חמישי,אבי,פגישה — אלכס + אבי,סגירת שנה — הזמנה חוזרת + פותח 2027,בר קפה 58,T1,החלפת מוזה,תה בלבד,מרכז,ראשון/שני/חמישי,CALM 1 ל׳ ₪65,GT-CHA-LOW-1L,FRESH 1 ל׳ ₪65 ⚠מלאי0 · סנגריה ורודה 1 ל׳ ₪45,"M1 אותו בקבוק, תפריט ערב · M3 סנגריה ורודה",כרטיסי הגשה FRESH/CALM · מפת המעבר ממוזה · דף סנגריה ורודה,25970,51973,20186,16080,,,,חלונות המשלוח האחרונים,,
2026-12-03,חמישי,אבי,פגישה — אלכס + אבי,סגירת שנה — הזמנה חוזרת + פותח 2027,בני ככר,T1,עומק,תה בלבד,מרכז,ראשון/שני/חמישי,GT-LEM-LOW-0.5L,GT-LEM-LOW-0.5L,REVIVE 1 ל׳ ₪65 · DESERTEA 1 ל׳ ₪65,,תפריט הקטגוריה של המשפחה,5464,50142,,,,,,חלונות המשלוח האחרונים,,
2026-12-03,חמישי,אבי,שיחה — אבי,סגירת שנה — הזמנה חוזרת + פותח 2027,פתאל,T2,רוחב,תה בלבד,מרכז,ראשון/שני/חמישי,NAMASTEA 1 ל׳ ₪65,GT-MAS-CHA-1L,REVIVE 1 ל׳ ₪65 · CALM 1 ל׳ ₪65,,תפריט קטגוריה · כרטיס מתכון · דף ציוד לאבקות,10404,47304,,,,,,חלונות המשלוח האחרונים,,
2026-12-03,חמישי,תום,וואטסאפ — תום,וואטסאפ 2 — תוכן אחר,"(Coffee Point) פינס בייקרי בע""מ",T3,רוחב,ספיישלטי,מרכז,ראשון/שני/חמישי,מאצ׳ה 500g ₪590,GT-SHI-CER-500,,,תפריט קטגוריה · כרטיס מתכון · דף ציוד לאבקות,862,1937,,,,,,,,
2026-12-03,חמישי,תום,וואטסאפ — תום,וואטסאפ 2 — תוכן אחר,"פטלינה בע""מ",T3,רוחב,תה בלבד,מרכז,ראשון/שני/חמישי,FRESH 1 ל׳ ₪65 ⚠מלאי0,GT-HIB-LOW-1L,,,תפריט קטגוריה · כרטיס מתכון · דף ציוד לאבקות,805,4026,,,,,,,,
2026-12-03,חמישי,תום,וואטסאפ — תום,וואטסאפ 2 — תוכן אחר,"איטלקיה בפקריס בע""מ (פיאטו)",T3,רוחב,תה בלבד,מרכז,ראשון/שני/חמישי,DETOX 1 ל׳ ₪65 ⚠מלאי0,GT-LUI-LOW-1L,,,תפריט קטגוריה · כרטיס מתכון · דף ציוד לאבקות,800,2524,,,,,,,,
2026-12-03,חמישי,תום,וואטסאפ — תום,וואטסאפ 2 — תוכן אחר,"משק ימיני (ג.ל.י גפן בע""מ)",T3,רוחב,תה בלבד,מרכז,ראשון/שני/חמישי,FRESH 1 ל׳ ₪65 ⚠מלאי0,GT-HIB-LOW-1L,,,תפריט קטגוריה · כרטיס מתכון · דף ציוד לאבקות,723,3615,,,,,,,,
2026-12-03,חמישי,תום,וואטסאפ — תום,וואטסאפ 2 — תוכן אחר,"טואר בנמל בע""מ (פו סושי - FU)",T3,רוחב,תה בלבד,מרכז,ראשון/שני/חמישי,DETOX 1 ל׳ ₪65 ⚠מלאי0,GT-LUI-LOW-1L,,,תפריט קטגוריה · כרטיס מתכון · דף ציוד לאבקות,696,2196,,,,,,,,
2026-12-03,חמישי,תום,וואטסאפ — תום,וואטסאפ 2 — תוכן אחר,פסיליטי,T3,רוחב,תה בלבד,מרכז,ראשון/שני/חמישי,DETOX 1 ל׳ ₪65 ⚠מלאי0,GT-LUI-LOW-1L,,,תפריט קטגוריה · כרטיס מתכון · דף ציוד לאבקות,694,2191,,,,,,,,
2026-12-03,חמישי,תום,וואטסאפ — תום,וואטסאפ 2 — תוכן אחר,בילגי בע״מ (קפה לורן),T3,רוחב,ספיישלטי,מרכז,ראשון/שני/חמישי,מחית תות ₪60,GT-ODK-STR-1,,,תפריט קטגוריה · כרטיס מתכון · דף ציוד לאבקות,624,7024,,,,,,,,
2026-12-03,חמישי,תום,וואטסאפ — תום,סגירת שנה — הזמנה חוזרת,קפה אנסטסיה בע״מ,T3,רוחב,ספיישלטי,מרכז,ראשון/שני/חמישי,DETOX 1 ל׳ ₪65 ⚠מלאי0,GT-LUI-LOW-1L,NAMASTEA 1 ל׳ ₪65 · FRESH 1 ל׳ ₪65 ⚠מלאי0,,תפריט קטגוריה · כרטיס מתכון · דף ציוד לאבקות,7788,24370,,,,,,,,
2026-12-03,חמישי,תום,וואטסאפ — תום,סגירת שנה — הזמנה חוזרת,ליאוני,T3,רוחב,מעורב,מרכז,ראשון/שני/חמישי,סנגריה ורודה 1 ל׳ ₪45,GTCC-PIN-SAN-1L,GT-INF-DES-0.5L,,תפריט קטגוריה · כרטיס מתכון · דף ציוד לאבקות,4721,24278,,,,,,,,
2026-12-03,חמישי,תום,וואטסאפ — תום,סגירת שנה — הזמנה חוזרת,"אוטוטו (קפה בגרונימן 8 בע""מ)",T3,עומק,תה בלבד,מרכז,ראשון/שני/חמישי,FRESH 1 ל׳ ₪65 ⚠מלאי0,GT-HIB-LOW-1L,ENERGY 1 ל׳ ₪65,,תפריט הקטגוריה של המשפחה,4510,21250,,,,,,,,
2026-12-06,ראשון,אבי,פגישה — אלכס + אבי,סגירת שנה — הזמנה חוזרת + פותח 2027,"קבוצת מור דן פוד בע""מ (שי קדוש)",T1,עומק,ספיישלטי,דרום,רביעי,DETOX 1 ל׳ ₪65 ⚠מלאי0,GT-LUI-LOW-1L,מחית תות ₪60,,תפריט הקטגוריה של המשפחה,7957,82893,,,,,,חלונות המשלוח האחרונים,,
2026-12-06,ראשון,אבי,שיחה — אבי,סגירת שנה — הזמנה חוזרת + פותח 2027,"מולה בוטני בע""מ",T2,עומק,תה בלבד,דרום,רביעי,מחית תות ₪60,GT-ODK-STR-1,GT-JAS-LOW-0.5L · GT-INF-DES-0.5L,,תפריט הקטגוריה של המשפחה,4448,46296,,,,,,חלונות המשלוח האחרונים,,
2026-12-06,ראשון,אבי,שיחה — אבי,סגירת שנה — הזמנה חוזרת + פותח 2027,"קפה נוק (ע.מ.ש בייקרי הרצל בע""מ)",T2,רוחב,ספיישלטי,דרום,רביעי,מחית תות ₪60,GT-ODK-STR-1,CALM 1 ל׳ ₪65 · CONSCIOUSNESS 1 ל׳ ₪65,,תפריט קטגוריה · כרטיס מתכון · דף ציוד לאבקות,6596,40713,,,,,,חלונות המשלוח האחרונים,,
2026-12-06,ראשון,אבי,שיחה — אבי,סגירת שנה — הזמנה חוזרת + פותח 2027,ביער בייקרי,T2,עומק,ספיישלטי,מרכז,ראשון/שני/חמישי,DETOX 1 ל׳ ₪65 ⚠מלאי0,GT-LUI-LOW-1L,מחית תות ₪60 · GT-HIB-FRE-1L,,תפריט הקטגוריה של המשפחה,10031,38770,,,,,,חלונות המשלוח האחרונים,,
2026-12-06,ראשון,תום,וואטסאפ — תום,וואטסאפ 3 — סגירה,"קפה פאזל בע""מ",T3,רוחב,תה בלבד,דרום,רביעי,FRESH 1 ל׳ ₪65 ⚠מלאי0,GT-HIB-LOW-1L,NAMASTEA 1 ל׳ ₪65 · ENERGY 1 ל׳ ₪65,,תפריט קטגוריה · כרטיס מתכון · דף ציוד לאבקות,2433,5856,,,,,"אני קופץ אליכם לרבע שעה ומראה לבריסטה את חליטת היביסקוס וליים על FRESH 1000ml — ₪3.25 עלות רכיבים לכוס, ₪20 בתפריט, 81% רווח. אם זה עובד, אני מוסיף את זה למשלוח הקרוב.",,,
2026-12-06,ראשון,תום,וואטסאפ — תום,וואטסאפ 3 — סגירה,קפה במפעל א.ד.ם בע״מ,T3,רוחב,תה בלבד,דרום,רביעי,DETOX 1 ל׳ ₪65 ⚠מלאי0,GT-LUI-LOW-1L,FRESH 1 ל׳ ₪65 ⚠מלאי0,,תפריט קטגוריה · כרטיס מתכון · דף ציוד לאבקות,2129,4120,,,,,"אני קופץ אליכם לרבע שעה ומראה לבריסטה את חליטת תות לואיזה על DETOX 1000ml — ₪4.80 עלות רכיבים לכוס, ₪31 בתפריט, 82% רווח. אם זה עובד, אני מוסיף את זה למשלוח הקרוב.",,,
2026-12-06,ראשון,תום,וואטסאפ — תום,וואטסאפ 3 — סגירה,קפה שוורצמן,T3,רוחב,ספיישלטי,דרום,רביעי,מחית תות ₪60,GT-ODK-STR-1,CALM 1 ל׳ ₪65,,תפריט קטגוריה · כרטיס מתכון · דף ציוד לאבקות,2031,15233,,,,,"אני קופץ אליכם לרבע שעה ומראה לבריסטה את אייס מאצ'ה תות על ODK Strawberry Smoothie 1000ml — ₪6.46 עלות רכיבים לכוס, ₪39 בתפריט, 80% רווח. אם זה עובד, אני מוסיף את זה למשלוח הקרוב.",,,
2026-12-06,ראשון,תום,וואטסאפ — תום,וואטסאפ 2 — תוכן אחר,קפה 79 (קונטאקט סוכנויות בע״מ),T3,רוחב,ספיישלטי,צפון,שלישי,מאצ׳ה 500g ₪590,GT-SHI-CER-500,,,תפריט קטגוריה · כרטיס מתכון · דף ציוד לאבקות,1621,3642,,,,,,,,
2026-12-06,ראשון,תום,וואטסאפ — תום,וואטסאפ 1,מיקא עגלות קפה (שון בר שלמה),T3,רוחב,ספיישלטי,צפון,שלישי,מאצ׳ה 500g ₪590,GT-SHI-CER-500,,,תפריט קטגוריה · כרטיס מתכון · דף ציוד לאבקות,1322,2970,,,"היי מיקא עגלות קפה, עברתי על ההזמנות שלכם. מאצ'ה אף פעם לא נכנסה אליכם, ו-93.5% מבתי קפה שמוכרים מאצ'ה וסמוזי קונים מאצ'ה. שווה ₪1,322 בשנה. להוסיף Shizuoka Ceremonial Matcha Bag 500g למשלוח הקרוב? כן/לא",אתם מזמינים מאיתנו מחית פרי ODK — ומאצ'ה אף פעם לא נכנסה להזמנה. 93.5% מבתי קפה שמוכרים מאצ'ה וסמוזי קונים מאצ'ה.,"אני קופץ אליכם לרבע שעה ומראה לבריסטה את אייס מאצ'ה קלאסי על Shizuoka Ceremonial Matcha Bag 500g — ₪4.26 עלות רכיבים לכוס, ₪26 בתפריט, 81% רווח. אם זה עובד, אני מוסיף את זה למשלוח הקרוב.",רוחב — קו חדש,,
2026-12-06,ראשון,תום,וואטסאפ — תום,וואטסאפ 1,איתי גוטליב עגלת קפה מישקא,T3,רוחב,תה בלבד,צפון,שלישי,FRESH 1 ל׳ ₪65 ⚠מלאי0,GT-HIB-LOW-1L,,,תפריט קטגוריה · כרטיס מתכון · דף ציוד לאבקות,1296,6478,,,"היי איתי גוטליב עגלת קפה מישקא, עברתי על ההזמנות שלכם. פרש אף פעם לא נכנסה אליכם, ו-77.0% מבתי עסק שמוכרים בעיקר תה קר קונים פרש. שווה ₪1,296 בשנה. להוסיף FRESH 1000ml למשלוח הקרוב? כן/לא","אתם מזמינים מאיתנו נמסטיאה (צ'אי מסאלה), דיטוקס, קאלם — ופרש אף פעם לא נכנסה להזמנה. 77.0% מבתי עסק שמוכרים בעיקר תה קר קונים פרש.","אני קופץ אליכם לרבע שעה ומראה לבריסטה את חליטת היביסקוס וליים על FRESH 1000ml — ₪3.25 עלות רכיבים לכוס, ₪20 בתפריט, 81% רווח. אם זה עובד, אני מוסיף את זה למשלוח הקרוב.",רוחב — קו חדש,,
2026-12-06,ראשון,תום,וואטסאפ — תום,וואטסאפ 1,אירוח והסעדה,T3,רוחב,ספיישלטי,צפון,שלישי,מאצ׳ה 500g ₪590,GT-SHI-CER-500,,,תפריט קטגוריה · כרטיס מתכון · דף ציוד לאבקות,1198,2691,,,"היי אירוח והסעדה, עברתי על ההזמנות שלכם. מאצ'ה אף פעם לא נכנסה אליכם, ו-93.5% מבתי קפה שמוכרים מאצ'ה וסמוזי קונים מאצ'ה. שווה ₪1,198 בשנה. להוסיף Shizuoka Ceremonial Matcha Bag 500g למשלוח הקרוב? כן/לא","אתם מזמינים מאיתנו מחית פרי ODK, פרש, דזרטי — ומאצ'ה אף פעם לא נכנסה להזמנה. 93.5% מבתי קפה שמוכרים מאצ'ה וסמוזי קונים מאצ'ה.","אני קופץ אליכם לרבע שעה ומראה לבריסטה את אייס מאצ'ה קלאסי על Shizuoka Ceremonial Matcha Bag 500g — ₪4.26 עלות רכיבים לכוס, ₪26 בתפריט, 81% רווח. אם זה עובד, אני מוסיף את זה למשלוח הקרוב.",רוחב — קו חדש,,
2026-12-06,ראשון,תום,וואטסאפ — תום,וואטסאפ 1,"בייקרי מקבוצת סינטה בר חיפה בע""מ",T3,רוחב,ספיישלטי,צפון,שלישי,מחית תות ₪60,GT-ODK-STR-1,FRESH 1 ל׳ ₪65 ⚠מלאי0,,תפריט קטגוריה · כרטיס מתכון · דף ציוד לאבקות,1185,7092,,,"היי בייקרי מקבוצת סינטה בר חיפה, עברתי על ההזמנות שלכם. מחית פרי ODK אף פעם לא נכנסה אליכם, ו-53.2% מבתי קפה שמוכרים מאצ'ה וסמוזי קונים מחית פרי ODK. שווה ₪630 בשנה. להוסיף ODK Strawberry Smoothie 1000ml למשלוח הקרוב? כן/לא","אתם מזמינים מאיתנו מאצ'ה, דיטוקס, קונשסנס — ומחית פרי ODK אף פעם לא נכנסה להזמנה. 53.2% מבתי קפה שמוכרים מאצ'ה וסמוזי קונים מחית פרי ODK.","אני קופץ אליכם לרבע שעה ומראה לבריסטה את אייס מאצ'ה תות על ODK Strawberry Smoothie 1000ml — ₪6.46 עלות רכיבים לכוס, ₪39 בתפריט, 80% רווח. אם זה עובד, אני מוסיף את זה למשלוח הקרוב.",רוחב — קו חדש,,
2026-12-06,ראשון,תום,וואטסאפ — תום,וואטסאפ 1,"או.ש בייק אנד ברד בע""מ (Bake &amp; Bread)",T3,רוחב,תה בלבד,צפון,שלישי,CONSCIOUSNESS 1 ל׳ ₪65,GT-JAS-LOW-1L,REVIVE 1 ל׳ ₪65,,תפריט קטגוריה · כרטיס מתכון · דף ציוד לאבקות,1092,9565,,,"היי או.ש בייק אנד ברד, עברתי על ההזמנות שלכם. קונשסנס אף פעם לא נכנסה אליכם, ו-39.4% מבתי עסק שמוכרים בעיקר תה קר קונים קונשסנס. שווה ₪509 בשנה. להוסיף CONSCIOUSNESS 1000ml למשלוח הקרוב? כן/לא","אתם מזמינים מאיתנו דיטוקס, אנרג'י, פרש — וקונשסנס אף פעם לא נכנסה להזמנה. 39.4% מבתי עסק שמוכרים בעיקר תה קר קונים קונשסנס.","אני קופץ אליכם לרבע שעה ומראה לבריסטה את חליטת יסמין וליצ'י על CONSCIOUSNESS 1000ml — ₪3.25 עלות רכיבים לכוס, ₪20 בתפריט, 81% רווח. אם זה עובד, אני מוסיף את זה למשלוח הקרוב.",רוחב — קו חדש,,
2026-12-06,ראשון,תום,וואטסאפ — תום,וואטסאפ 1,סברס חנויות נוחות (אלירן ואטורי),T3,רוחב,ספיישלטי,דרום,רביעי,מחית תות ₪60,GT-ODK-STR-1,,,תפריט קטגוריה · כרטיס מתכון · דף ציוד לאבקות,1023,11515,,,"היי סברס חנויות נוחות, עברתי על ההזמנות שלכם. מחית פרי ODK אף פעם לא נכנסה אליכם, ו-53.2% מבתי קפה שמוכרים מאצ'ה וסמוזי קונים מחית פרי ODK. שווה ₪1,023 בשנה. להוסיף ODK Strawberry Smoothie 1000ml למשלוח הקרוב? כן/לא","אתם מזמינים מאיתנו מאצ'ה, נמסטיאה (צ'אי מסאלה), דיטוקס — ומחית פרי ODK אף פעם לא נכנסה להזמנה. 53.2% מבתי קפה שמוכרים מאצ'ה וסמוזי קונים מחית פרי ODK.","אני קופץ אליכם לרבע שעה ומראה לבריסטה את אייס מאצ'ה תות על ODK Strawberry Smoothie 1000ml — ₪6.46 עלות רכיבים לכוס, ₪39 בתפריט, 80% רווח. אם זה עובד, אני מוסיף את זה למשלוח הקרוב.",רוחב — קו חדש,,
2026-12-06,ראשון,תום,משימת מערכת,משימת מערכת,לוח התוצאות השבועי — q4_scoreboard.py,—,—,,,,,,,,,,,,,,,,נקרא עם תמונת התזרים של ראשון,,
2026-12-07,שני,אבי,פגישה — אלכס + אבי,סגירת שנה — הזמנה חוזרת + פותח 2027,ביסקוטי,T1,רוחב,ספיישלטי,מרכז,ראשון/שני/חמישי,NAMASTEA 1 ל׳ ₪65,GT-MAS-CHA-1L,DETOX 1 ל׳ ₪65 ⚠מלאי0 · סנגריה ורודה 1 ל׳ ₪45,,תפריט קטגוריה · כרטיס מתכון · דף ציוד לאבקות,6537,32550,,,,,,חלונות המשלוח האחרונים,,
2026-12-07,שני,אבי,שיחה — אבי,סגירת שנה — הזמנה חוזרת + פותח 2027,"קפה אניצ'ה בע""מ",T2,רוחב,ספיישלטי,מרכז,ראשון/שני/חמישי,DETOX 1 ל׳ ₪65 ⚠מלאי0,GT-LUI-LOW-1L,NAMASTEA 1 ל׳ ₪65 · FRESH 1 ל׳ ₪65 ⚠מלאי0,,תפריט קטגוריה · כרטיס מתכון · דף ציוד לאבקות,9729,31265,,,,,,חלונות המשלוח האחרונים,,
2026-12-07,שני,אבי,שיחה — אבי,סגירת שנה — הזמנה חוזרת + פותח 2027,האופט,T2,עומק,תה בלבד,צפון,שלישי,ENERGY 1 ל׳ ₪65,GT-LEM-LOW-1L,CONSCIOUSNESS 1 ל׳ ₪65 · REVIVE 1 ל׳ ₪65,,תפריט הקטגוריה של המשפחה,5098,30479,,,,,,חלונות המשלוח האחרונים,,
2026-12-07,שני,אבי,פגישה — אלכס + אבי,סגירת שנה — הזמנה חוזרת + פותח 2027,גאפן גאפן,T1,החלפת מוזה,בר,דרום,רביעי,CALM 1 ל׳ ₪65,GT-CHA-LOW-1L,FRESH 1 ל׳ ₪65 ⚠מלאי0 · סנגריה ורודה 1 ל׳ ₪45,M2 מיקסר במקום קוקטייל · M3 סנגריה ורודה,כרטיסי הגשה FRESH/CALM · מפת המעבר ממוזה · דף סנגריה ורודה,57774,30419,43739,34841,,,,חלונות המשלוח האחרונים,,
2026-12-07,שני,אלכס+אבי,פגישה — אלכס + אבי,פגישה משותפת,דניאל שור (קפה פיורי),T1,עומק,ספיישלטי,מרכז,ראשון/שני/חמישי,DESERTEA 1 ל׳ ₪65,GT-INF-DES-1L,DETOX 1 ל׳ ₪65 ⚠מלאי0 · FRESH 1 ל׳ ₪65 ⚠מלאי0,,תפריט הקטגוריה של המשפחה,6359,53967,,,"היי דניאל שור, אתם על ₪351 דזרטי בשנה; בתי עסק כמוכם על ₪2,438. להוסיף יחידה אחת Desert Infusion 1000ml למשלוח הקרוב? כן/לא","אתם מזמינים דזרטי באופן קבוע — ₪351 ב-12 החודשים האחרונים, בקצב של הזמנה כל 7 ימים.",אני מוסיף Desert Infusion 1000ml — יחידה אחת למשלוח הקרוב שלכם. שום דבר אחר בהזמנה לא משתנה.,הרחבת חשבון אסטרטגי,,
2026-12-07,שני,תום,וואטסאפ — תום,וואטסאפ 3 — סגירה,"(לאט לאט מהר מהר בע""מ) Mamie",T3,רוחב,תה בלבד,מרכז,ראשון/שני/חמישי,NAMASTEA 1 ל׳ ₪65,GT-MAS-CHA-1L,CALM 1 ל׳ ₪65,,תפריט קטגוריה · כרטיס מתכון · דף ציוד לאבקות,1485,7617,,,,,"אני קופץ אליכם לרבע שעה ומראה לבריסטה את לימונדת צ'אי מסאלה על NAMASTEA 1000ml — ₪3.95 עלות רכיבים לכוס, ₪22 בתפריט, 79% רווח. אם זה עובד, אני מוסיף את זה למשלוח הקרוב.",,,
2026-12-07,שני,תום,וואטסאפ — תום,וואטסאפ 3 — סגירה,"ג'וסה קולד פרס בע""מ",T3,רוחב,תה בלבד,מרכז,ראשון/שני/חמישי,NAMASTEA 1 ל׳ ₪65,GT-MAS-CHA-1L,ENERGY 1 ל׳ ₪65,,תפריט קטגוריה · כרטיס מתכון · דף ציוד לאבקות,1376,6384,,,,,"אני קופץ אליכם לרבע שעה ומראה לבריסטה את לימונדת צ'אי מסאלה על NAMASTEA 1000ml — ₪3.95 עלות רכיבים לכוס, ₪22 בתפריט, 79% רווח. אם זה עובד, אני מוסיף את זה למשלוח הקרוב.",,,
2026-12-07,שני,תום,וואטסאפ — תום,וואטסאפ 3 — סגירה,מסעדת ראיסה,T3,רוחב,תה בלבד,מרכז,ראשון/שני/חמישי,FRESH 1 ל׳ ₪65 ⚠מלאי0,GT-HIB-LOW-1L,NAMASTEA 1 ל׳ ₪65,,תפריט קטגוריה · כרטיס מתכון · דף ציוד לאבקות,1375,4270,,,,,"אני קופץ אליכם לרבע שעה ומראה לבריסטה את חליטת היביסקוס וליים על FRESH 1000ml — ₪3.25 עלות רכיבים לכוס, ₪20 בתפריט, 81% רווח. אם זה עובד, אני מוסיף את זה למשלוח הקרוב.",,,
2026-12-07,שני,תום,וואטסאפ — תום,וואטסאפ 3 — סגירה,"קפה ספסל בע""מ",T3,רוחב,תה בלבד,מרכז,ראשון/שני/חמישי,CALM 1 ל׳ ₪65,GT-CHA-LOW-1L,ENERGY 1 ל׳ ₪65,,תפריט קטגוריה · כרטיס מתכון · דף ציוד לאבקות,1317,7898,,,,,"אני קופץ אליכם לרבע שעה ומראה לבריסטה את חליטת קמומיל ותפוח על CALM 1000ml — ₪3.25 עלות רכיבים לכוס, ₪20 בתפריט, 81% רווח. אם זה עובד, אני מוסיף את זה למשלוח הקרוב.",,,
2026-12-07,שני,תום,וואטסאפ — תום,וואטסאפ 3 — סגירה,"נועם משאל השקעות בע""מ (קפה הכרם)",T3,רוחב,תה בלבד,מרכז,ראשון/שני/חמישי,ENERGY 1 ל׳ ₪65,GT-LEM-LOW-1L,CALM 1 ל׳ ₪65,,תפריט קטגוריה · כרטיס מתכון · דף ציוד לאבקות,1290,7737,,,,,"אני קופץ אליכם לרבע שעה ומראה לבריסטה את חליטת תה ירוק ולמון גראס על ENERGY 1000ml — ₪3.25 עלות רכיבים לכוס, ₪20 בתפריט, 81% רווח. אם זה עובד, אני מוסיף את זה למשלוח הקרוב.",,,
2026-12-07,שני,תום,וואטסאפ — תום,וואטסאפ 3 — סגירה,"חוף הילטון (בייז חוף הילטון בע""מ)",T3,רוחב,ספיישלטי,מרכז,ראשון/שני/חמישי,DETOX 1 ל׳ ₪65 ⚠מלאי0,GT-LUI-LOW-1L,FRESH 1 ל׳ ₪65 ⚠מלאי0,,תפריט קטגוריה · כרטיס מתכון · דף ציוד לאבקות,1238,6440,,,,,"אני קופץ אליכם לרבע שעה ומראה לבריסטה את חליטת תות לואיזה על DETOX 1000ml — ₪4.80 עלות רכיבים לכוס, ₪31 בתפריט, 82% רווח. אם זה עובד, אני מוסיף את זה למשלוח הקרוב.",,,
2026-12-07,שני,תום,וואטסאפ — תום,וואטסאפ 1,י.ח שרותי מזון בע״מ (בייקרי ויצ'ינו נתניה),T3,רוחב,תה בלבד,צפון,שלישי,DETOX 1 ל׳ ₪65 ⚠מלאי0,GT-LUI-LOW-1L,,,תפריט קטגוריה · כרטיס מתכון · דף ציוד לאבקות,949,2996,,,"היי י.ח שרותי מזון, עברתי על ההזמנות שלכם. דיטוקס אף פעם לא נכנסה אליכם, ו-78.8% מבתי עסק שמוכרים בעיקר תה קר קונים דיטוקס. שווה ₪949 בשנה. להוסיף DETOX 1000ml למשלוח הקרוב? כן/לא","אתם מזמינים מאיתנו אנרג'י, פרש, מאצ'ה — ודיטוקס אף פעם לא נכנסה להזמנה. 78.8% מבתי עסק שמוכרים בעיקר תה קר קונים דיטוקס.","אני קופץ אליכם לרבע שעה ומראה לבריסטה את חליטת תות לואיזה על DETOX 1000ml — ₪4.80 עלות רכיבים לכוס, ₪31 בתפריט, 82% רווח. אם זה עובד, אני מוסיף את זה למשלוח הקרוב.",רוחב — קו חדש,,
2026-12-07,שני,תום,וואטסאפ — תום,וואטסאפ 1,"קיוסקפה נוש בע""מ",T3,רוחב,תה בלבד,צפון,שלישי,NAMASTEA 1 ל׳ ₪65,GT-MAS-CHA-1L,,,תפריט קטגוריה · כרטיס מתכון · דף ציוד לאבקות,909,7459,,,"היי קיוסקפה נוש, עברתי על ההזמנות שלכם. נמסטיאה (צ'אי מסאלה) אף פעם לא נכנסה אליכם, ו-55.8% מבתי עסק שמוכרים בעיקר תה קר קונים נמסטיאה (צ'אי מסאלה). שווה ₪909 בשנה. להוסיף NAMASTEA 1000ml למשלוח הקרוב? כן/לא","אתם מזמינים מאיתנו פרש, קונשסנס, דיטוקס — ונמסטיאה (צ'אי מסאלה) אף פעם לא נכנסה להזמנה. 55.8% מבתי עסק שמוכרים בעיקר תה קר קונים נמסטיאה (צ'אי מסאלה).","אני קופץ אליכם לרבע שעה ומראה לבריסטה את לימונדת צ'אי מסאלה על NAMASTEA 1000ml — ₪3.95 עלות רכיבים לכוס, ₪22 בתפריט, 79% רווח. אם זה עובד, אני מוסיף את זה למשלוח הקרוב.",רוחב — קו חדש,,
2026-12-07,שני,תום,וואטסאפ — תום,וואטסאפ 1,"שחר לחמים בע""מ (לחם שחר)",T3,רוחב,תה בלבד,צפון,שלישי,NAMASTEA 1 ל׳ ₪65,GT-MAS-CHA-1L,,,תפריט קטגוריה · כרטיס מתכון · דף ציוד לאבקות,616,5056,,,"היי שחר לחמים, עברתי על ההזמנות שלכם. נמסטיאה (צ'אי מסאלה) אף פעם לא נכנסה אליכם, ו-55.8% מבתי עסק שמוכרים בעיקר תה קר קונים נמסטיאה (צ'אי מסאלה). שווה ₪616 בשנה. להוסיף NAMASTEA 1000ml למשלוח הקרוב? כן/לא","אתם מזמינים מאיתנו פרש, ריווייב, דיטוקס — ונמסטיאה (צ'אי מסאלה) אף פעם לא נכנסה להזמנה. 55.8% מבתי עסק שמוכרים בעיקר תה קר קונים נמסטיאה (צ'אי מסאלה).","אני קופץ אליכם לרבע שעה ומראה לבריסטה את אייס מאצ'ה מסאלה על NAMASTEA 1000ml — ₪6.86 עלות רכיבים לכוס, ₪37 בתפריט, 78% רווח. אם זה עובד, אני מוסיף את זה למשלוח הקרוב.",רוחב — קו חדש,,
2026-12-07,שני,תום,וואטסאפ — תום,סגירת שנה — הזמנה חוזרת,בנחל עגלת קפה (קפה בנחל),T3,עומק,ספיישלטי,דרום,רביעי,UBE 1ק״ג ₪340,UBE-POWDER-1-KG,CALM 1 ל׳ ₪65,,תפריט הקטגוריה של המשפחה,1209,22451,,,,,,,,
2026-12-08,שלישי,אבי,פגישה — אלכס + אבי,מעקב 2 — סגירה,"קבוצת מור דן פוד בע""מ (שי קדוש)",T1,עומק,ספיישלטי,דרום,רביעי,DETOX 1 ל׳ ₪65 ⚠מלאי0,GT-LUI-LOW-1L,מחית תות ₪60,,תפריט הקטגוריה של המשפחה,7957,82893,,,,,אני מוסיף DETOX 1000ml — יחידה אחת למשלוח הקרוב שלכם. שום דבר אחר בהזמנה לא משתנה.,,,
2026-12-08,שלישי,אבי,שיחה — אבי,סגירת שנה — הזמנה חוזרת + פותח 2027,"קסם מזנונים בע""מ (אוטביה)",T2,עומק,ספיישלטי,דרום,רביעי,NAMASTEA 1 ל׳ ₪65,GT-MAS-CHA-1L,,,תפריט הקטגוריה של המשפחה,2340,27250,,,,,,חלונות המשלוח האחרונים,,
2026-12-08,שלישי,אבי,שיחה — אבי,סגירת שנה — הזמנה חוזרת + פותח 2027,דנדי,T2,רוחב,מעורב,מרכז,ראשון/שני/חמישי,מאצ׳ה 500g ₪590,GT-SHI-CER-500,NAMASTEA 1 ל׳ ₪65 · סנגריה ורודה 1 ל׳ ₪45,,תפריט קטגוריה · כרטיס מתכון · דף ציוד לאבקות,13696,26986,,,,,,חלונות המשלוח האחרונים,,
2026-12-08,שלישי,אבי,שיחה — אבי,סגירת שנה — הזמנה חוזרת + פותח 2027,MILANO (מילאנו בייקרי קרית אונו בע״מ),T2,עומק,ספיישלטי,מרכז,ראשון/שני/חמישי,מחית תות ₪60,GT-ODK-STR-1,NAMASTEA 1 ל׳ ₪65,,תפריט הקטגוריה של המשפחה,3849,25935,,,,,,חלונות המשלוח האחרונים,,
2026-12-08,שלישי,תום,וואטסאפ — תום,סגירת שנה — הזמנה חוזרת,"בית העם קונדיטוריה ויין בע""מ",T3,רוחב,תה בלבד,דרום,רביעי,ENERGY 1 ל׳ ₪65,GT-LEM-LOW-1L,CALM 1 ל׳ ₪65 · REVIVE 1 ל׳ ₪65,,תפריט קטגוריה · כרטיס מתכון · דף ציוד לאבקות,4869,17335,,,,,,,,
2026-12-08,שלישי,תום,וואטסאפ — תום,סגירת שנה — הזמנה חוזרת,דלגונה עבד גלגולי (דלגונה),T3,רוחב,ספיישלטי,מרכז,ראשון/שני/חמישי,DETOX 1 ל׳ ₪65 ⚠מלאי0,GT-LUI-LOW-1L,NAMASTEA 1 ל׳ ₪65 · FRESH 1 ל׳ ₪65 ⚠מלאי0,,תפריט קטגוריה · כרטיס מתכון · דף ציוד לאבקות,5215,16320,,,,,,,,
2026-12-08,שלישי,תום,וואטסאפ — תום,סגירת שנה — הזמנה חוזרת,נאבי,T3,רוחב,מעורב,מרכז,ראשון/שני/חמישי,סנגריה ורודה 1 ל׳ ₪45,GTCC-PIN-SAN-1L,FRESH 1 ל׳ ₪65 ⚠מלאי0,,תפריט קטגוריה · כרטיס מתכון · דף ציוד לאבקות,3546,15528,,,,,,,,
2026-12-08,שלישי,תום,וואטסאפ — תום,סגירת שנה — הזמנה חוזרת,"אסייתית באשדוד בע""מ Sazanca",T3,רוחב,תה בלבד,דרום,רביעי,DETOX 1 ל׳ ₪65 ⚠מלאי0,GT-LUI-LOW-1L,FRESH 1 ל׳ ₪65 ⚠מלאי0 · NAMASTEA 1 ל׳ ₪65,,תפריט קטגוריה · כרטיס מתכון · דף ציוד לאבקות,13101,15258,,,,,,,,
2026-12-08,שלישי,תום,וואטסאפ — תום,סגירת שנה — הזמנה חוזרת,קפה שוורצמן,T3,רוחב,ספיישלטי,דרום,רביעי,מחית תות ₪60,GT-ODK-STR-1,CALM 1 ל׳ ₪65,,תפריט קטגוריה · כרטיס מתכון · דף ציוד לאבקות,2031,15233,,,,,,,,
2026-12-08,שלישי,תום,וואטסאפ — תום,סגירת שנה — הזמנה חוזרת,קפה וכו׳ בע״מ (קפה עם),T3,רוחב,תה בלבד,מרכז,ראשון/שני/חמישי,ENERGY 1 ל׳ ₪65,GT-LEM-LOW-1L,REVIVE 1 ל׳ ₪65,,תפריט קטגוריה · כרטיס מתכון · דף ציוד לאבקות,2070,13391,,,,,,,,
2026-12-08,שלישי,תום,וואטסאפ — תום,סגירת שנה — הזמנה חוזרת,סברה קפה בע״מ,T3,רוחב,מעורב,מרכז,ראשון/שני/חמישי,מאצ׳ה 500g ₪590,GT-SHI-CER-500,סנגריה ורודה 1 ל׳ ₪45 · GT-JAS-LOW-0.5L,,תפריט קטגוריה · כרטיס מתכון · דף ציוד לאבקות,6573,13267,,,,,,,,
2026-12-08,שלישי,תום,וואטסאפ — תום,סגירת שנה — הזמנה חוזרת,"רשת פט אנד פאף בע""מ",T3,עומק,תה בלבד,מרכז,ראשון/שני/חמישי,REVIVE 1 ל׳ ₪65,GT-SEN-LOW-1L,CALM 1 ל׳ ₪65,,תפריט הקטגוריה של המשפחה,1851,13176,,,,,,,,
2026-12-08,שלישי,תום,וואטסאפ — תום,סגירת שנה — הזמנה חוזרת,"קפה זוריק בע""מ (כיכר מילאנו)",T3,רוחב,תה בלבד,מרכז,ראשון/שני/חמישי,ENERGY 1 ל׳ ₪65,GT-LEM-LOW-1L,REVIVE 1 ל׳ ₪65 · CONSCIOUSNESS 1 ל׳ ₪65,,תפריט קטגוריה · כרטיס מתכון · דף ציוד לאבקות,2738,13176,,,,,,,,
2026-12-08,שלישי,תום,וואטסאפ — תום,סגירת שנה — הזמנה חוזרת,אלוף (בני ציון הבימה בע״מ),T3,עומק,תה בלבד,מרכז,ראשון/שני/חמישי,ENERGY 1 ל׳ ₪65,GT-LEM-LOW-1L,CALM 1 ל׳ ₪65,,תפריט הקטגוריה של המשפחה,1851,13115,,,,,,,,
2026-12-09,רביעי,אבי,שיחה — אבי,סגירת שנה — הזמנה חוזרת + פותח 2027,בוטיק סנטרל,T2,החלפת מוזה,תה בלבד,מרכז,ראשון/שני/חמישי,CALM 1 ל׳ ₪65,GT-CHA-LOW-1L,FRESH 1 ל׳ ₪65 ⚠מלאי0 · סנגריה ורודה 1 ל׳ ₪45,"M1 אותו בקבוק, תפריט ערב · M3 סנגריה ורודה",כרטיסי הגשה FRESH/CALM · מפת המעבר ממוזה · דף סנגריה ורודה,71,21918,71,57,,,,חלונות המשלוח האחרונים,,
2026-12-09,רביעי,אבי,שיחה — אבי,סגירת שנה — הזמנה חוזרת + פותח 2027,גוטה,T2,רוחב,תה בלבד,מרכז,ראשון/שני/חמישי,FRESH 1 ל׳ ₪65 ⚠מלאי0,GT-HIB-LOW-1L,NAMASTEA 1 ל׳ ₪65 · ENERGY 1 ל׳ ₪65,,תפריט קטגוריה · כרטיס מתכון · דף ציוד לאבקות,12413,20592,,,,,,חלונות המשלוח האחרונים,,
2026-12-09,רביעי,אבי,שיחה — אבי,סגירת שנה — הזמנה חוזרת + פותח 2027,קפה מלבן,T2,עומק,תה בלבד,מרכז,ראשון/שני/חמישי,NAMASTEA 1 ל׳ ₪65,GT-MAS-CHA-1L,ENERGY 1 ל׳ ₪65 · CONSCIOUSNESS 1 ל׳ ₪65,,תפריט הקטגוריה של המשפחה,8805,20572,,,,,,חלונות המשלוח האחרונים,,
2026-12-09,רביעי,אבי,שיחה — אבי,סגירת שנה — הזמנה חוזרת + פותח 2027,קפה מרי,T2,עומק,תה בלבד,מרכז,ראשון/שני/חמישי,מאצ׳ה 500g ₪590,GT-SHI-CER-500,ENERGY 1 ל׳ ₪65 · REVIVE 1 ל׳ ₪65,,תפריט הקטגוריה של המשפחה,4782,19645,,,,,,חלונות המשלוח האחרונים,,
2026-12-09,רביעי,אלכס,משימת מערכת,משימת מערכת,13:00 עם תום — 10 דקות על היעדים,—,—,,,,,,,,,,,,,,,,בפגישה שכבר קיימת,,
2026-12-10,חמישי,אבי,פגישה — אלכס + אבי,מעקב 1 — אבי,דניאל שור (קפה פיורי),T1,עומק,ספיישלטי,מרכז,ראשון/שני/חמישי,DESERTEA 1 ל׳ ₪65,GT-INF-DES-1L,DETOX 1 ל׳ ₪65 ⚠מלאי0 · FRESH 1 ל׳ ₪65 ⚠מלאי0,,תפריט הקטגוריה של המשפחה,6359,53967,,,,,אני מוסיף Desert Infusion 1000ml — יחידה אחת למשלוח הקרוב שלכם. שום דבר אחר בהזמנה לא משתנה.,,,
2026-12-10,חמישי,אבי,שיחה — אבי,סגירת שנה — הזמנה חוזרת + פותח 2027,זוזוברה,T2,רוחב,תה בלבד,מרכז,ראשון/שני/חמישי,DETOX 1 ל׳ ₪65 ⚠מלאי0,GT-LUI-LOW-1L,FRESH 1 ל׳ ₪65 ⚠מלאי0 · NAMASTEA 1 ל׳ ₪65,,תפריט קטגוריה · כרטיס מתכון · דף ציוד לאבקות,9621,17168,,,,,,חלונות המשלוח האחרונים,,
2026-12-10,חמישי,אבי,שיחה — אבי,סגירת שנה — הזמנה חוזרת + פותח 2027,מצו,T2,רוחב,מעורב,מרכז,ראשון/שני/חמישי,FRESH 1 ל׳ ₪65 ⚠מלאי0,GT-HIB-LOW-1L,סנגריה ורודה 1 ל׳ ₪45 · מחית תות ₪60,,תפריט קטגוריה · כרטיס מתכון · דף ציוד לאבקות,4303,15878,,,,,,חלונות המשלוח האחרונים,,
2026-12-10,חמישי,אבי,שיחה — אבי,סגירת שנה — הזמנה חוזרת + פותח 2027,קפה לאגו,T2,רוחב,מעורב,מרכז,ראשון/שני/חמישי,סנגריה ורודה 1 ל׳ ₪45,GTCC-PIN-SAN-1L,,,תפריט קטגוריה · כרטיס מתכון · דף ציוד לאבקות,1352,12941,,,,,,חלונות המשלוח האחרונים,,
2026-12-10,חמישי,תום,וואטסאפ — תום,סגירת שנה — הזמנה חוזרת,"אורי בייקרי השקעות בע""מ (סיטי בולונזרי)",T3,עומק,ספיישלטי,מרכז,ראשון/שני/חמישי,DETOX 1 ל׳ ₪65 ⚠מלאי0,GT-LUI-LOW-1L,מחית תות ₪60 · DESERTEA 1 ל׳ ₪65,,תפריט הקטגוריה של המשפחה,2941,12629,,,,,,,,
2026-12-10,חמישי,תום,וואטסאפ — תום,סגירת שנה — הזמנה חוזרת,נורדאו 2 (נורדאו 2 בית מאפה בע״מ),T3,עומק,ספיישלטי,מרכז,ראשון/שני/חמישי,GT-HIB-LOW-0.5L,GT-HIB-LOW-0.5L,מחית תות ₪60,,תפריט הקטגוריה של המשפחה,2190,12258,,,,,,,,
2026-12-10,חמישי,תום,וואטסאפ — תום,סגירת שנה — הזמנה חוזרת,גן סיפור פתח תקווה,T3,רוחב,ספיישלטי,מרכז,ראשון/שני/חמישי,מחית תות ₪60,GT-ODK-STR-1,,,תפריט קטגוריה · כרטיס מתכון · דף ציוד לאבקות,1058,11918,,,,,,,,
2026-12-10,חמישי,תום,וואטסאפ — תום,סגירת שנה — הזמנה חוזרת,"גן סיפור פארק משפחות בע""מ",T3,רוחב,מעורב,מרכז,ראשון/שני/חמישי,סנגריה ורודה 1 ל׳ ₪45,GTCC-PIN-SAN-1L,,,תפריט קטגוריה · כרטיס מתכון · דף ציוד לאבקות,1827,11724,,,,,,,,
2026-12-10,חמישי,תום,וואטסאפ — תום,סגירת שנה — הזמנה חוזרת,קפה יוענה 770,T3,עומק,ספיישלטי,מרכז,ראשון/שני/חמישי,מחית מנגו ₪60,GT-ODK-MAN-1,NAMASTEA 1 ל׳ ₪65,,תפריט הקטגוריה של המשפחה,2634,11005,,,,,,,,
2026-12-10,חמישי,תום,וואטסאפ — תום,סגירת שנה — הזמנה חוזרת,"א.ר.נ. מסעדות קריית אונו בע""מ (קיסו - Kisu)",T3,רוחב,תה בלבד,מרכז,ראשון/שני/חמישי,DETOX 1 ל׳ ₪65 ⚠מלאי0,GT-LUI-LOW-1L,FRESH 1 ל׳ ₪65 ⚠מלאי0 · NAMASTEA 1 ל׳ ₪65,,תפריט קטגוריה · כרטיס מתכון · דף ציוד לאבקות,8799,10248,,,,,,,,
2026-12-10,חמישי,תום,וואטסאפ — תום,סגירת שנה — הזמנה חוזרת,קפה גינה,T3,החלפת מוזה,ספיישלטי,מרכז,ראשון/שני/חמישי,CALM 1 ל׳ ₪65,GT-CHA-LOW-1L,FRESH 1 ל׳ ₪65 ⚠מלאי0 · סנגריה ורודה 1 ל׳ ₪45,"M1 אותו בקבוק, תפריט ערב · M3 סנגריה ורודה",כרטיסי הגשה FRESH/CALM · מפת המעבר ממוזה · דף סנגריה ורודה,1665,9409,576,459,,,,,,
2026-12-10,חמישי,תום,וואטסאפ — תום,סגירת שנה — הזמנה חוזרת,"פטיט פוד בע""מ (קפה ארצי)",T3,רוחב,תה בלבד,מרכז,ראשון/שני/חמישי,CALM 1 ל׳ ₪65,GT-CHA-LOW-1L,ENERGY 1 ל׳ ₪65 · REVIVE 1 ל׳ ₪65,,תפריט קטגוריה · כרטיס מתכון · דף ציוד לאבקות,2101,9227,,,,,,,,
2026-12-10,חמישי,תום,וואטסאפ — תום,סגירת שנה — הזמנה חוזרת,"עמיתה ביאליק (א.אנד מ. בייקרי בע""מ)",T3,עומק,תה בלבד,מרכז,ראשון/שני/חמישי,GT-LEM-LOW-0.5L,GT-LEM-LOW-0.5L,GT-CHA-LOW-0.5L · GT-SEN-LOW-0.5L,,תפריט הקטגוריה של המשפחה,1838,9192,,,,,,,,
2026-12-10,חמישי,תום,וואטסאפ — תום,סגירת שנה — הזמנה חוזרת,נולי עגלת קפה,T3,רוחב,מעורב,מרכז,ראשון/שני/חמישי,מאצ׳ה 500g ₪590,GT-SHI-CER-500,סנגריה ורודה 1 ל׳ ₪45,,תפריט קטגוריה · כרטיס מתכון · דף ציוד לאבקות,3468,9185,,,,,,,,
2026-12-13,ראשון,אבי,שיחה — אבי,סגירת שנה — הזמנה חוזרת + פותח 2027,קמפאי,T2,רוחב,תה בלבד,דרום,רביעי,NAMASTEA 1 ל׳ ₪65,GT-MAS-CHA-1L,CALM 1 ל׳ ₪65,,תפריט קטגוריה · כרטיס מתכון · דף ציוד לאבקות,2781,16225,,,,,,חלונות המשלוח האחרונים,,
2026-12-13,ראשון,אבי,פגישה — אלכס + אבי,סגירת שנה — הזמנה חוזרת + פותח 2027,מנדרין,T1,החלפת מוזה,תה בלבד,צפון,שלישי,CALM 1 ל׳ ₪65,GT-CHA-LOW-1L,FRESH 1 ל׳ ₪65 ⚠מלאי0 · סנגריה ורודה 1 ל׳ ₪45,"M1 אותו בקבוק, תפריט ערב · M3 סנגריה ורודה",כרטיסי הגשה FRESH/CALM · מפת המעבר ממוזה · דף סנגריה ורודה,18671,16007,11840,9431,,,,חלונות המשלוח האחרונים,,
2026-12-13,ראשון,אבי,שיחה — אבי,סגירת שנה — הזמנה חוזרת + פותח 2027,טראק במושבה,T2,עומק,ספיישלטי,צפון,שלישי,מאצ׳ה 500g ₪590,GT-SHI-CER-500,GT-HIB-FRE-1L · סנגריה ורודה 1 ל׳ ₪45,,תפריט הקטגוריה של המשפחה,1988,14354,,,,,,חלונות המשלוח האחרונים,,
2026-12-13,ראשון,אבי,שיחה — אבי,סגירת שנה — הזמנה חוזרת + פותח 2027,החצר האחורית,T2,עומק,ספיישלטי,צפון,שלישי,GT-MAS-CHA-0.5L,GT-MAS-CHA-0.5L,סנגריה ורודה 1 ל׳ ₪45 · DETOX 1 ל׳ ₪65 ⚠מלאי0,,תפריט הקטגוריה של המשפחה,2435,11732,,,,,,חלונות המשלוח האחרונים,,
2026-12-13,ראשון,תום,וואטסאפ — תום,וואטסאפ 3 — סגירה,"זיגו קפה מאפיה מטבח מקומי בע""מ (זיגו)",T3,רוחב,תה בלבד,צפון,שלישי,ENERGY 1 ל׳ ₪65,GT-LEM-LOW-1L,CONSCIOUSNESS 1 ל׳ ₪65,,תפריט קטגוריה · כרטיס מתכון · דף ציוד לאבקות,2726,18563,,,,,"אני קופץ אליכם לרבע שעה ומראה לבריסטה את חליטת תה ירוק ולמון גראס על ENERGY 1000ml — ₪3.25 עלות רכיבים לכוס, ₪20 בתפריט, 81% רווח. אם זה עובד, אני מוסיף את זה למשלוח הקרוב.",,,
2026-12-13,ראשון,תום,וואטסאפ — תום,וואטסאפ 3 — סגירה,אבני עמית ואלפסי שחף (קפה דאז),T3,רוחב,מעורב,צפון,שלישי,DETOX 1 ל׳ ₪65 ⚠מלאי0,GT-LUI-LOW-1L,,,תפריט קטגוריה · כרטיס מתכון · דף ציוד לאבקות,2151,9314,,,,,"אני קופץ אליכם לרבע שעה ומראה לבריסטה את חליטת תות לואיזה על DETOX 1000ml — ₪4.80 עלות רכיבים לכוס, ₪31 בתפריט, 82% רווח. אם זה עובד, אני מוסיף את זה למשלוח הקרוב.",,,
2026-12-13,ראשון,תום,וואטסאפ — תום,וואטסאפ 3 — סגירה,בלה מאפיה,T3,רוחב,תה בלבד,צפון,שלישי,DETOX 1 ל׳ ₪65 ⚠מלאי0,GT-LUI-LOW-1L,FRESH 1 ל׳ ₪65 ⚠מלאי0,,תפריט קטגוריה · כרטיס מתכון · דף ציוד לאבקות,1702,3294,,,,,"אני קופץ אליכם לרבע שעה ומראה לבריסטה את חליטת תות לואיזה על DETOX 1000ml — ₪4.80 עלות רכיבים לכוס, ₪31 בתפריט, 82% רווח. אם זה עובד, אני מוסיף את זה למשלוח הקרוב.",,,
2026-12-13,ראשון,תום,וואטסאפ — תום,וואטסאפ 3 — סגירה,Amore,T3,רוחב,תה בלבד,צפון,שלישי,ENERGY 1 ל׳ ₪65,GT-LEM-LOW-1L,REVIVE 1 ל׳ ₪65,,תפריט קטגוריה · כרטיס מתכון · דף ציוד לאבקות,1693,10953,,,,,"אני קופץ אליכם לרבע שעה ומראה לבריסטה את חליטת תה ירוק ולמון גראס על ENERGY 1000ml — ₪3.25 עלות רכיבים לכוס, ₪20 בתפריט, 81% רווח. אם זה עובד, אני מוסיף את זה למשלוח הקרוב.",,,
2026-12-13,ראשון,תום,וואטסאפ — תום,וואטסאפ 2 — תוכן אחר,מיקא עגלות קפה (שון בר שלמה),T3,רוחב,ספיישלטי,צפון,שלישי,מאצ׳ה 500g ₪590,GT-SHI-CER-500,,,תפריט קטגוריה · כרטיס מתכון · דף ציוד לאבקות,1322,2970,,,,,,,,
2026-12-13,ראשון,תום,וואטסאפ — תום,וואטסאפ 2 — תוכן אחר,איתי גוטליב עגלת קפה מישקא,T3,רוחב,תה בלבד,צפון,שלישי,FRESH 1 ל׳ ₪65 ⚠מלאי0,GT-HIB-LOW-1L,,,תפריט קטגוריה · כרטיס מתכון · דף ציוד לאבקות,1296,6478,,,,,,,,
2026-12-13,ראשון,תום,וואטסאפ — תום,וואטסאפ 2 — תוכן אחר,אירוח והסעדה,T3,רוחב,ספיישלטי,צפון,שלישי,מאצ׳ה 500g ₪590,GT-SHI-CER-500,,,תפריט קטגוריה · כרטיס מתכון · דף ציוד לאבקות,1198,2691,,,,,,,,
2026-12-13,ראשון,תום,וואטסאפ — תום,וואטסאפ 2 — תוכן אחר,"בייקרי מקבוצת סינטה בר חיפה בע""מ",T3,רוחב,ספיישלטי,צפון,שלישי,מחית תות ₪60,GT-ODK-STR-1,FRESH 1 ל׳ ₪65 ⚠מלאי0,,תפריט קטגוריה · כרטיס מתכון · דף ציוד לאבקות,1185,7092,,,,,,,,
2026-12-13,ראשון,תום,וואטסאפ — תום,וואטסאפ 2 — תוכן אחר,"או.ש בייק אנד ברד בע""מ (Bake &amp; Bread)",T3,רוחב,תה בלבד,צפון,שלישי,CONSCIOUSNESS 1 ל׳ ₪65,GT-JAS-LOW-1L,REVIVE 1 ל׳ ₪65,,תפריט קטגוריה · כרטיס מתכון · דף ציוד לאבקות,1092,9565,,,,,,,,
2026-12-13,ראשון,תום,וואטסאפ — תום,וואטסאפ 2 — תוכן אחר,סברס חנויות נוחות (אלירן ואטורי),T3,רוחב,ספיישלטי,דרום,רביעי,מחית תות ₪60,GT-ODK-STR-1,,,תפריט קטגוריה · כרטיס מתכון · דף ציוד לאבקות,1023,11515,,,,,,,,
2026-12-13,ראשון,תום,משימת מערכת,משימת מערכת,לוח התוצאות השבועי — q4_scoreboard.py,—,—,,,,,,,,,,,,,,,,נקרא עם תמונת התזרים של ראשון,,
2026-12-14,שני,אבי,פגישה — אלכס + אבי,מעקב 2 — סגירה,ביסקוטי,T1,רוחב,ספיישלטי,מרכז,ראשון/שני/חמישי,NAMASTEA 1 ל׳ ₪65,GT-MAS-CHA-1L,DETOX 1 ל׳ ₪65 ⚠מלאי0 · סנגריה ורודה 1 ל׳ ₪45,,תפריט קטגוריה · כרטיס מתכון · דף ציוד לאבקות,6537,32550,,,,,"אני קופץ אליכם לרבע שעה ומראה לבריסטה את אייס מאצ'ה מסאלה על NAMASTEA 1000ml — ₪6.86 עלות רכיבים לכוס, ₪37 בתפריט, 78% רווח. אם זה עובד, אני מוסיף את זה למשלוח הקרוב.",,,
2026-12-14,שני,אבי,שיחה — אבי,סגירת שנה — הזמנה חוזרת + פותח 2027,בורקס אבא תודה,T2,רוחב,תה בלבד,מרכז,ראשון/שני/חמישי,DETOX 1 ל׳ ₪65 ⚠מלאי0,GT-LUI-LOW-1L,FRESH 1 ל׳ ₪65 ⚠מלאי0 · NAMASTEA 1 ל׳ ₪65,,תפריט קטגוריה · כרטיס מתכון · דף ציוד לאבקות,5092,8658,,,,,,חלונות המשלוח האחרונים,,
2026-12-14,שני,אבי,שיחה — אבי,סגירת שנה — הזמנה חוזרת + פותח 2027,Nini Hachi,T2,עומק,תה בלבד,מרכז,ראשון/שני/חמישי,FRESH 1 ל׳ ₪65 ⚠מלאי0,GT-HIB-LOW-1L,DETOX 1 ל׳ ₪65 ⚠מלאי0,,תפריט הקטגוריה של המשפחה,3865,7212,,,,,,חלונות המשלוח האחרונים,,
2026-12-14,שני,אבי,שיחה — אבי,סגירת שנה — הזמנה חוזרת + פותח 2027,פרש דה מרקט,T2,רוחב,תה בלבד,מרכז,ראשון/שני/חמישי,NAMASTEA 1 ל׳ ₪65,GT-MAS-CHA-1L,,,תפריט קטגוריה · כרטיס מתכון · דף ציוד לאבקות,590,7039,,,,,,חלונות המשלוח האחרונים,,
2026-12-14,שני,אלכס+אבי,פגישה — אלכס + אבי,פגישה משותפת,בני ככר,T1,עומק,תה בלבד,מרכז,ראשון/שני/חמישי,GT-LEM-LOW-0.5L,GT-LEM-LOW-0.5L,REVIVE 1 ל׳ ₪65 · DESERTEA 1 ל׳ ₪65,,תפריט הקטגוריה של המשפחה,5464,50142,,,"היי בני ככר, אתם על ₪723 אנרג'י בשנה; בתי עסק כמוכם על ₪4,365. להוסיף 3 יחידות ENERGY 500ml למשלוח הקרוב? כן/לא","אנרג'י כבר נמצאת ב-2 מתוך 2 הסניפים שלכם, ובכל אחד מהם הכמות נמוכה מחצי ממה שבית עסק דומה מזמין — ₪1,821 לסניף בשנה, ₪3,642 לרשת.",אני מוסיף ENERGY 500ml — 3 יחידות לסניף (6 לרשת) למשלוח הקרוב שלכם. שום דבר אחר בהזמנה לא משתנה.,הרחבת חשבון אסטרטגי,,
2026-12-14,שני,תום,וואטסאפ — תום,וואטסאפ 3 — סגירה,דודה איתי דמתי (קפה דודה),T3,רוחב,תה בלבד,מרכז,ראשון/שני/חמישי,DETOX 1 ל׳ ₪65 ⚠מלאי0,GT-LUI-LOW-1L,,,תפריט קטגוריה · כרטיס מתכון · דף ציוד לאבקות,1219,3848,,,,,"אני קופץ אליכם לרבע שעה ומראה לבריסטה את חליטת תות לואיזה על DETOX 1000ml — ₪4.80 עלות רכיבים לכוס, ₪31 בתפריט, 82% רווח. אם זה עובד, אני מוסיף את זה למשלוח הקרוב.",,,
2026-12-14,שני,תום,וואטסאפ — תום,וואטסאפ 3 — סגירה,6 במאי בע״מ,T3,רוחב,ספיישלטי,מרכז,ראשון/שני/חמישי,DETOX 1 ל׳ ₪65 ⚠מלאי0,GT-LUI-LOW-1L,NAMASTEA 1 ל׳ ₪65,,תפריט קטגוריה · כרטיס מתכון · דף ציוד לאבקות,1204,5740,,,,,"אני קופץ אליכם לרבע שעה ומראה לבריסטה את חליטת תות לואיזה על DETOX 1000ml — ₪4.80 עלות רכיבים לכוס, ₪31 בתפריט, 82% רווח. אם זה עובד, אני מוסיף את זה למשלוח הקרוב.",,,
2026-12-14,שני,תום,וואטסאפ — תום,וואטסאפ 3 — סגירה,פינת הבילויים (״פינתה קפה ולחם בע״מ״),T3,רוחב,תה בלבד,דרום,רביעי,ENERGY 1 ל׳ ₪65,GT-LEM-LOW-1L,CALM 1 ל׳ ₪65,,תפריט קטגוריה · כרטיס מתכון · דף ציוד לאבקות,1196,7176,,,,,"אני קופץ אליכם לרבע שעה ומראה לבריסטה את חליטת תה ירוק ולמון גראס על ENERGY 1000ml — ₪3.25 עלות רכיבים לכוס, ₪20 בתפריט, 81% רווח. אם זה עובד, אני מוסיף את זה למשלוח הקרוב.",,,
2026-12-14,שני,תום,וואטסאפ — תום,וואטסאפ 3 — סגירה,"ח.צ. סושי בר בע""מ (אוקינאווה לבונטין)",T3,רוחב,תה בלבד,מרכז,ראשון/שני/חמישי,DETOX 1 ל׳ ₪65 ⚠מלאי0,GT-LUI-LOW-1L,,,תפריט קטגוריה · כרטיס מתכון · דף ציוד לאבקות,1112,3510,,,,,"אני קופץ אליכם לרבע שעה ומראה לבריסטה את חליטת תות לואיזה על DETOX 1000ml — ₪4.80 עלות רכיבים לכוס, ₪31 בתפריט, 82% רווח. אם זה עובד, אני מוסיף את זה למשלוח הקרוב.",,,
2026-12-14,שני,תום,וואטסאפ — תום,וואטסאפ 3 — סגירה,גן סיפור פתח תקווה,T3,רוחב,ספיישלטי,מרכז,ראשון/שני/חמישי,מחית תות ₪60,GT-ODK-STR-1,,,תפריט קטגוריה · כרטיס מתכון · דף ציוד לאבקות,1058,11918,,,,,"אני קופץ אליכם לרבע שעה ומראה לבריסטה את אייס מאצ'ה תות על ODK Strawberry Smoothie 1000ml — ₪6.46 עלות רכיבים לכוס, ₪39 בתפריט, 80% רווח. אם זה עובד, אני מוסיף את זה למשלוח הקרוב.",,,
2026-12-14,שני,תום,וואטסאפ — תום,וואטסאפ 3 — סגירה,"צייט פור ברוט בע""מ",T3,רוחב,תה בלבד,מרכז,ראשון/שני/חמישי,DETOX 1 ל׳ ₪65 ⚠מלאי0,GT-LUI-LOW-1L,,,תפריט קטגוריה · כרטיס מתכון · דף ציוד לאבקות,1038,3276,,,,,"אני קופץ אליכם לרבע שעה ומראה לבריסטה את חליטת תות לואיזה על DETOX 1000ml — ₪4.80 עלות רכיבים לכוס, ₪31 בתפריט, 82% רווח. אם זה עובד, אני מוסיף את זה למשלוח הקרוב.",,,
2026-12-14,שני,תום,וואטסאפ — תום,וואטסאפ 2 — תוכן אחר,י.ח שרותי מזון בע״מ (בייקרי ויצ'ינו נתניה),T3,רוחב,תה בלבד,צפון,שלישי,DETOX 1 ל׳ ₪65 ⚠מלאי0,GT-LUI-LOW-1L,,,תפריט קטגוריה · כרטיס מתכון · דף ציוד לאבקות,949,2996,,,,,,,,
2026-12-14,שני,תום,וואטסאפ — תום,וואטסאפ 2 — תוכן אחר,"קיוסקפה נוש בע""מ",T3,רוחב,תה בלבד,צפון,שלישי,NAMASTEA 1 ל׳ ₪65,GT-MAS-CHA-1L,,,תפריט קטגוריה · כרטיס מתכון · דף ציוד לאבקות,909,7459,,,,,,,,
2026-12-14,שני,תום,וואטסאפ — תום,וואטסאפ 2 — תוכן אחר,"שחר לחמים בע""מ (לחם שחר)",T3,רוחב,תה בלבד,צפון,שלישי,NAMASTEA 1 ל׳ ₪65,GT-MAS-CHA-1L,,,תפריט קטגוריה · כרטיס מתכון · דף ציוד לאבקות,616,5056,,,,,,,,
2026-12-14,שני,תום,וואטסאפ — תום,סגירת שנה — הזמנה חוזרת,"זיגו קפה מאפיה מטבח מקומי בע""מ (זיגו)",T3,רוחב,תה בלבד,צפון,שלישי,ENERGY 1 ל׳ ₪65,GT-LEM-LOW-1L,CONSCIOUSNESS 1 ל׳ ₪65,,תפריט קטגוריה · כרטיס מתכון · דף ציוד לאבקות,2726,18563,,,,,,,,
2026-12-15,שלישי,תום,וואטסאפ — תום,וואטסאפ 3 — סגירה,"(Coffee Point) פינס בייקרי בע""מ",T3,רוחב,ספיישלטי,מרכז,ראשון/שני/חמישי,מאצ׳ה 500g ₪590,GT-SHI-CER-500,,,תפריט קטגוריה · כרטיס מתכון · דף ציוד לאבקות,862,1937,,,,,"אני קופץ אליכם לרבע שעה ומראה לבריסטה את אייס מאצ'ה קלאסי על Shizuoka Ceremonial Matcha Bag 500g — ₪4.26 עלות רכיבים לכוס, ₪26 בתפריט, 81% רווח. אם זה עובד, אני מוסיף את זה למשלוח הקרוב.",,,
2026-12-15,שלישי,תום,וואטסאפ — תום,וואטסאפ 3 — סגירה,"פטלינה בע""מ",T3,רוחב,תה בלבד,מרכז,ראשון/שני/חמישי,FRESH 1 ל׳ ₪65 ⚠מלאי0,GT-HIB-LOW-1L,,,תפריט קטגוריה · כרטיס מתכון · דף ציוד לאבקות,805,4026,,,,,"אני קופץ אליכם לרבע שעה ומראה לבריסטה את חליטת היביסקוס וליים על FRESH 1000ml — ₪3.25 עלות רכיבים לכוס, ₪20 בתפריט, 81% רווח. אם זה עובד, אני מוסיף את זה למשלוח הקרוב.",,,
2026-12-15,שלישי,תום,וואטסאפ — תום,וואטסאפ 3 — סגירה,"איטלקיה בפקריס בע""מ (פיאטו)",T3,רוחב,תה בלבד,מרכז,ראשון/שני/חמישי,DETOX 1 ל׳ ₪65 ⚠מלאי0,GT-LUI-LOW-1L,,,תפריט קטגוריה · כרטיס מתכון · דף ציוד לאבקות,800,2524,,,,,"אני קופץ אליכם לרבע שעה ומראה לבריסטה את חליטת תות לואיזה על DETOX 1000ml — ₪4.80 עלות רכיבים לכוס, ₪31 בתפריט, 82% רווח. אם זה עובד, אני מוסיף את זה למשלוח הקרוב.",,,
2026-12-15,שלישי,תום,וואטסאפ — תום,וואטסאפ 3 — סגירה,"משק ימיני (ג.ל.י גפן בע""מ)",T3,רוחב,תה בלבד,מרכז,ראשון/שני/חמישי,FRESH 1 ל׳ ₪65 ⚠מלאי0,GT-HIB-LOW-1L,,,תפריט קטגוריה · כרטיס מתכון · דף ציוד לאבקות,723,3615,,,,,"אני קופץ אליכם לרבע שעה ומראה לבריסטה את חליטת היביסקוס וליים על FRESH 1000ml — ₪3.25 עלות רכיבים לכוס, ₪20 בתפריט, 81% רווח. אם זה עובד, אני מוסיף את זה למשלוח הקרוב.",,,
2026-12-15,שלישי,תום,וואטסאפ — תום,וואטסאפ 3 — סגירה,"טואר בנמל בע""מ (פו סושי - FU)",T3,רוחב,תה בלבד,מרכז,ראשון/שני/חמישי,DETOX 1 ל׳ ₪65 ⚠מלאי0,GT-LUI-LOW-1L,,,תפריט קטגוריה · כרטיס מתכון · דף ציוד לאבקות,696,2196,,,,,"אני קופץ אליכם לרבע שעה ומראה לבריסטה את חליטת תות לואיזה על DETOX 1000ml — ₪4.80 עלות רכיבים לכוס, ₪31 בתפריט, 82% רווח. אם זה עובד, אני מוסיף את זה למשלוח הקרוב.",,,
2026-12-15,שלישי,תום,וואטסאפ — תום,וואטסאפ 3 — סגירה,פסיליטי,T3,רוחב,תה בלבד,מרכז,ראשון/שני/חמישי,DETOX 1 ל׳ ₪65 ⚠מלאי0,GT-LUI-LOW-1L,,,תפריט קטגוריה · כרטיס מתכון · דף ציוד לאבקות,694,2191,,,,,"אני קופץ אליכם לרבע שעה ומראה לבריסטה את חליטת תות לואיזה על DETOX 1000ml — ₪4.80 עלות רכיבים לכוס, ₪31 בתפריט, 82% רווח. אם זה עובד, אני מוסיף את זה למשלוח הקרוב.",,,
2026-12-15,שלישי,תום,וואטסאפ — תום,וואטסאפ 3 — סגירה,בילגי בע״מ (קפה לורן),T3,רוחב,ספיישלטי,מרכז,ראשון/שני/חמישי,מחית תות ₪60,GT-ODK-STR-1,,,תפריט קטגוריה · כרטיס מתכון · דף ציוד לאבקות,624,7024,,,,,"אני קופץ אליכם לרבע שעה ומראה לבריסטה את אייס מאצ'ה תות על ODK Strawberry Smoothie 1000ml — ₪6.46 עלות רכיבים לכוס, ₪39 בתפריט, 80% רווח. אם זה עובד, אני מוסיף את זה למשלוח הקרוב.",,,
2026-12-15,שלישי,תום,וואטסאפ — תום,סגירת שנה — הזמנה חוזרת,סברס חנויות נוחות (אלירן ואטורי),T3,רוחב,ספיישלטי,דרום,רביעי,מחית תות ₪60,GT-ODK-STR-1,,,תפריט קטגוריה · כרטיס מתכון · דף ציוד לאבקות,1023,11515,,,,,,,,
2026-12-15,שלישי,תום,וואטסאפ — תום,סגירת שנה — הזמנה חוזרת,"טאיו אשיאן פוד א.א.ט בע""מ (ראשון לציון)",T3,עומק,ספיישלטי,דרום,רביעי,GT-SHI-CER-18*22,GT-SHI-CER-18*22,GT-LUI-LOW-0.5L · GT-MAS-CHA-0.5L,,תפריט הקטגוריה של המשפחה,6491,10833,,,,,,,,
2026-12-15,שלישי,תום,וואטסאפ — תום,סגירת שנה — הזמנה חוזרת,ת.מ דרום בע''מ (אוליבר עגלת קפה),T3,רוחב,תה בלבד,דרום,רביעי,NAMASTEA 1 ל׳ ₪65,GT-MAS-CHA-1L,ENERGY 1 ל׳ ₪65 · REVIVE 1 ל׳ ₪65,,תפריט קטגוריה · כרטיס מתכון · דף ציוד לאבקות,3302,10016,,,,,,,,
2026-12-16,רביעי,אלכס,משימת מערכת,משימת מערכת,13:00 עם תום — 10 דקות על היעדים,—,—,,,,,,,,,,,,,,,,בפגישה שכבר קיימת,,
2026-12-17,חמישי,אבי,פגישה — אלכס + אבי,מעקב 1 — אבי,בני ככר,T1,עומק,תה בלבד,מרכז,ראשון/שני/חמישי,GT-LEM-LOW-0.5L,GT-LEM-LOW-0.5L,REVIVE 1 ל׳ ₪65 · DESERTEA 1 ל׳ ₪65,,תפריט הקטגוריה של המשפחה,5464,50142,,,,,אני מוסיף ENERGY 500ml — 3 יחידות לסניף (6 לרשת) למשלוח הקרוב שלכם. שום דבר אחר בהזמנה לא משתנה.,,,
2026-12-17,חמישי,תום,וואטסאפ — תום,סגירת שנה — הזמנה חוזרת,קלאוד ניין,T3,עומק,ספיישלטי,מרכז,ראשון/שני/חמישי,GT-LUI-FRE-1L,GT-LUI-FRE-1L,מחית תות ₪60,,תפריט הקטגוריה של המשפחה,1973,8910,,,,,,,,
2026-12-20,ראשון,אבי,פגישה — אלכס + אבי,סגירת שנה — הזמנה חוזרת + פותח 2027,סטקיית הבוקרים,T1,החלפת מוזה,מעורב,צפון,שלישי,CALM 1 ל׳ ₪65,GT-CHA-LOW-1L,FRESH 1 ל׳ ₪65 ⚠מלאי0 · סנגריה ורודה 1 ל׳ ₪45,M2 מיקסר במקום קוקטייל · M3 סנגריה ורודה,כרטיסי הגשה FRESH/CALM · מפת המעבר ממוזה · דף סנגריה ורודה,24728,1284,24728,19698,,,,חלונות המשלוח האחרונים,,
2026-12-20,ראשון,תום,וואטסאפ — תום,וואטסאפ 3 — סגירה,קפה 79 (קונטאקט סוכנויות בע״מ),T3,רוחב,ספיישלטי,צפון,שלישי,מאצ׳ה 500g ₪590,GT-SHI-CER-500,,,תפריט קטגוריה · כרטיס מתכון · דף ציוד לאבקות,1621,3642,,,,,"אני קופץ אליכם לרבע שעה ומראה לבריסטה את אייס אובה מאצ'ה על Shizuoka Ceremonial Matcha Bag 500g — ₪4.96 עלות רכיבים לכוס, ₪28 בתפריט, 79% רווח. אם זה עובד, אני מוסיף את זה למשלוח הקרוב.",,,
2026-12-20,ראשון,תום,משימת מערכת,משימת מערכת,לוח התוצאות השבועי — q4_scoreboard.py,—,—,,,,,,,,,,,,,,,,נקרא עם תמונת התזרים של ראשון,,
2026-12-20,ראשון,תום,וואטסאפ — תום,סגירת שנה — הזמנה חוזרת,"ברדא פוראבר בע""מ",T3,עומק,ספיישלטי,צפון,שלישי,סנגריה ורודה 1 ל׳ ₪45,GTCC-PIN-SAN-1L,NAMASTEA 1 ל׳ ₪65 · מחית תות ₪60,,תפריט הקטגוריה של המשפחה,9103,18123,,,,,,,,
2026-12-20,ראשון,תום,וואטסאפ — תום,סגירת שנה — הזמנה חוזרת,"הרואה בקפה בע""מ",T3,החלפת מוזה,מעורב,צפון,שלישי,CALM 1 ל׳ ₪65,GT-CHA-LOW-1L,FRESH 1 ל׳ ₪65 ⚠מלאי0 · סנגריה ורודה 1 ל׳ ₪45,M2 מיקסר במקום קוקטייל · M3 סנגריה ורודה,כרטיסי הגשה FRESH/CALM · מפת המעבר ממוזה · דף סנגריה ורודה,19500,14578,13200,10515,,,,,,
2026-12-20,ראשון,תום,וואטסאפ — תום,סגירת שנה — הזמנה חוזרת,"לופן בייקרי בע""מ",T3,עומק,ספיישלטי,צפון,שלישי,NAMASTEA 1 ל׳ ₪65,GT-MAS-CHA-1L,מחית תות ₪60 · FRESH 1 ל׳ ₪65 ⚠מלאי0,,תפריט הקטגוריה של המשפחה,3282,14408,,,,,,,,
2026-12-20,ראשון,תום,וואטסאפ — תום,סגירת שנה — הזמנה חוזרת,"כרמלים בשכונה בע""מ",T3,עומק,בר,צפון,שלישי,סנגריה ורודה 1 ל׳ ₪45,GTCC-PIN-SAN-1L,,,תפריט הקטגוריה של המשפחה,2455,12706,,,,,,,,
2026-12-20,ראשון,תום,וואטסאפ — תום,סגירת שנה — הזמנה חוזרת,דורה,T3,החלפת מוזה,מעורב,צפון,שלישי,CALM 1 ל׳ ₪65,GT-CHA-LOW-1L,FRESH 1 ל׳ ₪65 ⚠מלאי0 · סנגריה ורודה 1 ל׳ ₪45,M2 מיקסר במקום קוקטייל · M3 סנגריה ורודה,כרטיסי הגשה FRESH/CALM · מפת המעבר ממוזה · דף סנגריה ורודה,1432,11351,1432,1141,,,,,,
2026-12-20,ראשון,תום,וואטסאפ — תום,סגירת שנה — הזמנה חוזרת,Amore,T3,רוחב,תה בלבד,צפון,שלישי,ENERGY 1 ל׳ ₪65,GT-LEM-LOW-1L,REVIVE 1 ל׳ ₪65,,תפריט קטגוריה · כרטיס מתכון · דף ציוד לאבקות,1693,10953,,,,,,,,
2026-12-20,ראשון,תום,וואטסאפ — תום,סגירת שנה — הזמנה חוזרת,בריסטה (וגדי טריף),T3,רוחב,ספיישלטי,צפון,שלישי,מחית תות ₪60,GT-ODK-STR-1,UBE 1ק״ג ₪340 · DETOX 1 ל׳ ₪65 ⚠מלאי0,,תפריט קטגוריה · כרטיס מתכון · דף ציוד לאבקות,4205,9835,,,,,,,,
2026-12-20,ראשון,תום,וואטסאפ — תום,סגירת שנה — הזמנה חוזרת,"או.ש בייק אנד ברד בע""מ (Bake &amp; Bread)",T3,רוחב,תה בלבד,צפון,שלישי,CONSCIOUSNESS 1 ל׳ ₪65,GT-JAS-LOW-1L,REVIVE 1 ל׳ ₪65,,תפריט קטגוריה · כרטיס מתכון · דף ציוד לאבקות,1092,9565,,,,,,,,
2026-12-20,ראשון,תום,וואטסאפ — תום,סגירת שנה — הזמנה חוזרת,אבני עמית ואלפסי שחף (קפה דאז),T3,רוחב,מעורב,צפון,שלישי,DETOX 1 ל׳ ₪65 ⚠מלאי0,GT-LUI-LOW-1L,,,תפריט קטגוריה · כרטיס מתכון · דף ציוד לאבקות,2151,9314,,,,,,,,
2026-12-21,שני,אבי,פגישה — אלכס + אבי,מעקב 2 — סגירה,דניאל שור (קפה פיורי),T1,עומק,ספיישלטי,מרכז,ראשון/שני/חמישי,DESERTEA 1 ל׳ ₪65,GT-INF-DES-1L,DETOX 1 ל׳ ₪65 ⚠מלאי0 · FRESH 1 ל׳ ₪65 ⚠מלאי0,,תפריט הקטגוריה של המשפחה,6359,53967,,,,,אני מוסיף Desert Infusion 1000ml — יחידה אחת למשלוח הקרוב שלכם. שום דבר אחר בהזמנה לא משתנה.,,,
2026-12-21,שני,תום,וואטסאפ — תום,סגירת שנה — הזמנה חוזרת,ג׳וליה בייקרי,T3,עומק,ספיישלטי,דרום,רביעי,GT-HIB-FRE-1L,GT-HIB-FRE-1L,,,תפריט הקטגוריה של המשפחה,560,9287,,,,,,,,
2026-12-21,שני,תום,וואטסאפ — תום,סגירת שנה — הזמנה חוזרת,עגלת קפה פרנצ'י (גל פרץ),T3,עומק,מעורב,דרום,רביעי,סנגריה ורודה 1 ל׳ ₪45,GTCC-PIN-SAN-1L,,,תפריט הקטגוריה של המשפחה,1094,9080,,,,,,,,
2026-12-22,שלישי,תום,משימת מערכת,משימת מערכת,"סבב מעקב — מי לא ענה, מי הבטיח ולא הזמין",—,—,,,,,,,,,,,,,,,,חלון פנוי,,
2026-12-23,רביעי,אלכס,משימת מערכת,משימת מערכת,13:00 עם תום — 10 דקות על היעדים,—,—,,,,,,,,,,,,,,,,בפגישה שכבר קיימת,,
2026-12-24,חמישי,תום,משימת מערכת,משימת מערכת,"סבב מעקב — מי לא ענה, מי הבטיח ולא הזמין",—,—,,,,,,,,,,,,,,,,חלון פנוי,,
2026-12-27,ראשון,תום,וואטסאפ — תום,וואטסאפ 3 — סגירה,מיקא עגלות קפה (שון בר שלמה),T3,רוחב,ספיישלטי,צפון,שלישי,מאצ׳ה 500g ₪590,GT-SHI-CER-500,,,תפריט קטגוריה · כרטיס מתכון · דף ציוד לאבקות,1322,2970,,,,,"אני קופץ אליכם לרבע שעה ומראה לבריסטה את אייס מאצ'ה קלאסי על Shizuoka Ceremonial Matcha Bag 500g — ₪4.26 עלות רכיבים לכוס, ₪26 בתפריט, 81% רווח. אם זה עובד, אני מוסיף את זה למשלוח הקרוב.",,,
2026-12-27,ראשון,תום,וואטסאפ — תום,וואטסאפ 3 — סגירה,איתי גוטליב עגלת קפה מישקא,T3,רוחב,תה בלבד,צפון,שלישי,FRESH 1 ל׳ ₪65 ⚠מלאי0,GT-HIB-LOW-1L,,,תפריט קטגוריה · כרטיס מתכון · דף ציוד לאבקות,1296,6478,,,,,"אני קופץ אליכם לרבע שעה ומראה לבריסטה את חליטת היביסקוס וליים על FRESH 1000ml — ₪3.25 עלות רכיבים לכוס, ₪20 בתפריט, 81% רווח. אם זה עובד, אני מוסיף את זה למשלוח הקרוב.",,,
2026-12-27,ראשון,תום,וואטסאפ — תום,וואטסאפ 3 — סגירה,אירוח והסעדה,T3,רוחב,ספיישלטי,צפון,שלישי,מאצ׳ה 500g ₪590,GT-SHI-CER-500,,,תפריט קטגוריה · כרטיס מתכון · דף ציוד לאבקות,1198,2691,,,,,"אני קופץ אליכם לרבע שעה ומראה לבריסטה את אייס מאצ'ה קלאסי על Shizuoka Ceremonial Matcha Bag 500g — ₪4.26 עלות רכיבים לכוס, ₪26 בתפריט, 81% רווח. אם זה עובד, אני מוסיף את זה למשלוח הקרוב.",,,
2026-12-27,ראשון,תום,וואטסאפ — תום,וואטסאפ 3 — סגירה,"בייקרי מקבוצת סינטה בר חיפה בע""מ",T3,רוחב,ספיישלטי,צפון,שלישי,מחית תות ₪60,GT-ODK-STR-1,FRESH 1 ל׳ ₪65 ⚠מלאי0,,תפריט קטגוריה · כרטיס מתכון · דף ציוד לאבקות,1185,7092,,,,,"אני קופץ אליכם לרבע שעה ומראה לבריסטה את אייס מאצ'ה תות על ODK Strawberry Smoothie 1000ml — ₪6.46 עלות רכיבים לכוס, ₪39 בתפריט, 80% רווח. אם זה עובד, אני מוסיף את זה למשלוח הקרוב.",,,
2026-12-27,ראשון,תום,וואטסאפ — תום,וואטסאפ 3 — סגירה,"או.ש בייק אנד ברד בע""מ (Bake &amp; Bread)",T3,רוחב,תה בלבד,צפון,שלישי,CONSCIOUSNESS 1 ל׳ ₪65,GT-JAS-LOW-1L,REVIVE 1 ל׳ ₪65,,תפריט קטגוריה · כרטיס מתכון · דף ציוד לאבקות,1092,9565,,,,,"אני קופץ אליכם לרבע שעה ומראה לבריסטה את חליטת יסמין וליצ'י על CONSCIOUSNESS 1000ml — ₪3.25 עלות רכיבים לכוס, ₪20 בתפריט, 81% רווח. אם זה עובד, אני מוסיף את זה למשלוח הקרוב.",,,
2026-12-27,ראשון,תום,וואטסאפ — תום,וואטסאפ 3 — סגירה,סברס חנויות נוחות (אלירן ואטורי),T3,רוחב,ספיישלטי,דרום,רביעי,מחית תות ₪60,GT-ODK-STR-1,,,תפריט קטגוריה · כרטיס מתכון · דף ציוד לאבקות,1023,11515,,,,,"אני קופץ אליכם לרבע שעה ומראה לבריסטה את אייס מאצ'ה תות על ODK Strawberry Smoothie 1000ml — ₪6.46 עלות רכיבים לכוס, ₪39 בתפריט, 80% רווח. אם זה עובד, אני מוסיף את זה למשלוח הקרוב.",,,
2026-12-27,ראשון,תום,וואטסאפ — תום,וואטסאפ 3 — סגירה,י.ח שרותי מזון בע״מ (בייקרי ויצ'ינו נתניה),T3,רוחב,תה בלבד,צפון,שלישי,DETOX 1 ל׳ ₪65 ⚠מלאי0,GT-LUI-LOW-1L,,,תפריט קטגוריה · כרטיס מתכון · דף ציוד לאבקות,949,2996,,,,,"אני קופץ אליכם לרבע שעה ומראה לבריסטה את חליטת תות לואיזה על DETOX 1000ml — ₪4.80 עלות רכיבים לכוס, ₪31 בתפריט, 82% רווח. אם זה עובד, אני מוסיף את זה למשלוח הקרוב.",,,
2026-12-27,ראשון,תום,וואטסאפ — תום,וואטסאפ 3 — סגירה,"קיוסקפה נוש בע""מ",T3,רוחב,תה בלבד,צפון,שלישי,NAMASTEA 1 ל׳ ₪65,GT-MAS-CHA-1L,,,תפריט קטגוריה · כרטיס מתכון · דף ציוד לאבקות,909,7459,,,,,"אני קופץ אליכם לרבע שעה ומראה לבריסטה את לימונדת צ'אי מסאלה על NAMASTEA 1000ml — ₪3.95 עלות רכיבים לכוס, ₪22 בתפריט, 79% רווח. אם זה עובד, אני מוסיף את זה למשלוח הקרוב.",,,
2026-12-27,ראשון,תום,וואטסאפ — תום,וואטסאפ 3 — סגירה,"שחר לחמים בע""מ (לחם שחר)",T3,רוחב,תה בלבד,צפון,שלישי,NAMASTEA 1 ל׳ ₪65,GT-MAS-CHA-1L,,,תפריט קטגוריה · כרטיס מתכון · דף ציוד לאבקות,616,5056,,,,,"אני קופץ אליכם לרבע שעה ומראה לבריסטה את אייס מאצ'ה מסאלה על NAMASTEA 1000ml — ₪6.86 עלות רכיבים לכוס, ₪37 בתפריט, 78% רווח. אם זה עובד, אני מוסיף את זה למשלוח הקרוב.",,,
2026-12-27,ראשון,תום,משימת מערכת,משימת מערכת,לוח התוצאות השבועי — q4_scoreboard.py,—,—,,,,,,,,,,,,,,,,נקרא עם תמונת התזרים של ראשון,,
2026-12-28,שני,אבי,פגישה — אלכס + אבי,מעקב 2 — סגירה,בני ככר,T1,עומק,תה בלבד,מרכז,ראשון/שני/חמישי,GT-LEM-LOW-0.5L,GT-LEM-LOW-0.5L,REVIVE 1 ל׳ ₪65 · DESERTEA 1 ל׳ ₪65,,תפריט הקטגוריה של המשפחה,5464,50142,,,,,אני מוסיף ENERGY 500ml — 3 יחידות לסניף (6 לרשת) למשלוח הקרוב שלכם. שום דבר אחר בהזמנה לא משתנה.,,,
2026-12-29,שלישי,תום,משימת מערכת,משימת מערכת,"סגירת שנה — מה נסגר מתוך ₪776,534",—,—,,,,,,,,,,,,,,,,,,
2026-12-30,רביעי,אלכס,משימת מערכת,משימת מערכת,13:00 עם תום — 10 דקות על היעדים,—,—,,,,,,,,,,,,,,,,בפגישה שכבר קיימת,,
2026-12-31,חמישי,תום,משימת מערכת,משימת מערכת,"סבב מעקב — מי לא ענה, מי הבטיח ולא הזמין",—,—,,,,,,,,,,,,,,,,חלון פנוי,,
